model,product_id,label,group,proba_mean,flag_rate,rank_frac_median
random_score,1211,0,0,0.5604584941384655,0.0,0.4385593220338983
random_score,1212,0,0,0.5589399125859279,0.1,0.5846567440535537
random_score,1213,0,1,0.5358814527784002,0.0,0.4092187722546646
random_score,1214,0,1,0.4171679439167663,0.0,0.685443668993021
random_score,1215,0,2,0.535419981019097,0.1,0.40927218344965105
random_score,1216,0,2,0.6070399603494465,0.0,0.4258474576271186
random_score,1217,0,3,0.5289529910876617,0.0,0.4872881355932204
random_score,1218,0,3,0.40155626552761203,0.0,0.6440677966101696
random_score,1219,0,4,0.46336866042249997,0.0,0.44290343255946446
random_score,1220,0,4,0.478397486967954,0.1,0.5421236291126621
random_score,1221,0,5,0.5158502838241464,0.0,0.4766949152542373
random_score,1222,0,5,0.33702643896559537,0.0,0.7330508474576272
random_score,1223,0,6,0.33699616349635486,0.0,0.6292372881355932
random_score,1224,0,6,0.6289572913493625,0.1,0.3168174049280729
random_score,1225,0,7,0.720398454354175,0.1,0.22033898305084748
random_score,1226,0,7,0.5978864346672365,0.0,0.3686440677966102
random_score,1227,0,8,0.5225303035063971,0.1,0.6228813559322034
random_score,1228,0,8,0.5994573384358427,0.0,0.34957627118644063
random_score,1229,0,9,0.482088812834984,0.0,0.5127118644067796
random_score,1230,0,9,0.4643689679447549,0.1,0.5987394957983193
random_score,1231,0,10,0.4420476187477034,0.0,0.5677966101694916
random_score,1232,0,10,0.43187650264397703,0.0,0.7245762711864406
random_score,1233,0,11,0.6048738410231229,0.1,0.34957627118644063
random_score,1234,0,11,0.4727155956140307,0.2,0.6122881355932204
random_score,1235,0,12,0.5658740582929369,0.0,0.3728813559322034
random_score,1236,0,12,0.6130665681479222,0.0,0.4470338983050848
random_score,1237,0,13,0.4884162655739995,0.1,0.5233050847457628
random_score,1238,0,13,0.7309954359253582,0.0,0.1843220338983051
random_score,1239,0,14,0.4514731493760852,0.0,0.4957627118644068
random_score,1240,0,14,0.41699544208142036,0.0,0.548728813559322
random_score,1241,0,15,0.5071434288224815,0.0,0.4830508474576271
random_score,1242,0,15,0.3518123384540658,0.0,0.728813559322034
random_score,1243,0,16,0.4582934028594524,0.0,0.45581113801452783
random_score,1244,0,16,0.6499068377735783,0.0,0.2690677966101695
random_score,1245,0,17,0.3898433936696598,0.0,0.6515631676399374
random_score,1246,0,17,0.468683676627107,0.0,0.5822888477424868
random_score,1247,0,18,0.4564833313390827,0.0,0.5338983050847458
random_score,1248,0,18,0.5707017855064623,0.0,0.3771186440677966
random_score,1249,0,19,0.6327377010154731,0.0,0.2033898305084746
random_score,1250,0,19,0.2786788965697231,0.0,0.7817796610169492
random_score,1251,0,20,0.5988873733176264,0.0,0.3837416322461188
random_score,1252,0,20,0.7120585767873238,0.0,0.2521186440677966
random_score,1253,0,21,0.5471858331916939,0.1,0.4491525423728814
random_score,1254,0,21,0.4607072516743262,0.0,0.614406779661017
random_score,1255,0,22,0.6288030137855449,0.0,0.31444950861700616
random_score,1256,0,22,0.6076830552416472,0.0,0.35830009970089727
random_score,1257,0,23,0.4086532280102964,0.0,0.5529661016949152
random_score,1258,0,23,0.4173774590233933,0.0,0.7330508474576272
random_score,1259,0,24,0.44099516662294713,0.0,0.527542372881356
random_score,1260,0,24,0.5579356099630524,0.0,0.4936440677966102
random_score,1261,0,25,0.45605283867854174,0.0,0.5423728813559323
random_score,1262,0,25,0.44862969230367816,0.0,0.5192992451217775
random_score,1263,0,26,0.6137715435579097,0.0,0.2584745762711864
random_score,1264,0,26,0.6214410558046792,0.1,0.3135593220338983
random_score,1265,0,27,0.4519138148952141,0.0,0.6546610169491526
random_score,1266,0,27,0.3945487427552433,0.1,0.7669491525423728
random_score,1267,0,28,0.5862775063523555,0.0,0.4325238570004273
random_score,1268,0,28,0.4568228321541887,0.0,0.6080508474576272
random_score,1269,0,29,0.5560538535101827,0.1,0.44279661016949157
random_score,1270,0,29,0.3376632916923916,0.0,0.6843220338983051
random_score,1271,0,30,0.4276699251993693,0.0,0.5995762711864407
random_score,1272,0,30,0.43391479693726503,0.0,0.49154322746047574
random_score,1273,0,31,0.5751748501788542,0.0,0.3728813559322034
random_score,1274,0,31,0.4794160441008869,0.0,0.4173728813559322
random_score,1275,0,32,0.4708682265748624,0.0,0.527542372881356
random_score,1276,0,32,0.4716463649890198,0.0,0.5338983050847458
random_score,1277,0,33,0.4157517488467876,0.0,0.7049209514314201
random_score,1278,0,33,0.3849681110101644,0.0,0.614406779661017
random_score,1279,0,34,0.6912368326569347,0.1,0.2330508474576271
random_score,1280,0,34,0.5495062964437436,0.0,0.413135593220339
random_score,1281,0,35,0.46806109184719846,0.0,0.4533898305084746
random_score,1282,0,35,0.659128575464341,0.1,0.260593220338983
random_score,1283,0,36,0.6917635457572586,0.0,0.2627118644067797
random_score,1284,0,36,0.6376952528436448,0.0,0.33321464178891896
random_score,1285,0,37,0.38965554614368825,0.0,0.5783898305084746
random_score,1286,0,37,0.4899882735030262,0.0,0.489406779661017
random_score,1287,0,38,0.5685606743676666,0.1,0.36704173194701606
random_score,1288,0,38,0.6028048077436522,0.1,0.35237145705739925
random_score,1289,0,39,0.5885673919019128,0.0,0.43432203389830504
random_score,1290,0,39,0.6067587769897557,0.0,0.3793797179888905
random_score,1291,0,40,0.47163869289895527,0.0,0.3919491525423729
random_score,1292,0,40,0.5402992810098884,0.1,0.576271186440678
random_score,1293,0,41,0.5850919916307172,0.0,0.45356786782509617
random_score,1294,0,41,0.5112839469279078,0.0,0.44963324312775954
random_score,1295,0,42,0.627635131388683,0.0,0.2923728813559322
random_score,1296,0,42,0.5943575359101333,0.1,0.3411016949152542
random_score,1297,0,43,0.5092680012943869,0.0,0.4385593220338983
random_score,1298,0,43,0.5498641577435484,0.0,0.5084745762711864
random_score,1299,0,44,0.24547106256613374,0.0,0.8855932203389831
random_score,1300,0,44,0.3787082961866302,0.0,0.5990065517732517
random_score,1301,0,45,0.5963957549552892,0.1,0.30168423301523994
random_score,1302,0,45,0.5645792994340771,0.0,0.5783898305084746
random_score,1303,0,46,0.5353136235959326,0.0,0.5360169491525424
random_score,1304,0,46,0.4315855665744319,0.0,0.5508474576271186
random_score,1305,0,47,0.6685419504255393,0.1,0.3479917390685088
random_score,1306,0,47,0.4660559601436637,0.0,0.5316016237003276
random_score,1307,0,48,0.3940950846375774,0.0,0.521186440677966
random_score,1308,0,48,0.5161867234572662,0.1,0.3904358353510896
random_score,1309,0,49,0.4706395547133549,0.0,0.5844074918102835
random_score,1310,0,49,0.31855231575482346,0.0,0.8143070787637088
random_score,1311,0,50,0.6526586639491154,0.0,0.288135593220339
random_score,1312,0,50,0.45177102945226616,0.0,0.5424262925509187
random_score,1313,0,51,0.5446193968796432,0.0,0.3241525423728814
random_score,1314,0,51,0.4292259120830318,0.0,0.6309998575701468
random_score,1315,0,52,0.42350623940036297,0.0,0.7245762711864407
random_score,1316,0,52,0.5585289265115132,0.0,0.4597457627118644
random_score,1317,0,53,0.4331831927970275,0.0,0.5529661016949152
random_score,1318,0,53,0.5807067990206181,0.1,0.3241525423728814
random_score,1319,0,54,0.4830918907311205,0.1,0.5889830508474576
random_score,1320,0,54,0.38183749973945813,0.0,0.6708980202250392
random_score,1321,0,55,0.4995237474359439,0.0,0.43432203389830504
random_score,1322,0,55,0.3983319302337633,0.0,0.6271186440677966
random_score,1323,0,56,0.37782806085643,0.0,0.7245762711864407
random_score,1324,0,56,0.6234111482955347,0.0,0.297357926221336
random_score,1325,0,57,0.583499459879141,0.1,0.25512747471870106
random_score,1326,0,57,0.6047688358929099,0.0,0.3382352941176471
random_score,1327,0,58,0.5628655479880278,0.0,0.38983050847457623
random_score,1328,0,58,0.5035192018399238,0.2,0.5741525423728814
random_score,1329,0,59,0.5782858921371208,0.1,0.44957983193277307
random_score,1330,0,59,0.6340103097105094,0.0,0.3060995584674548
random_score,1331,0,60,0.49691433232388416,0.0,0.451271186440678
random_score,1332,0,60,0.5687814475586992,0.0,0.4936440677966102
random_score,1333,0,61,0.697104488480095,0.0,0.23516949152542374
random_score,1334,0,61,0.5026971968672953,0.0,0.5233050847457628
random_score,1335,0,62,0.5770820877276607,0.0,0.3461401509756445
random_score,1336,0,62,0.44586005216724567,0.0,0.6440677966101696
random_score,1337,0,63,0.5325042461925789,0.0,0.4830508474576271
random_score,1338,0,63,0.37126037108768645,0.0,0.6504237288135594
random_score,1339,0,64,0.3957939903018142,0.0,0.7161016949152543
random_score,1340,0,64,0.40872308829288,0.0,0.635593220338983
random_score,1341,0,65,0.5244468958589319,0.0,0.5406103119213788
random_score,1342,0,65,0.5513022092529855,0.0,0.41349166785358216
random_score,1343,0,66,0.6361929070301839,0.0,0.3305084745762712
random_score,1344,0,66,0.4252310587674623,0.0,0.6793904002278878
random_score,1345,0,67,0.5964181570108651,0.0,0.3389830508474576
random_score,1346,0,67,0.3856356191155979,0.0,0.6055227175616009
random_score,1347,1,68,0.5499932495608129,0.1,0.32709015809713715
random_score,1348,0,68,0.5669876941760801,0.0,0.4004237288135593
random_score,1349,0,69,0.5146784476562598,0.0,0.4682203389830508
random_score,1350,0,69,0.5012123014674204,0.0,0.552699045719983
random_score,1351,0,70,0.3918403182969207,0.0,0.6355932203389831
random_score,1352,0,71,0.5112903668315546,0.0,0.43907563025210083
random_score,1353,0,70,0.5387660193071434,0.0,0.4491525423728814
random_score,1354,0,71,0.5148307986378462,0.0,0.5466101694915254
random_score,1355,0,72,0.5497217772695986,0.0,0.5314057826520439
random_score,1356,0,72,0.6994910534516631,0.1,0.22781655034895315
random_score,1357,0,73,0.36434082196151574,0.0,0.7174191710582538
random_score,1358,0,73,0.6482605190377987,0.0,0.2288135593220339
random_score,1359,0,74,0.41918225161519496,0.1,0.6053980914399658
random_score,1360,0,74,0.6176460243311175,0.0,0.2827054550633813
random_score,1361,0,75,0.4452551250866083,0.0,0.5608531548212505
random_score,1362,0,75,0.5566145274229723,0.0,0.4258474576271186
random_score,1363,0,76,0.44907717685494736,0.0,0.4809322033898305
random_score,1364,0,76,0.48079917575482733,0.0,0.597457627118644
random_score,1365,0,77,0.4493092201277443,0.0,0.5671912832929782
random_score,1366,0,77,0.5610284300099669,0.0,0.30405212932630676
random_score,1367,0,78,0.5567137437922498,0.2,0.5656779661016949
random_score,1368,0,78,0.41685161911794966,0.0,0.5987394957983194
random_score,1369,0,79,0.46000983615044316,0.0,0.5932203389830508
random_score,1370,0,79,0.5691651885088936,0.0,0.3813559322033898
random_score,1371,1,80,0.38987086490301986,0.0,0.6581149408916109
random_score,1372,0,80,0.5947388504477862,0.0,0.413135593220339
random_score,1373,0,81,0.6080624056074913,0.0,0.34957627118644063
random_score,1374,0,81,0.5869543981503781,0.1,0.4152542372881356
random_score,1375,0,82,0.5856887706985099,0.0,0.43248824953710296
random_score,1376,0,82,0.5529942359280576,0.0,0.5082787352229027
random_score,1377,0,83,0.4341075294144119,0.0,0.4661016949152542
random_score,1378,0,83,0.5966699713776566,0.0,0.3114406779661017
random_score,1379,0,84,0.5480321051979576,0.0,0.4343220338983051
random_score,1380,0,84,0.6319535757169608,0.1,0.26194630394530694
random_score,1381,1,85,0.45787821772660064,0.0,0.5783898305084746
random_score,1382,0,85,0.6387523733615337,0.1,0.2975359635379575
random_score,1383,0,86,0.39172099579157155,0.0,0.6716101694915255
random_score,1384,0,86,0.48346700163740663,0.1,0.5720338983050848
random_score,1385,0,87,0.5875363314247766,0.0,0.2796610169491526
random_score,1386,0,87,0.48697897810039514,0.0,0.527542372881356
random_score,1387,0,88,0.48975567238761564,0.0,0.4684873949579832
random_score,1388,0,88,0.6860630525803835,0.0,0.2782901296111665
random_score,1389,0,89,0.6789857501009496,0.1,0.2288135593220339
random_score,1390,0,89,0.41512554862298384,0.0,0.6313559322033899
random_score,1391,0,90,0.5895709518952101,0.0,0.35169491525423724
random_score,1392,0,90,0.4244185671748947,0.0,0.746813132032474
random_score,1393,0,91,0.4785088821750083,0.0,0.6885593220338984
random_score,1394,0,91,0.5089839692347731,0.0,0.48516949152542377
random_score,1395,0,92,0.6432457895495668,0.0,0.22245762711864409
random_score,1396,0,92,0.41842041505443583,0.0,0.7215496368038741
random_score,1397,0,93,0.3974670899833183,0.1,0.614406779661017
random_score,1398,0,93,0.3341688712406222,0.0,0.7070039880358923
random_score,1399,0,94,0.5886651055353792,0.0,0.27754237288135597
random_score,1400,0,94,0.6023558945414428,0.0,0.36764705882352944
random_score,1401,0,95,0.53188186457072,0.0,0.4470338983050848
random_score,1402,0,95,0.5252383425194469,0.0,0.4303161942743199
random_score,1403,0,96,0.5869342644435157,0.1,0.4152542372881356
random_score,1404,0,96,0.478186046473159,0.0,0.4322033898305085
random_score,1405,0,97,0.4973856982141317,0.1,0.5360169491525424
random_score,1406,0,97,0.46955814861374945,0.0,0.5190677966101694
random_score,1407,0,98,0.36768109545146815,0.0,0.673728813559322
random_score,1408,0,98,0.4283021983742006,0.0,0.673728813559322
random_score,1409,0,99,0.4504607321477364,0.0,0.6101694915254237
random_score,1410,0,99,0.5142138091670128,0.0,0.4279661016949153
random_score,1411,0,100,0.7040961353065487,0.1,0.20588235294117646
random_score,1412,0,100,0.535293742711598,0.0,0.45611380145278446
random_score,1413,0,101,0.49471373060830126,0.0,0.4703389830508475
random_score,1414,0,101,0.27536102271535884,0.0,0.7933164791340265
random_score,1415,1,102,0.5593620612424834,0.0,0.3559322033898305
random_score,1416,0,102,0.4485224394320791,0.0,0.4765702891326022
random_score,1417,0,103,0.6053754807671041,0.0,0.3728813559322034
random_score,1418,0,103,0.5484256425010463,0.0,0.43398376299672414
random_score,1419,0,104,0.7031361752853594,0.1,0.298728813559322
random_score,1420,0,104,0.5399034440012701,0.0,0.3458196838057257
random_score,1421,0,105,0.4108869388971709,0.0,0.6864406779661016
random_score,1422,0,105,0.5701583991218607,0.0,0.603813559322034
random_score,1423,0,106,0.44156422916210614,0.0,0.6177182737501781
random_score,1424,0,106,0.74391224038644,0.0,0.2521186440677966
random_score,1425,0,107,0.28785010742663963,0.0,0.8220338983050848
random_score,1426,0,107,0.47680114042286253,0.0,0.5800811850163794
random_score,1427,0,108,0.5991942616966691,0.0,0.2260717846460618
random_score,1428,0,108,0.5678221580957973,0.0,0.3918779376157243
random_score,1429,0,109,0.3567066565403529,0.0,0.722457627118644
random_score,1430,0,109,0.5352927306668012,0.0,0.45168067226890757
random_score,1431,0,110,0.6209481981666576,0.0,0.27659877510326164
random_score,1432,0,110,0.39726774673026477,0.0,0.7076271186440678
random_score,1433,0,111,0.5730088669446659,0.1,0.33570716422162084
random_score,1434,0,111,0.609039192052225,0.0,0.3290663723116365
random_score,1435,0,112,0.5850102469878158,0.1,0.3313452499643925
random_score,1436,0,112,0.37786521085995456,0.0,0.6334745762711864
random_score,1437,0,113,0.5952834906579942,0.1,0.37111878649764996
random_score,1438,0,113,0.5232667347192198,0.1,0.5444915254237288
random_score,1439,0,114,0.553389741950501,0.0,0.4285714285714286
random_score,1440,0,114,0.43707842291347154,0.0,0.5677966101694916
random_score,1441,0,115,0.5581958488564521,0.0,0.4654429568437545
random_score,1442,0,115,0.5697270188256504,0.0,0.4661016949152542
random_score,1443,0,116,0.35488290542891804,0.0,0.6949152542372882
random_score,1444,0,116,0.6009051828423082,0.0,0.34986113089303517
random_score,1445,0,117,0.38116461604385565,0.0,0.7531156530408774
random_score,1446,0,117,0.4640286703419479,0.0,0.4009222333000997
random_score,1447,0,118,0.4541398093776582,0.0,0.5567404928072923
random_score,1448,0,118,0.5282635383429877,0.0,0.423728813559322
random_score,1449,0,119,0.3460025306494194,0.0,0.7076271186440678
random_score,1450,0,119,0.5475621942739443,0.1,0.4915254237288136
random_score,1451,0,120,0.49167089382682583,0.0,0.5741525423728814
random_score,1452,0,120,0.47865520844628273,0.0,0.646186440677966
random_score,1453,0,121,0.4895755542047107,0.0,0.5529661016949152
random_score,1454,0,121,0.5307232869182348,0.0,0.3728813559322034
random_score,1455,1,122,0.4566084658812689,0.0,0.5805084745762712
random_score,1456,0,122,0.5441641645669592,0.0,0.5758438968807862
random_score,1457,0,123,0.5450874880835671,0.0,0.3775637373593505
random_score,1458,0,123,0.3963448510640023,0.0,0.663135593220339
random_score,1459,0,124,0.5106085693132085,0.1,0.46975145990599626
random_score,1460,0,124,0.6215374892440984,0.0,0.36289346246973364
random_score,1461,0,125,0.48952543879789745,0.0,0.4957627118644068
random_score,1462,0,125,0.33729912913553894,0.0,0.7182203389830508
random_score,1463,0,126,0.663077669891317,0.2,0.3474576271186441
random_score,1464,0,126,0.6121870409383869,0.0,0.3186333855576129
random_score,1465,0,127,0.4051587602408097,0.0,0.646186440677966
random_score,1466,0,127,0.46985347402422317,0.0,0.6228813559322033
random_score,1467,0,128,0.3815103206149111,0.0,0.7551986896453498
random_score,1468,0,128,0.4513884931742932,0.0,0.4812882780230736
random_score,1469,0,129,0.2708581853631114,0.0,0.8559322033898306
random_score,1470,0,129,0.5107416491953154,0.0,0.4682203389830508
random_score,1471,0,130,0.5304071561049069,0.1,0.4258474576271186
random_score,1472,0,130,0.49179653348245134,0.0,0.4894067796610169
random_score,1473,0,131,0.39301919320157547,0.0,0.6899480131035465
random_score,1474,0,131,0.22285949204514485,0.0,0.8326271186440678
random_score,1475,0,132,0.41685252085562396,0.0,0.6008403361344539
random_score,1476,0,132,0.4276170247650247,0.0,0.5547464748611309
random_score,1477,0,133,0.7076914784410407,0.1,0.19703389830508475
random_score,1478,0,133,0.4634568089059786,0.0,0.6202464036462043
random_score,1479,0,134,0.5160722431467554,0.0,0.46647557328015954
random_score,1480,0,134,0.42656480537113933,0.0,0.5885379575559038
random_score,1481,0,135,0.4890372513844407,0.0,0.4368323600626691
random_score,1482,0,135,0.5077512353296558,0.0,0.645492095143142
random_score,1483,0,136,0.5244687501935363,0.0,0.5360169491525424
random_score,1484,0,136,0.6179399180045192,0.0,0.3940677966101695
random_score,1485,0,137,0.5120741424801306,0.0,0.527542372881356
random_score,1486,0,137,0.6334739584715442,0.0,0.31991525423728817
random_score,1487,0,138,0.3430206077676087,0.0,0.7351694915254237
random_score,1488,0,138,0.6480645546152317,0.0,0.298728813559322
random_score,1489,0,139,0.640274905267049,0.0,0.23728813559322035
random_score,1490,0,139,0.5121239188952708,0.0,0.5084745762711864
random_score,1491,0,140,0.5557440209246993,0.0,0.4067796610169491
random_score,1492,0,140,0.504131769555111,0.0,0.47058823529411764
random_score,1493,0,141,0.4495753528637709,0.0,0.5783898305084746
random_score,1494,0,141,0.40849976555670714,0.0,0.5889830508474576
random_score,1495,0,142,0.4131374554779431,0.0,0.7139830508474576
random_score,1496,0,142,0.5429248503138691,0.0,0.3983050847457627
random_score,1497,0,143,0.542340398682168,0.0,0.5593220338983051
random_score,1498,0,143,0.647339979666444,0.0,0.4279661016949152
random_score,1499,0,144,0.4222142649012299,0.0,0.576271186440678
random_score,1500,0,144,0.567348671280657,0.0,0.4809322033898305
random_score,1501,0,145,0.41752309412361077,0.0,0.6673728813559322
random_score,1502,0,145,0.35729348238803343,0.0,0.6822033898305084
random_score,1503,0,146,0.5703508816975272,0.0,0.3432203389830508
random_score,1504,0,146,0.481821393600125,0.0,0.47217276741204955
random_score,1505,0,147,0.6860122123084431,0.0,0.336864406779661
random_score,1506,0,147,0.5103039227369155,0.1,0.5317796610169492
random_score,1507,0,148,0.489670149745685,0.1,0.5614406779661016
random_score,1508,0,148,0.7304107350622349,0.0,0.1906779661016949
random_score,1509,0,149,0.5364047528327802,0.0,0.3411016949152542
random_score,1510,0,149,0.42216697954406646,0.0,0.5655533399800599
random_score,1511,1,150,0.5586761096663903,0.0,0.41577054550633813
random_score,1512,0,150,0.38133902630875494,0.0,0.6758474576271186
random_score,1513,0,151,0.48553738557955917,0.0,0.461864406779661
random_score,1514,0,151,0.5789419247814699,0.1,0.4046610169491526
random_score,1515,1,152,0.593185826493415,0.2,0.3686440677966102
random_score,1516,0,152,0.49992102546230976,0.0,0.5169491525423728
random_score,1517,0,153,0.5396672552706477,0.0,0.5609243697478992
random_score,1518,0,153,0.4745542838926742,0.0,0.5656779661016949
random_score,1519,0,154,0.4654122090808549,0.1,0.5403432559464464
random_score,1520,0,154,0.45430576504605125,0.0,0.6348098561458482
random_score,1521,1,155,0.35483104362667733,0.0,0.6377118644067796
random_score,1522,0,155,0.5019400490017368,0.0,0.5148305084745762
random_score,1523,0,156,0.5410685873574526,0.0,0.451271186440678
random_score,1524,0,156,0.4724501629600691,0.0,0.4644637516023359
random_score,1525,0,157,0.5266916649701159,0.0,0.4915254237288136
random_score,1526,0,157,0.5405193321904487,0.0,0.3326271186440678
random_score,1527,0,158,0.5731338049975333,0.0,0.3241525423728814
random_score,1528,0,158,0.530320209545944,0.0,0.5311387266771115
random_score,1529,0,159,0.3240572725497517,0.0,0.7182203389830508
random_score,1530,0,159,0.6026108704380182,0.0,0.2860169491525424
random_score,1531,0,160,0.48332891989580923,0.1,0.4915254237288136
random_score,1532,0,160,0.48567428924663025,0.0,0.5572033898305084
random_score,1533,1,161,0.5950131950383102,0.1,0.2923728813559322
random_score,1534,0,161,0.46768069097347037,0.0,0.4322033898305085
random_score,1535,0,162,0.6171699200496297,0.0,0.32717917675544794
random_score,1536,0,162,0.44823964614802997,0.0,0.597457627118644
random_score,1537,0,163,0.3895118006918331,0.0,0.7182203389830508
random_score,1538,0,163,0.5466136691749988,0.2,0.4661016949152542
random_score,1539,0,164,0.39228759205831787,0.0,0.6470588235294117
random_score,1540,0,164,0.4336502486825514,0.0,0.6009649622560889
random_score,1541,0,165,0.48751386446867195,0.0,0.489406779661017
random_score,1542,0,165,0.493051823124848,0.0,0.4682203389830508
random_score,1543,0,166,0.5926463848032801,0.0,0.3697478991596639
random_score,1544,0,166,0.4138042238717066,0.0,0.6228813559322034
random_score,1545,0,167,0.48220245273007284,0.0,0.69831576698476
random_score,1546,0,167,0.4223733165732154,0.0,0.6313559322033898
random_score,1547,0,168,0.627793164341069,0.0,0.25210084033613445
random_score,1548,0,168,0.3449817577225534,0.0,0.728813559322034
random_score,1549,0,169,0.48240579278321355,0.0,0.489406779661017
random_score,1550,0,169,0.4926716766927671,0.0,0.43067226890756305
random_score,1551,0,170,0.35483509174049865,0.0,0.6165254237288136
random_score,1552,0,170,0.5633752436830597,0.0,0.40060176613018084
random_score,1553,0,171,0.4067449983690167,0.0,0.5867397806580259
random_score,1554,0,171,0.4145574115243208,0.0,0.6059322033898304
random_score,1555,0,172,0.38696845569052696,0.0,0.485311921378721
random_score,1556,0,172,0.5037884060379911,0.2,0.5945378151260504
random_score,1557,1,173,0.4826974449254481,0.0,0.5296610169491525
random_score,1558,0,173,0.5695519235237734,0.0,0.36016949152542377
random_score,1559,0,174,0.28179733984367805,0.0,0.7097457627118644
random_score,1560,0,174,0.6685694313421395,0.2,0.3056010539809144
random_score,1561,0,175,0.5141790027557194,0.0,0.40953923942458337
random_score,1562,0,175,0.4345593229873616,0.0,0.6970338983050848
random_score,1563,0,176,0.470679621078089,0.0,0.4300847457627119
random_score,1564,0,176,0.529347684582015,0.0,0.4809322033898305
random_score,1565,0,177,0.4971226156130178,0.0,0.4303874092009685
random_score,1566,0,177,0.39028411212834363,0.0,0.6080508474576272
random_score,1567,0,178,0.47352678166721923,0.0,0.5847457627118644
random_score,1568,0,178,0.6222298313063458,0.0,0.3559322033898305
random_score,1569,0,179,0.5750805615230931,0.1,0.4216101694915254
random_score,1570,0,179,0.32308920394228086,0.0,0.7234190286284006
random_score,1571,0,180,0.7366862851360133,0.1,0.19491525423728814
random_score,1572,0,180,0.39836228926857936,0.0,0.7134311351659308
random_score,1573,0,181,0.4765787311463864,0.1,0.5508474576271187
random_score,1574,0,181,0.5859975625989335,0.1,0.4004237288135593
random_score,1575,0,182,0.4404257343896688,0.0,0.5696125907990315
random_score,1576,0,182,0.49716056033768313,0.0,0.4343220338983051
random_score,1577,0,183,0.4127197377693902,0.0,0.6794616151545364
random_score,1578,0,183,0.4737309028199258,0.0,0.4935906566016237
random_score,1579,0,184,0.6940949253437918,0.1,0.2584745762711864
random_score,1580,0,184,0.5072411312384606,0.0,0.48516949152542377
random_score,1581,0,185,0.6329207075142318,0.0,0.22245762711864409
random_score,1582,0,185,0.5111042967684867,0.0,0.5317796610169492
random_score,1583,0,186,0.3513430077785575,0.1,0.788135593220339
random_score,1584,0,186,0.47931270717415375,0.0,0.5148305084745762
random_score,1585,0,187,0.39596417988431937,0.0,0.652542372881356
random_score,1586,0,187,0.7008665242774949,0.1,0.28480629539951574
random_score,1587,0,188,0.38842665375490437,0.0,0.7161016949152542
random_score,1588,0,188,0.5534096850042727,0.0,0.39830508474576276
random_score,1589,0,189,0.4539814112359394,0.0,0.5296610169491526
random_score,1590,0,189,0.6057240155101496,0.1,0.413135593220339
random_score,1591,0,190,0.4063634756532443,0.0,0.7139830508474576
random_score,1592,0,190,0.5035904071778877,0.0,0.510593220338983
random_score,1593,0,191,0.5572932162011651,0.0,0.40254237288135597
random_score,1594,0,191,0.3690299029890013,0.1,0.7944915254237288
random_score,1595,0,192,0.34956275871879255,0.0,0.711864406779661
random_score,1596,0,192,0.52051669674767,0.0,0.5360169491525424
random_score,1597,0,193,0.5954525624069791,0.0,0.4703389830508474
random_score,1598,0,193,0.48883491862083306,0.0,0.48305084745762716
random_score,1599,0,194,0.41330935158763127,0.0,0.5818793619142573
random_score,1600,0,194,0.5042737654558086,0.0,0.42013245976356645
random_score,1601,0,195,0.5895925324395983,0.0,0.3961864406779661
random_score,1602,0,195,0.628794894989789,0.0,0.39449508617006124
random_score,1603,0,196,0.5106476520950884,0.0,0.384453781512605
random_score,1604,0,196,0.6477187375253128,0.1,0.2151759008688221
random_score,1605,0,197,0.4577819875593276,0.0,0.548728813559322
random_score,1606,0,197,0.3660294197075307,0.0,0.6292372881355932
random_score,1607,0,198,0.6807780994594321,0.1,0.2627118644067796
random_score,1608,0,198,0.4873473322123827,0.0,0.48516949152542377
random_score,1609,0,199,0.7390867430318894,0.1,0.16685657313772967
random_score,1610,0,199,0.48289489318812107,0.0,0.6292372881355932
random_score,1611,0,200,0.4027348864268035,0.0,0.701271186440678
random_score,1612,0,200,0.6048376111206151,0.0,0.3707627118644068
random_score,1613,0,201,0.46662892682603135,0.0,0.5635593220338984
random_score,1614,0,201,0.39647255173216134,0.1,0.5995762711864407
random_score,1615,0,202,0.5212978056070944,0.1,0.4343220338983051
random_score,1616,0,202,0.5480002114882333,0.2,0.4216101694915254
random_score,1617,0,203,0.4646799517365972,0.0,0.527542372881356
random_score,1618,1,203,0.5170097609397868,0.0,0.375
random_score,1619,0,204,0.36226829243651987,0.0,0.6779661016949152
random_score,1620,0,204,0.5672112695178468,0.1,0.4216101694915254
random_score,1621,1,205,0.7827512541946143,0.2,0.12208018800740635
random_score,1622,0,205,0.43956320541084776,0.0,0.5357676969092722
random_score,1623,0,206,0.5451473497707737,0.1,0.4746830935764136
random_score,1624,0,206,0.3037219792221749,0.0,0.7815126050420168
random_score,1625,0,207,0.5653505090524374,0.1,0.43432203389830504
random_score,1626,0,207,0.5609551187199366,0.1,0.3672375729952998
random_score,1627,0,208,0.5390958952217504,0.1,0.413135593220339
random_score,1628,0,208,0.5002690679105697,0.0,0.5127118644067796
random_score,1629,0,209,0.5496446115438841,0.0,0.4088983050847458
random_score,1630,0,209,0.42028792878827287,0.0,0.538135593220339
random_score,1631,0,210,0.47809605850265696,0.0,0.5296610169491525
random_score,1632,0,210,0.47697050335949165,0.0,0.586864406779661
random_score,1633,0,211,0.40987904917525675,0.0,0.5614406779661016
random_score,1634,0,211,0.4884960560961845,0.0,0.5338983050847458
random_score,1635,0,212,0.5024487952120221,0.0,0.41981199259364765
random_score,1636,0,212,0.4138986637799772,0.0,0.5275957840763424
random_score,1637,0,213,0.5629284814696774,0.0,0.46222048141290417
random_score,1638,0,213,0.5205304419014232,0.0,0.45102193419740777
random_score,1639,0,214,0.3886889479778574,0.0,0.5781583819968665
random_score,1640,0,214,0.45618057026339665,0.0,0.5127118644067796
random_score,1641,0,215,0.3902209689621268,0.0,0.6648981626548924
random_score,1642,0,215,0.457905258969965,0.0,0.49414257228315056
random_score,1643,0,216,0.6247445399780517,0.0,0.3622881355932204
random_score,1644,0,216,0.7202190817260112,0.1,0.20048782224754308
random_score,1645,0,217,0.5134846494525209,0.0,0.4978813559322034
random_score,1646,0,217,0.4341223627010112,0.0,0.5148305084745763
random_score,1647,0,218,0.5378065472756266,0.0,0.4575024925224327
random_score,1648,0,218,0.5625286708937665,0.0,0.3707627118644068
random_score,1649,0,219,0.47684720468259395,0.0,0.4703389830508474
random_score,1650,0,219,0.26085902349661116,0.0,0.7944915254237288
random_score,1651,0,220,0.46371720288942664,0.0,0.47457627118644063
random_score,1652,0,220,0.378362448540257,0.0,0.652542372881356
random_score,1653,0,221,0.5333071732776269,0.0,0.41350947158524426
random_score,1654,0,221,0.42085798010530145,0.0,0.6080508474576272
random_score,1655,0,222,0.3502116291220108,0.0,0.7542372881355932
random_score,1656,0,222,0.5651609013705325,0.0,0.4830508474576271
random_score,1657,0,223,0.598914206363381,0.1,0.3686440677966102
random_score,1658,0,223,0.4321337085824003,0.0,0.6822033898305084
random_score,1659,0,224,0.5837323375901603,0.0,0.413135593220339
random_score,1660,0,224,0.4826345921659496,0.0,0.461864406779661
random_score,1661,0,225,0.5774739332333667,0.1,0.3650833214641789
random_score,1662,0,225,0.634495622399067,0.0,0.28938185443668996
random_score,1663,0,226,0.5029395858351517,0.0,0.4216101694915254
random_score,1664,0,226,0.5837957413185725,0.0,0.3505020652328728
random_score,1665,0,227,0.5282207244690864,0.0,0.39677396382281727
random_score,1666,0,227,0.5306121048059519,0.1,0.5042372881355932
random_score,1667,0,228,0.512931634780136,0.0,0.4279661016949153
random_score,1668,0,228,0.43799627415243403,0.0,0.6567796610169492
random_score,1669,0,229,0.5290867485120119,0.1,0.43517661301808863
random_score,1670,0,229,0.49624584734856125,0.0,0.5692387124341262
random_score,1671,0,230,0.5213885451545909,0.0,0.35632388548639793
random_score,1672,0,230,0.5170962158172417,0.0,0.4875551915681527
random_score,1673,0,231,0.4803282905808567,0.1,0.4957627118644068
random_score,1674,1,231,0.35355662612799454,0.0,0.7754237288135593
random_score,1675,0,232,0.5642993564975112,0.0,0.4555084745762712
random_score,1676,0,232,0.5105401302303804,0.0,0.4639830508474576
random_score,1677,0,233,0.5476533733185083,0.0,0.4449152542372881
random_score,1678,0,233,0.5126026375165222,0.0,0.3559322033898305
random_score,1679,0,234,0.5549508465918292,0.0,0.406993305796895
random_score,1680,0,234,0.6588176058068583,0.0,0.25
random_score,1681,0,235,0.3154584910480439,0.0,0.7542372881355932
random_score,1682,0,235,0.49338101555963537,0.0,0.5720338983050848
random_score,1683,0,236,0.55326482863213,0.0,0.43008474576271183
random_score,1684,0,236,0.37140660366112044,0.0,0.7067013245976357
random_score,1685,0,237,0.5674541826940378,0.1,0.30091867255376725
random_score,1686,0,237,0.6336823733038417,0.0,0.2860169491525424
random_score,1687,0,238,0.6274957958210814,0.0,0.326271186440678
random_score,1688,0,238,0.45506325371440415,0.0,0.5614406779661018
random_score,1689,0,239,0.4959343236418462,0.0,0.4958339267910554
random_score,1690,0,239,0.3564645982261528,0.0,0.7182203389830508
random_score,1691,0,240,0.6844553779247212,0.0,0.2577268195413759
random_score,1692,0,240,0.4126597091470237,0.0,0.6334745762711864
random_score,1693,0,241,0.49687467356725606,0.0,0.5190677966101696
random_score,1694,0,241,0.47271050973606216,0.1,0.4726000569719413
random_score,1695,0,242,0.5984538276506624,0.0,0.4004237288135593
random_score,1696,0,242,0.5239412179583386,0.0,0.5314413901153682
random_score,1697,0,243,0.5217674388212947,0.0,0.5
random_score,1698,0,243,0.5294991505431156,0.0,0.5169491525423728
random_score,1699,0,244,0.5192619857496069,0.0,0.45168067226890757
random_score,1700,0,244,0.5159026212935396,0.1,0.5187295257085885
random_score,1701,0,245,0.46704613262188144,0.0,0.6334745762711864
random_score,1702,0,245,0.539163812079942,0.0,0.461864406779661
random_score,1703,0,246,0.5068973245813333,0.0,0.5467347956131605
random_score,1704,0,246,0.462328600736092,0.0,0.5
random_score,1705,0,247,0.6132008928419173,0.0,0.3622881355932204
random_score,1706,0,247,0.4408931081761957,0.0,0.5911016949152543
random_score,1707,0,248,0.5555231548313698,0.0,0.4110169491525424
random_score,1708,0,249,0.45719503578874743,0.0,0.603813559322034
random_score,1709,0,249,0.5948530049266608,0.1,0.3375587523144851
random_score,1710,0,248,0.5761581979702813,0.0,0.3813559322033898
random_score,1711,0,250,0.4517421425696938,0.0,0.5699152542372881
random_score,1712,0,250,0.6229051177781761,0.0,0.27862840051274745
random_score,1713,0,251,0.47922035010662334,0.0,0.5656779661016949
random_score,1714,0,252,0.4657505122246125,0.0,0.5756302521008403
random_score,1715,0,252,0.46128959360597727,0.0,0.4533542230451503
random_score,1716,0,251,0.3111285078350825,0.0,0.7478813559322034
random_score,1717,0,253,0.48778270997049306,0.0,0.5740101125195841
random_score,1718,0,253,0.5405647329128003,0.0,0.4471051132317334
random_score,1719,0,254,0.3993887618644362,0.0,0.673728813559322
random_score,1720,0,255,0.47748605134335487,0.0,0.6389403218914684
random_score,1721,0,254,0.5366916666604886,0.0,0.4216101694915254
random_score,1722,0,255,0.4289916716235183,0.0,0.6374270047001851
random_score,1723,0,256,0.5209359259982066,0.1,0.38983050847457623
random_score,1724,0,256,0.46949750472259166,0.0,0.4261857285286996
random_score,1725,0,257,0.47981394485065465,0.0,0.464713003845606
random_score,1726,0,257,0.5523015177852993,0.0,0.5042372881355932
random_score,1727,0,258,0.5654994616638038,0.0,0.39029340549779235
random_score,1728,0,258,0.5133409236745837,0.0,0.3270189431704885
random_score,1729,0,259,0.44539615786892606,0.0,0.5889830508474576
random_score,1730,0,259,0.44560112813460223,0.0,0.49165004985044863
random_score,1731,0,260,0.3832032894625543,0.0,0.6546610169491525
random_score,1732,0,260,0.4983627782380705,0.0,0.5147058823529411
random_score,1733,0,261,0.34365710695947865,0.0,0.711864406779661
random_score,1734,0,261,0.47879418035873195,0.0,0.548728813559322
random_score,1735,0,262,0.4534344323556299,0.0,0.5211330294829797
random_score,1736,0,262,0.4343092746540881,0.0,0.6117362199116935
random_score,1737,0,263,0.4986390194780098,0.0,0.48299743626264063
random_score,1738,0,263,0.5954886392350134,0.1,0.4239068508759436
random_score,1739,0,264,0.4168075221865316,0.0,0.5656779661016949
random_score,1740,0,264,0.40884845797734765,0.0,0.6076413616293975
random_score,1741,0,265,0.4437678134532785,0.1,0.6610169491525424
random_score,1742,0,265,0.38870871911610194,0.0,0.635593220338983
random_score,1743,0,266,0.6163260827459744,0.1,0.2966101694915254
random_score,1744,0,266,0.49265379474277804,0.0,0.5508474576271187
random_score,1745,0,267,0.4588457362717442,0.1,0.5002670559749324
random_score,1746,0,267,0.5086087468100442,0.0,0.413135593220339
random_score,1747,0,268,0.2610506917346093,0.0,0.8733264492237574
random_score,1748,0,268,0.5204908445490611,0.1,0.4873415467882068
random_score,1749,0,269,0.4523417531055764,0.0,0.527542372881356
random_score,1750,0,269,0.5213987866184928,0.0,0.4194915254237288
random_score,1751,0,270,0.5886047348242954,0.1,0.17796610169491525
random_score,1752,0,270,0.5541425960791618,0.0,0.4110169491525424
random_score,1753,0,271,0.6131618253251245,0.0,0.336864406779661
random_score,1754,0,271,0.6708698193015549,0.0,0.3114406779661017
random_score,1755,0,272,0.5165402932676504,0.0,0.4597457627118644
random_score,1756,0,272,0.4464413957294823,0.0,0.5254237288135594
random_score,1757,0,273,0.37460456154462535,0.0,0.6920666571713432
random_score,1758,0,273,0.5364640527415323,0.0,0.413135593220339
random_score,1759,0,274,0.5109423283370069,0.0,0.4470338983050848
random_score,1760,0,274,0.634520427071278,0.0,0.2690677966101695
random_score,1761,1,275,0.46973322548857865,0.1,0.576271186440678
random_score,1762,0,275,0.48220873339986065,0.0,0.6014100555476427
random_score,1763,0,276,0.40808983823386014,0.0,0.6080508474576272
random_score,1764,0,276,0.5455413220585517,0.0,0.2966101694915254
random_score,1765,0,277,0.3640329375398038,0.1,0.7627118644067796
random_score,1766,0,277,0.5906388725369919,0.1,0.3220338983050847
random_score,1767,0,278,0.6295275287823168,0.0,0.4025423728813559
random_score,1768,0,278,0.3643812828627793,0.1,0.728813559322034
random_score,1769,0,279,0.5528520649070217,0.1,0.3220338983050848
random_score,1770,0,279,0.4291754657103734,0.0,0.5805084745762712
random_score,1771,0,280,0.5045798352689407,0.0,0.44279661016949157
random_score,1772,0,280,0.3636212134319535,0.0,0.7097457627118644
random_score,1773,0,281,0.39324156873512855,0.0,0.6268693918245265
random_score,1774,0,281,0.578812888394969,0.1,0.3008474576271186
random_score,1775,0,282,0.37053173062371425,0.0,0.6139794901011252
random_score,1776,0,282,0.4623594016054291,0.0,0.47245762711864403
random_score,1777,0,283,0.4611328084245126,0.0,0.4597457627118644
random_score,1778,0,283,0.5108080582640363,0.0,0.4325594644637516
random_score,1779,0,284,0.527135119097655,0.0,0.5360169491525424
random_score,1780,0,284,0.39721121740545084,0.1,0.6483050847457628
random_score,1781,0,285,0.6061449140944667,0.0,0.34745762711864403
random_score,1782,0,285,0.44414000670235704,0.0,0.5126584532117932
random_score,1783,0,286,0.5678074124994481,0.0,0.45582894174619
random_score,1784,0,286,0.62569176634079,0.0,0.3707627118644068
random_score,1785,0,287,0.3775168059256944,0.0,0.836864406779661
random_score,1786,0,287,0.432115968719016,0.0,0.7026064663153397
random_score,1787,0,288,0.6846610477233884,0.0,0.24576271186440676
random_score,1788,0,288,0.4019374814637585,0.0,0.5063559322033898
random_score,1789,0,289,0.517403028668977,0.0,0.548728813559322
random_score,1790,0,290,0.4793734890346776,0.0,0.6377118644067796
random_score,1791,0,290,0.6384215403383389,0.1,0.3523002421307506
random_score,1792,0,289,0.53382338309115,0.0,0.47206594502207666
random_score,1793,0,291,0.3639025554577512,0.0,0.7203389830508475
random_score,1794,0,291,0.5088332974456884,0.0,0.47671271898589945
random_score,1795,0,292,0.602954307119574,0.0,0.35714285714285715
random_score,1796,0,292,0.5958376813342633,0.1,0.26189289275032046
random_score,1797,0,293,0.5137694285678175,0.0,0.4576271186440678
random_score,1798,0,293,0.5435058149769768,0.1,0.39830508474576276
random_score,1799,0,294,0.44378354177608126,0.0,0.7817796610169492
random_score,1800,0,294,0.4221519547353312,0.0,0.7046538954564876
random_score,1801,0,295,0.6212661006528174,0.0,0.4470338983050848
random_score,1802,0,295,0.36475510574293335,0.0,0.6122881355932204
random_score,1803,0,296,0.5171835517936422,0.0,0.423728813559322
random_score,1804,0,296,0.32555396736080355,0.0,0.7542372881355932
random_score,1805,0,297,0.6232561211990245,0.0,0.2944915254237288
random_score,1806,0,297,0.516772959926856,0.1,0.4957627118644068
random_score,1807,0,298,0.4836717186466256,0.0,0.4343220338983051
random_score,1808,0,298,0.4788997991650511,0.1,0.5699152542372881
random_score,1809,0,299,0.5315041464542458,0.0,0.5021186440677966
random_score,1810,0,299,0.4298015563743706,0.0,0.5466101694915254
random_score,1811,0,300,0.4877377682705631,0.1,0.4955134596211366
random_score,1812,0,300,0.465747694345254,0.0,0.5296610169491526
random_score,1813,0,301,0.5957390092936041,0.0,0.3651189289275032
random_score,1814,0,301,0.5942187525241056,0.0,0.38621635094715856
random_score,1815,0,302,0.417752331016903,0.0,0.4957627118644068
random_score,1816,0,302,0.3092464545961404,0.0,0.7838983050847458
random_score,1817,0,303,0.646379988566929,0.0,0.23623771542515312
random_score,1818,0,303,0.41681063056540857,0.0,0.6010361771827375
random_score,1819,0,304,0.42888762762696564,0.0,0.6080508474576272
random_score,1820,0,304,0.36610051318220205,0.0,0.6716101694915255
random_score,1821,0,305,0.5727169040773374,0.0,0.4406779661016949
random_score,1822,0,305,0.45387135067590234,0.0,0.5277382139296396
random_score,1823,0,306,0.565682524913872,0.0,0.3580508474576271
random_score,1824,0,306,0.41029575574622984,0.0,0.6244658880501353
random_score,1825,0,307,0.46434102196867777,0.0,0.44500427289559896
random_score,1826,0,307,0.44666814661309956,0.0,0.6588983050847458
random_score,1827,0,308,0.47203795715311436,0.0,0.5064627545933628
random_score,1828,0,308,0.3995961375094584,0.0,0.6692600769121209
random_score,1829,0,309,0.46536556506480464,0.0,0.6228813559322033
random_score,1830,0,309,0.5316170205412929,0.0,0.4683627688363481
random_score,1831,1,310,0.5181151598005758,0.0,0.3923586383706025
random_score,1832,0,310,0.6133051629564964,0.1,0.3707627118644068
random_score,1833,0,311,0.5129130184579835,0.0,0.597457627118644
random_score,1834,0,311,0.5364971790021156,0.0,0.48255234297108673
random_score,1835,0,312,0.5815290146235438,0.0,0.43220338983050843
random_score,1836,0,312,0.4451117649653334,0.0,0.6313559322033898
random_score,1837,0,313,0.5614013717670663,0.0,0.3728813559322034
random_score,1838,0,313,0.5409674109148972,0.0,0.4427966101694915
random_score,1839,0,314,0.6212054750380153,0.0,0.34386127332288846
random_score,1840,0,314,0.45277408940111624,0.0,0.5847101552485401
random_score,1841,0,315,0.27301782447278433,0.0,0.760593220338983
random_score,1842,0,315,0.5899923050622978,0.2,0.3453389830508475
random_score,1843,0,316,0.40485726339713207,0.0,0.4385593220338983
random_score,1844,0,316,0.4470331233285223,0.0,0.521186440677966
random_score,1845,0,317,0.4934483123429092,0.0,0.5
random_score,1846,0,317,0.5545481027151176,0.0,0.375
random_score,1847,0,318,0.41600087435415684,0.0,0.6800847457627119
random_score,1848,0,318,0.4494596675516333,0.0,0.5635593220338984
random_score,1849,0,319,0.3666994488196731,0.0,0.6564948013103546
random_score,1850,0,319,0.5072374397371412,0.0,0.521186440677966
random_score,1851,0,320,0.4146058579283354,0.0,0.6610169491525424
random_score,1852,0,320,0.5906705932703924,0.1,0.3293156245549067
random_score,1853,0,321,0.5532258508704216,0.0,0.38379504344110527
random_score,1854,0,321,0.3820313442918321,0.0,0.6370353226036177
random_score,1855,0,322,0.5705109044546333,0.1,0.4894067796610169
random_score,1856,0,322,0.49532817975000115,0.0,0.4046610169491526
random_score,1857,0,323,0.5693583421429216,0.0,0.34745762711864403
random_score,1858,0,323,0.49094189417751605,0.0,0.4978813559322034
random_score,1859,0,324,0.4460276960438784,0.0,0.6017483264492237
random_score,1860,0,324,0.5380591899373769,0.0,0.4813772966813844
random_score,1861,0,325,0.5979484243072186,0.1,0.3919491525423729
random_score,1862,0,325,0.4019836326203568,0.0,0.5741525423728814
random_score,1863,0,326,0.5149120413866296,0.0,0.48093220338983045
random_score,1864,0,326,0.40422295901530114,0.0,0.6292372881355932
random_score,1865,0,327,0.40934478566738475,0.0,0.6101694915254238
random_score,1866,0,327,0.6723428067236029,0.1,0.2033898305084746
random_score,1867,0,328,0.43236796277229955,0.0,0.5296610169491525
random_score,1868,0,328,0.5473065913708177,0.0,0.4258474576271186
random_score,1869,0,329,0.45662956986788095,0.1,0.6016949152542372
random_score,1870,0,329,0.4636288179143769,0.0,0.5656779661016949
random_score,1871,0,330,0.47729091089708653,0.0,0.5354472297393533
random_score,1872,0,330,0.3407168237092734,0.0,0.6822033898305084
random_score,1873,0,331,0.38984852196028263,0.0,0.6779661016949152
random_score,1874,0,331,0.5041505702752016,0.0,0.5296610169491525
random_score,1875,0,332,0.39498892443168704,0.0,0.6958410482837203
random_score,1876,0,332,0.5023272463877007,0.0,0.5084745762711864
random_score,1877,0,333,0.35342006364696116,0.0,0.663135593220339
random_score,1878,0,333,0.4829524193129985,0.0,0.6567796610169492
random_score,1879,0,334,0.45987311898610894,0.0,0.5911016949152542
random_score,1880,0,334,0.48634759870497646,0.0,0.4915254237288136
random_score,1881,0,335,0.40136114420803504,0.0,0.6779661016949152
random_score,1882,0,335,0.36590016791996616,0.0,0.760593220338983
random_score,1883,0,336,0.5221914669269472,0.0,0.4766949152542373
random_score,1884,0,336,0.4365783381486561,0.0,0.5276491952713289
random_score,1885,0,337,0.38994598591088003,0.0,0.5741525423728813
random_score,1886,0,337,0.35062277770881184,0.0,0.6970338983050848
random_score,1887,0,338,0.4452377087237068,0.1,0.5677966101694916
random_score,1888,0,338,0.5236155893995902,0.1,0.4406779661016949
random_score,1889,0,339,0.5567312052715763,0.0,0.4830508474576271
random_score,1890,0,339,0.7612777481509994,0.2,0.13288705312633528
random_score,1891,0,340,0.40511498976396376,0.0,0.6437117219769264
random_score,1892,0,340,0.48220180340434454,0.0,0.4872881355932204
random_score,1893,0,341,0.4190400445422434,0.0,0.5677788064378293
random_score,1894,0,341,0.6187235826030617,0.0,0.2595071927075915
random_score,1895,0,342,0.3690353764559319,0.0,0.6726427859279305
random_score,1896,0,342,0.31769674179745616,0.1,0.7384097706879362
random_score,1897,1,343,0.6115134604173139,0.0,0.3834745762711864
random_score,1898,0,343,0.4279784005601443,0.0,0.5826271186440678
random_score,1899,0,344,0.5099365716053568,0.0,0.5378151260504201
random_score,1900,0,344,0.7073069330924117,0.1,0.21610169491525424
random_score,1901,0,345,0.46527264412566416,0.0,0.6144067796610169
random_score,1902,0,345,0.41088054558804876,0.0,0.6101694915254237
random_score,1903,0,346,0.4670371570269258,0.0,0.5591261928500213
random_score,1904,0,346,0.625480144942859,0.0,0.2478813559322034
random_score,1905,0,347,0.38221893488197,0.0,0.5889830508474576
random_score,1906,0,347,0.4066023166233782,0.1,0.673728813559322
random_score,1907,0,348,0.6258921571459797,0.0,0.34341618003133456
random_score,1908,0,348,0.6131882721398018,0.1,0.3940677966101695
random_score,1909,0,349,0.38866274652132426,0.1,0.7055084745762712
random_score,1910,0,349,0.4259943541126166,0.1,0.6659663865546218
random_score,1911,0,350,0.3937280037471337,0.0,0.6707377866400798
random_score,1912,0,350,0.4905790274783145,0.0,0.4475324027916251
random_score,1913,0,351,0.5640593841474287,0.0,0.3813559322033898
random_score,1914,0,351,0.5451456135834197,0.0,0.4533898305084746
random_score,1915,0,352,0.5449806552886602,0.0,0.4682203389830508
random_score,1916,0,352,0.39847574573537725,0.0,0.5847457627118644
random_score,1917,0,353,0.45426075610219846,0.0,0.519245833926791
random_score,1918,0,353,0.4759855341910231,0.0,0.5740101125195841
random_score,1919,0,354,0.5089566804703902,0.0,0.5063559322033898
random_score,1920,0,354,0.40903347518016575,0.0,0.5550847457627119
random_score,1921,0,355,0.4285836813188135,0.0,0.5984902435550491
random_score,1922,0,355,0.3395040425078867,0.0,0.673728813559322
random_score,1923,0,356,0.5249213329110703,0.0,0.4046610169491526
random_score,1924,0,356,0.5938010819835862,0.0,0.38660803304372593
random_score,1925,0,357,0.5225679102764194,0.0,0.49992878507335137
random_score,1926,0,357,0.4572181429182507,0.0,0.576271186440678
random_score,1927,0,358,0.5262808937561635,0.0,0.5233050847457628
random_score,1928,0,358,0.4804426453563395,0.0,0.5614406779661016
random_score,1929,0,359,0.5154428397842505,0.0,0.3919491525423729
random_score,1930,0,359,0.5301897618677807,0.0,0.4579653895456488
random_score,1931,0,360,0.3899967787556231,0.0,0.75
random_score,1932,0,360,0.5139044262120432,0.0,0.336864406779661
random_score,1933,0,361,0.46141736821583335,0.0,0.6265133171912833
random_score,1934,0,361,0.3825483569664198,0.0,0.6313559322033898
random_score,1935,0,362,0.42242130535859646,0.0,0.5805084745762712
random_score,1936,0,362,0.5046031808570929,0.0,0.48064734368323603
random_score,1937,1,363,0.5548618621434458,0.0,0.3771186440677966
random_score,1938,0,363,0.43305382193866626,0.0,0.6080508474576272
random_score,1939,0,364,0.5498058855020622,0.0,0.461864406779661
random_score,1940,0,364,0.4860291686343815,0.0,0.5653753026634383
random_score,1941,0,365,0.5484322243016717,0.0,0.4661016949152542
random_score,1942,0,365,0.5309085721550747,0.0,0.4470338983050848
random_score,1943,0,366,0.6185067533549289,0.0,0.2796610169491526
random_score,1944,0,366,0.5501625751238228,0.1,0.4300847457627119
random_score,1945,0,367,0.4186178250551646,0.0,0.6499608317903433
random_score,1946,0,368,0.47367260975167047,0.0,0.5315482125053411
random_score,1947,0,368,0.6558575042016324,0.1,0.24058182595071925
random_score,1948,0,367,0.45395547205301784,0.0,0.6016949152542372
random_score,1949,0,369,0.5240504409319662,0.0,0.44067796610169496
random_score,1950,0,369,0.4806220715846242,0.0,0.5127118644067796
random_score,1951,0,370,0.3954265114082117,0.0,0.6538954564876798
random_score,1952,0,370,0.5109140864493936,0.1,0.4936440677966102
random_score,1953,0,371,0.5536031303895399,0.0,0.3771186440677966
random_score,1954,0,371,0.3889597487914104,0.0,0.6694915254237288
random_score,1955,0,372,0.36627202548563964,0.0,0.7088377723970944
random_score,1956,0,372,0.5610410019352481,0.1,0.40930779091297537
random_score,1957,0,373,0.5713841707737877,0.0,0.4152542372881356
random_score,1958,0,373,0.4248889633683497,0.0,0.6694915254237288
random_score,1959,0,374,0.6104768864415573,0.0,0.43223899729383275
random_score,1960,0,374,0.37481355564195934,0.0,0.7362733228884775
random_score,1961,0,375,0.43756082075273595,0.0,0.597457627118644
random_score,1962,0,375,0.5965956510568914,0.0,0.27754237288135597
random_score,1963,0,376,0.44163435580559274,0.0,0.55259222333001
random_score,1964,0,376,0.5213189065901134,0.0,0.4768729525708588
random_score,1965,0,377,0.4823563799065497,0.0,0.4872881355932204
random_score,1966,0,377,0.6046070751696642,0.0,0.2860169491525424
random_score,1967,0,378,0.5007532011612732,0.0,0.461864406779661
random_score,1968,0,378,0.35665799450334956,0.1,0.7182203389830508
random_score,1969,0,379,0.4215037472035171,0.0,0.6648981626548924
random_score,1970,0,379,0.6768011026248412,0.1,0.32933342828656886
random_score,1971,0,380,0.47934213985929064,0.0,0.673728813559322
random_score,1972,0,380,0.6170046890843481,0.0,0.30508474576271183
random_score,1973,1,381,0.541820260787248,0.1,0.4576271186440678
random_score,1974,0,381,0.6842255778988825,0.0,0.1664826947728244
random_score,1975,0,382,0.32094191133375005,0.0,0.680672268907563
random_score,1976,0,383,0.6418791072510862,0.0,0.2033898305084746
random_score,1977,0,383,0.5939028658108242,0.1,0.3277845036319612
random_score,1978,0,382,0.5621471379113402,0.0,0.36999715140293404
random_score,1979,0,384,0.6063349727484869,0.0,0.32288847742486826
random_score,1980,0,384,0.3808307110087824,0.0,0.6588983050847458
random_score,1981,0,385,0.5778216706467064,0.0,0.49099131177894884
random_score,1982,0,385,0.48181156739811126,0.0,0.5361059678108532
random_score,1983,0,386,0.48007727913309745,0.0,0.6308930351801738
random_score,1984,0,386,0.5560214908799714,0.0,0.3755341119498647
random_score,1985,0,387,0.407653014792743,0.1,0.662797322318758
random_score,1986,0,387,0.35428987401862566,0.0,0.6500142429853297
random_score,1987,0,388,0.4323232953139053,0.0,0.601321036889332
random_score,1988,0,388,0.4081895600366935,0.0,0.6167924797037458
random_score,1989,0,389,0.4872903049957428,0.0,0.5675295541945592
random_score,1990,0,389,0.3995621776023891,0.0,0.8029661016949152
random_score,1991,0,390,0.5610105975654829,0.0,0.4533898305084746
random_score,1992,0,390,0.4477766994622298,0.0,0.5951253382709016
random_score,1993,0,391,0.39687446494326317,0.1,0.7226890756302521
random_score,1994,0,391,0.6626167127410657,0.0,0.30798675402364334
random_score,1995,0,392,0.5870481543014242,0.0,0.385593220338983
random_score,1996,0,392,0.372249722829242,0.0,0.7521186440677966
random_score,1997,0,393,0.5468995077359174,0.0,0.4258474576271187
random_score,1998,0,393,0.5669741985266838,0.0,0.4194915254237288
random_score,1999,0,394,0.5527834101705981,0.0,0.3326271186440678
random_score,2000,0,395,0.5666198604103501,0.1,0.45116436405070504
random_score,2001,0,395,0.6127254454845625,0.1,0.39915966386554624
random_score,2002,0,394,0.3909082843833563,0.0,0.6271186440677966
random_score,2003,0,396,0.7018444695868599,0.1,0.2055084745762712
random_score,2004,0,396,0.5701641252580865,0.0,0.3813559322033898
random_score,2005,0,397,0.44591513190368215,0.0,0.5924725822532403
random_score,2006,0,397,0.4870344376633021,0.0,0.5206701324597636
random_score,2007,0,398,0.35059288138994316,0.0,0.6567796610169492
random_score,2008,0,398,0.5236937628216904,0.1,0.5170381712006836
random_score,2009,0,399,0.5681446684281711,0.1,0.5720338983050848
random_score,2010,0,399,0.6111289840764222,0.1,0.2775423728813559
random_score,2011,0,400,0.5381447402552595,0.1,0.38865546218487396
random_score,2012,0,400,0.5090797568461892,0.0,0.5104507904856858
random_score,2013,0,401,0.47291182798804127,0.0,0.5508474576271186
random_score,2014,0,401,0.5305433472796628,0.0,0.4364406779661017
random_score,2015,0,402,0.5511998368574873,0.1,0.3983050847457627
random_score,2016,0,402,0.39827337471618185,0.0,0.6546610169491525
random_score,2017,0,403,0.5269690799835345,0.1,0.4682203389830508
random_score,2018,0,403,0.564319710744553,0.1,0.5082965389545648
random_score,2019,0,404,0.4667319926404575,0.0,0.5254237288135594
random_score,2020,0,404,0.4959027990241795,0.0,0.48262355789773537
random_score,2021,1,405,0.6295475223348996,0.1,0.31998646916393675
random_score,2022,0,405,0.5005689786303945,0.0,0.4223401224896738
random_score,2023,0,406,0.8016604839320255,0.1,0.046610169491525424
random_score,2024,0,406,0.4306865628514652,0.0,0.5699152542372882
random_score,2025,0,407,0.6104578179929536,0.1,0.527542372881356
random_score,2026,0,407,0.5105132602098408,0.0,0.5360169491525424
random_score,2027,0,408,0.4306994553194915,0.1,0.5529661016949152
random_score,2028,0,408,0.39222262312493206,0.0,0.6101694915254237
random_score,2029,0,409,0.4623204290875482,0.0,0.5720338983050848
random_score,2030,0,409,0.45157367018531425,0.0,0.4873415467882068
random_score,2031,0,410,0.3570233600109568,0.0,0.728813559322034
random_score,2032,0,410,0.4214309121918938,0.0,0.5547820823244551
random_score,2033,0,411,0.6396102283159157,0.0,0.3166037601481271
random_score,2034,0,411,0.5592235397171892,0.1,0.4067796610169492
random_score,2035,0,412,0.5873978602049119,0.0,0.3311850163794331
random_score,2036,0,412,0.5991617491307435,0.0,0.32258581398661157
random_score,2037,0,413,0.48526032064113256,0.1,0.5130323315766985
random_score,2038,0,413,0.493468247085968,0.0,0.39016877937615724
random_score,2039,0,414,0.41901269196296614,0.0,0.5890720695057684
random_score,2040,0,414,0.3092586902022389,0.0,0.7309322033898304
random_score,2041,0,415,0.4788871186127054,0.0,0.5127118644067796
random_score,2042,0,416,0.6028431791443465,0.1,0.3686440677966102
random_score,2043,0,415,0.4127499878650681,0.0,0.6186440677966102
random_score,2044,0,416,0.5373614015841826,0.0,0.4343220338983051
random_score,2045,0,417,0.470668536458394,0.0,0.5169491525423728
random_score,2046,0,417,0.5591075627277527,0.0,0.3792372881355932
random_score,2047,0,418,0.47792830381935064,0.0,0.4681135165930779
random_score,2048,0,418,0.5911227263735692,0.1,0.38838840620994164
random_score,2049,0,419,0.4109473865118482,0.1,0.6554621848739496
random_score,2050,0,419,0.5727189838463772,0.0,0.38865546218487396
random_score,2051,0,420,0.42678551671002235,0.0,0.6059322033898304
random_score,2052,0,420,0.3431301463213578,0.0,0.7415254237288136
random_score,2053,0,421,0.52786163798932,0.0,0.4343220338983051
random_score,2054,0,421,0.42780005132759713,0.1,0.6856929212362912
random_score,2055,0,422,0.3089186280537833,0.0,0.6856395100413046
random_score,2056,0,422,0.5891064347565069,0.0,0.3949579831932773
random_score,2057,0,423,0.6590634667604319,0.0,0.33775459336276886
random_score,2058,0,423,0.554253794561707,0.0,0.3802699045719983
random_score,2059,0,424,0.4302189672892963,0.0,0.5677966101694916
random_score,2060,0,424,0.5294138185586098,0.0,0.461864406779661
random_score,2061,0,425,0.5484805937758116,0.0,0.4772112234724398
random_score,2062,0,425,0.4920693729737124,0.0,0.4600840336134454
random_score,2063,0,426,0.47171015160980084,0.0,0.47245762711864403
random_score,2064,0,426,0.3361377552112155,0.0,0.6991525423728814
random_score,2065,0,427,0.5325362609595563,0.1,0.4110169491525424
random_score,2066,0,427,0.4950527767799442,0.1,0.6162227602905569
random_score,2067,0,428,0.557425735131351,0.1,0.43487394957983194
random_score,2068,0,428,0.38375962941465164,0.1,0.6659663865546219
random_score,2069,0,429,0.5665783326223075,0.0,0.4639830508474576
random_score,2070,0,429,0.3487133954279499,0.0,0.798728813559322
random_score,2071,0,430,0.39011116397885803,0.0,0.597457627118644
random_score,2072,0,430,0.42164266542179885,0.0,0.6419491525423728
random_score,2073,0,431,0.6147478765274477,0.1,0.3516949152542373
random_score,2074,0,431,0.3522648971074447,0.0,0.7555369605469306
random_score,2075,0,432,0.6738914113624527,0.1,0.3164613302948298
random_score,2076,0,432,0.5058149771361407,0.0,0.4703389830508474
random_score,2077,0,433,0.4806524362130903,0.0,0.5333819968665432
random_score,2078,0,433,0.5170307536004756,0.0,0.4385593220338983
random_score,2079,0,434,0.4895971490890004,0.0,0.4427966101694915
random_score,2080,0,434,0.4620260275910476,0.0,0.6286319612590799
random_score,2081,0,435,0.596751506118531,0.0,0.23011323173337134
random_score,2082,0,435,0.4435363502209057,0.1,0.5741525423728814
random_score,2083,0,436,0.5319120249059992,0.0,0.5063559322033898
random_score,2084,0,436,0.399905095454696,0.0,0.6906779661016949
random_score,2085,0,437,0.5164292749500323,0.0,0.527542372881356
random_score,2086,0,437,0.6258830506011622,0.2,0.2754237288135593
random_score,2087,0,438,0.5321672195228306,0.0,0.3707627118644068
random_score,2088,0,438,0.5213770841783802,0.0,0.43012035322603615
random_score,2089,0,439,0.41357724303013554,0.0,0.5147058823529411
random_score,2090,0,439,0.43821653963387713,0.0,0.596638655462185
random_score,2091,0,440,0.5777512390450716,0.1,0.260593220338983
random_score,2092,0,440,0.4979887886998511,0.0,0.4258474576271186
random_score,2093,0,441,0.3716434998642954,0.0,0.6334745762711864
random_score,2094,0,441,0.5779960577646889,0.0,0.28459265061956984
random_score,2095,0,442,0.5954543990345711,0.0,0.38983050847457623
random_score,2096,0,442,0.326944846055174,0.0,0.8080045577553054
random_score,2097,0,443,0.4892551682117297,0.1,0.500106822389973
random_score,2098,0,443,0.5230718835490995,0.0,0.3495762711864407
random_score,2099,0,444,0.432706472028897,0.0,0.5402542372881356
random_score,2100,0,444,0.4235646615754275,0.0,0.713003845606039
random_score,2101,0,445,0.45746954000862117,0.1,0.6134453781512605
random_score,2102,0,445,0.409857242428997,0.0,0.5550847457627118
random_score,2103,0,446,0.5302857293157694,0.0,0.5379041447087309
random_score,2104,0,446,0.3946517002829919,0.0,0.6355932203389831
random_score,2105,1,447,0.46588978641671985,0.0,0.5148305084745763
random_score,2106,0,447,0.6324584056928583,0.0,0.28087167070217917
random_score,2107,0,448,0.5627948931867648,0.1,0.4592116507619997
random_score,2108,0,448,0.4811513000910238,0.0,0.5911016949152543
random_score,2109,0,449,0.6179433510487685,0.1,0.39656031904287137
random_score,2110,0,449,0.302488489463162,0.0,0.8135593220338984
random_score,2111,0,450,0.6044318443286666,0.1,0.3114406779661017
random_score,2112,0,450,0.566581214002637,0.0,0.451271186440678
random_score,2113,0,451,0.6169036026486512,0.0,0.3241525423728814
random_score,2114,0,451,0.582577643308602,0.0,0.3326271186440678
random_score,2115,0,452,0.4308362382554877,0.0,0.6165254237288136
random_score,2116,0,452,0.5422444407797802,0.0,0.4660660874519299
random_score,2117,0,453,0.5665980879410745,0.2,0.49369747899159666
random_score,2118,0,453,0.5080761076390274,0.1,0.489406779661017
random_score,2119,0,454,0.4368865970090761,0.1,0.5906566016237003
random_score,2120,0,454,0.4112217213832154,0.0,0.7447835066229882
random_score,2121,0,455,0.6199120816593959,0.0,0.2436440677966102
random_score,2122,0,455,0.548292043505779,0.0,0.4343220338983051
random_score,2123,0,456,0.3978849927978949,0.0,0.5821998290841761
random_score,2124,0,456,0.5104728122236841,0.0,0.4957627118644068
random_score,2125,0,457,0.49024506476539365,0.1,0.5082075202962542
random_score,2126,0,457,0.5883815863872749,0.0,0.3101766130180886
random_score,2127,0,458,0.5389969775173591,0.0,0.44712291696339557
random_score,2128,0,459,0.652844935073744,0.1,0.2436440677966102
random_score,2129,0,459,0.5850250271367041,0.1,0.3792372881355932
random_score,2130,0,458,0.40637788713549783,0.0,0.5593220338983051
random_score,2131,0,460,0.49953796110101667,0.0,0.538135593220339
random_score,2132,0,460,0.4109946486001822,0.0,0.6716101694915255
random_score,2133,0,461,0.5691224873364711,0.0,0.4364406779661017
random_score,2134,0,461,0.5596630456687774,0.1,0.4745762711864407
random_score,2135,0,462,0.5056050872708658,0.0,0.5042372881355932
random_score,2136,0,462,0.3223980539766757,0.0,0.7627118644067796
random_score,2137,0,463,0.42209563294695923,0.0,0.5741525423728814
random_score,2138,0,463,0.7311442393523774,0.1,0.16457769548497364
random_score,2139,0,464,0.45715569670459943,0.0,0.6059322033898304
random_score,2140,0,464,0.7276386584019994,0.0,0.13771186440677965
random_score,2141,0,465,0.4400781820077541,0.1,0.6122881355932204
random_score,2142,0,465,0.5985108464898071,0.0,0.45947870673693203
random_score,2143,0,466,0.6195431548860235,0.1,0.39194915254237284
random_score,2144,0,466,0.5385580978832822,0.0,0.4978813559322034
random_score,2145,0,467,0.47589284873603493,0.0,0.4347315197265347
random_score,2146,0,467,0.3783382729867835,0.1,0.6370887337986042
random_score,2147,0,468,0.5218212178389466,0.1,0.4327731092436975
random_score,2148,0,469,0.43228892767728533,0.0,0.597457627118644
random_score,2149,0,469,0.56560272854509,0.0,0.33123842757441957
random_score,2150,0,468,0.4195596820266722,0.0,0.46414328443241704
random_score,2151,0,470,0.6065330297129268,0.0,0.3601694915254237
random_score,2152,0,470,0.5677221511433975,0.0,0.521186440677966
random_score,2153,0,471,0.531998124856134,0.2,0.5444915254237288
random_score,2154,0,471,0.36136491342262955,0.0,0.7400299102691924
random_score,2155,0,472,0.3664103366245388,0.0,0.6271186440677966
random_score,2156,0,472,0.39068702008998824,0.0,0.625
random_score,2157,0,473,0.6382767342145522,0.0,0.26344181740492806
random_score,2158,0,473,0.5330611760705776,0.1,0.44511109528557186
random_score,2159,0,474,0.5408736977571408,0.0,0.4258474576271186
random_score,2160,0,474,0.39964079226588506,0.0,0.5720338983050848
random_score,2161,0,475,0.5811889485272005,0.0,0.3432203389830508
random_score,2162,0,475,0.4128998932834599,0.0,0.6440677966101696
random_score,2163,1,476,0.6181767784206871,0.0,0.3516949152542373
random_score,2164,0,476,0.40245363512177335,0.0,0.6398305084745762
random_score,2165,0,477,0.5736890221442634,0.2,0.4560247827944737
random_score,2166,0,477,0.41172948986828484,0.0,0.6207627118644068
random_score,2167,0,478,0.5526193600010594,0.0,0.46209585529126906
random_score,2168,0,478,0.550577243970259,0.0,0.3665254237288136
random_score,2169,0,479,0.6090891857500951,0.0,0.3665254237288136
random_score,2170,0,479,0.48686451426636773,0.0,0.47881355932203384
random_score,2171,0,480,0.6650484588451434,0.0,0.30720338983050843
random_score,2172,0,480,0.5408494826168359,0.0,0.4597457627118644
random_score,2173,0,481,0.6384931270382241,0.1,0.2762605042016807
random_score,2174,0,481,0.4144217761196763,0.0,0.5335066229881783
random_score,2175,0,482,0.4705707085594023,0.0,0.5720338983050848
random_score,2176,0,482,0.47774048647562706,0.0,0.5065161657883492
random_score,2177,1,483,0.47420285623702174,0.0,0.5529661016949152
random_score,2178,0,483,0.7102206842770707,0.0,0.22245762711864409
random_score,2179,0,484,0.5381474205484559,0.0,0.3389830508474576
random_score,2180,0,484,0.5261159160684371,0.0,0.5021186440677966
random_score,2181,0,485,0.5959725992266673,0.0,0.3665254237288136
random_score,2182,0,485,0.679603210602251,0.0,0.2690677966101695
random_score,2183,1,486,0.47601532622266074,0.0,0.4915966386554622
random_score,2184,0,486,0.39042605495807065,0.0,0.5740279162512463
random_score,2185,0,487,0.55767085383315,0.0,0.4114620424440963
random_score,2186,0,487,0.5930717237469828,0.1,0.2828300811850164
random_score,2187,0,488,0.3706844097821257,0.0,0.7076271186440677
random_score,2188,0,488,0.500137491582591,0.0,0.5548532972511038
random_score,2189,0,489,0.5348576116175556,0.0,0.4814663153396952
random_score,2190,0,489,0.6704970554320315,0.1,0.3241525423728814
random_score,2191,0,490,0.2719346067934712,0.0,0.777542372881356
random_score,2192,0,490,0.4817744157072087,0.0,0.5529661016949152
random_score,2193,0,491,0.6397257357012864,0.0,0.2754237288135593
random_score,2194,0,491,0.40935672826137404,0.0,0.6652542372881356
random_score,2195,0,492,0.45009242154740975,0.0,0.5911016949152542
random_score,2196,0,492,0.535177740973434,0.0,0.521186440677966
random_score,2197,0,493,0.5285413440175535,0.0,0.4258474576271186
random_score,2198,0,493,0.3798061829413019,0.0,0.6716101694915254
random_score,2199,0,494,0.6214568079504221,0.0,0.326271186440678
random_score,2200,0,494,0.553191459125254,0.0,0.461864406779661
random_score,2201,0,495,0.44815802735459914,0.0,0.5042372881355932
random_score,2202,0,495,0.5160900948728344,0.0,0.4703389830508474
random_score,2203,0,496,0.49638224535029724,0.0,0.4385593220338983
random_score,2204,0,496,0.395283732284719,0.0,0.6504237288135593
random_score,2205,0,497,0.3522922562853436,0.1,0.7574597635664435
random_score,2206,0,497,0.6196520126615925,0.0,0.18996581683520866
random_score,2207,0,498,0.5008213113386868,0.0,0.39618644067796616
random_score,2208,0,498,0.5420218720284385,0.0,0.36488748041589514
random_score,2209,0,499,0.6166779245042535,0.2,0.4199900299102692
random_score,2210,0,499,0.5682284801825466,0.0,0.4557221193562171
random_score,2211,0,500,0.6320540117481475,0.0,0.18551488391966958
random_score,2212,0,500,0.5260063172974079,0.0,0.5209905996296824
random_score,2213,0,501,0.4294294276907604,0.0,0.5444915254237288
random_score,2214,0,501,0.4361658017556914,0.1,0.5444915254237288
random_score,2215,0,502,0.5497404888266969,0.0,0.423728813559322
random_score,2216,0,502,0.4176170248115552,0.0,0.586864406779661
random_score,2217,0,503,0.4952690694661971,0.0,0.5932203389830508
random_score,2218,0,503,0.35350022875596326,0.0,0.6970338983050848
random_score,2219,0,504,0.4035014955189006,0.0,0.673728813559322
random_score,2220,0,504,0.49762370148445517,0.0,0.5043975217205526
random_score,2221,0,505,0.4931749473695888,0.0,0.4406779661016949
random_score,2222,0,505,0.5261493133088644,0.0,0.375
random_score,2223,0,506,0.4297905131921985,0.1,0.5402542372881356
random_score,2224,0,506,0.4410087640867708,0.0,0.6228813559322034
random_score,2225,0,507,0.3947924033071427,0.0,0.701271186440678
random_score,2226,0,507,0.4703704471018181,0.0,0.5658025922233301
random_score,2227,0,508,0.3476905585109734,0.0,0.7275494943740208
random_score,2228,0,508,0.4129919144705808,0.1,0.6605362483976642
random_score,2229,0,509,0.6581700799204151,0.1,0.24576271186440676
random_score,2230,0,509,0.39516566596898406,0.0,0.7139830508474576
random_score,2231,0,510,0.5559002199576929,0.0,0.39830508474576276
random_score,2232,0,510,0.5520669924658225,0.0,0.4684873949579832
random_score,2233,0,511,0.2790565578499934,0.0,0.8135593220338984
random_score,2234,0,511,0.579558886871428,0.0,0.4027916251246261
random_score,2235,0,512,0.6839591679821366,0.0,0.23940677966101695
random_score,2236,0,512,0.46635772884159754,0.0,0.521186440677966
random_score,2237,0,513,0.4209808602588022,0.0,0.6567796610169492
random_score,2238,0,513,0.5630550712725524,0.0,0.41726605896595925
random_score,2239,0,514,0.4724444015966379,0.0,0.6016949152542372
random_score,2240,0,514,0.4318346206688168,0.0,0.5739745050562598
random_score,2241,0,515,0.527190646403995,0.0,0.4491525423728814
random_score,2242,0,515,0.3337644529882141,0.0,0.7669491525423728
random_score,2243,0,516,0.558307241662521,0.0,0.3283898305084746
random_score,2244,0,516,0.3784096773524523,0.0,0.6016949152542372
random_score,2245,0,517,0.39037100567805155,0.0,0.6906779661016949
random_score,2246,0,518,0.5979121676233332,0.1,0.43644067796610164
random_score,2247,0,518,0.5016959857233916,0.0,0.451271186440678
random_score,2248,0,517,0.5656913715774172,0.1,0.4915254237288136
random_score,2249,0,519,0.66470476152576,0.1,0.25
random_score,2250,0,519,0.4224193792854905,0.0,0.597457627118644
random_score,2251,0,520,0.4974042923176138,0.0,0.43008474576271183
random_score,2252,0,520,0.4179216064406517,0.0,0.6561743341404358
random_score,2253,0,521,0.536153421994374,0.1,0.3792372881355932
random_score,2254,0,521,0.42283113708930664,0.0,0.635593220338983
random_score,2255,0,522,0.5630494789171172,0.0,0.3516949152542373
random_score,2256,0,522,0.47998826666494737,0.0,0.4406779661016949
random_score,2257,0,523,0.5616925665777374,0.0,0.4811814556331007
random_score,2258,0,523,0.592634921142259,0.0,0.37318401937046003
random_score,2259,0,524,0.4673514531967927,0.1,0.6377118644067796
random_score,2260,0,524,0.46873262013769407,0.0,0.544064235863837
random_score,2261,0,525,0.5858896890716414,0.0,0.36504771400085456
random_score,2262,0,525,0.636804406169084,0.1,0.29333428286568863
random_score,2263,0,526,0.574679855943369,0.0,0.365546218487395
random_score,2264,0,526,0.47496428195149054,0.0,0.6012498219626834
random_score,2265,0,527,0.4370393123597701,0.0,0.5296610169491525
random_score,2266,0,527,0.5585429003481424,0.0,0.40058396239851873
random_score,2267,0,528,0.4917870951878225,0.0,0.4641610881640792
random_score,2268,0,529,0.5894621968342262,0.0,0.2330508474576271
random_score,2269,0,528,0.3696023419108182,0.1,0.6864406779661016
random_score,2270,0,529,0.4509346360756702,0.0,0.5508474576271186
random_score,2271,0,530,0.33816972372158227,0.0,0.728813559322034
random_score,2272,0,530,0.4860408777701292,0.0,0.4576271186440678
random_score,2273,0,531,0.533694297356557,0.1,0.3347457627118644
random_score,2274,0,531,0.5695282276197625,0.0,0.4258474576271186
random_score,2275,0,532,0.5038054939860778,0.0,0.4915254237288136
random_score,2276,0,532,0.5323245236581944,0.0,0.5063559322033898
random_score,2277,0,533,0.445287482563587,0.0,0.6610169491525424
random_score,2278,0,533,0.39030971867849396,0.0,0.6588983050847458
random_score,2279,0,534,0.5904835042840789,0.1,0.3432203389830508
random_score,2280,0,534,0.501515693874356,0.0,0.5822354365475004
random_score,2281,0,535,0.30061268746617154,0.0,0.6906779661016949
random_score,2282,0,535,0.5139578217443307,0.0,0.4872881355932204
random_score,2283,0,536,0.6335875471756731,0.0,0.3008474576271186
random_score,2284,0,536,0.4634816742890819,0.1,0.5254237288135593
random_score,2285,0,537,0.6246786922281949,0.1,0.3516949152542373
random_score,2286,0,537,0.40940737608407884,0.0,0.6546610169491525
random_score,2287,0,538,0.5549739207704197,0.1,0.4095570431562455
random_score,2288,0,538,0.44063353210732786,0.0,0.5478920381712007
random_score,2289,0,539,0.4029551674122563,0.0,0.563292266058966
random_score,2290,0,539,0.608215529975738,0.0,0.2817796610169492
random_score,2291,0,540,0.6665077561622259,0.0,0.3538135593220339
random_score,2292,0,540,0.547364300315645,0.0,0.4110169491525424
random_score,2293,0,541,0.5323678740734288,0.2,0.510593220338983
random_score,2294,0,541,0.5890341414170253,0.0,0.40072639225181594
random_score,2295,0,542,0.38072452263875894,0.0,0.6291304657456203
random_score,2296,0,542,0.43985607842188423,0.0,0.588235294117647
random_score,2297,0,543,0.4901402604423257,0.0,0.5847457627118644
random_score,2298,0,543,0.5761637030004212,0.0,0.3983050847457627
random_score,2299,0,544,0.44732571698822926,0.0,0.5294117647058824
random_score,2300,0,544,0.6234649990253194,0.0,0.39622204814129036
random_score,2301,0,545,0.565067482205779,0.1,0.4957627118644068
random_score,2302,0,545,0.6568725252419864,0.0,0.3077731092436975
random_score,2303,0,546,0.4879321447354538,0.0,0.4917924797037459
random_score,2304,0,546,0.522244013123067,0.0,0.563185443668993
random_score,2305,0,547,0.4873931686043581,0.0,0.551114513602051
random_score,2306,0,547,0.46986685183657234,0.0,0.5296076057541661
random_score,2307,0,548,0.3937428424255681,0.0,0.6350413046574561
random_score,2308,0,548,0.43312987318630836,0.0,0.5932203389830508
random_score,2309,0,549,0.6684321795915877,0.0,0.3156779661016949
random_score,2310,0,549,0.5497386372570706,0.1,0.4385593220338983
random_score,2311,0,550,0.4954718914336512,0.0,0.3801630821820253
random_score,2312,0,550,0.5753507427249818,0.1,0.406993305796895
random_score,2313,0,551,0.5214956021551116,0.0,0.4258474576271186
random_score,2314,0,551,0.45321649832632077,0.0,0.5125694345534824
random_score,2315,0,552,0.543897850882794,0.0,0.3919491525423729
random_score,2316,0,552,0.5173092638201947,0.0,0.5126940606751176
random_score,2317,0,553,0.3803891020788773,0.0,0.6313559322033899
random_score,2318,0,553,0.5181124109728004,0.0,0.4194915254237288
random_score,2319,0,554,0.5976406365962634,0.1,0.4194915254237288
random_score,2320,0,554,0.5968235474045167,0.0,0.364406779661017
random_score,2321,0,555,0.5727446616563867,0.0,0.260593220338983
random_score,2322,0,555,0.5490057166481181,0.0,0.4173728813559322
random_score,2323,0,556,0.5634664853586221,0.0,0.3877118644067796
random_score,2324,0,556,0.6291549356349663,0.0,0.29333428286568863
random_score,2325,0,557,0.4575417035146607,0.0,0.5402542372881356
random_score,2326,0,557,0.5776635158409656,0.0,0.25
random_score,2327,0,558,0.32435392102873156,0.0,0.7838983050847457
random_score,2328,0,558,0.548852418207861,0.0,0.4533898305084746
random_score,2329,0,559,0.5070265360817027,0.2,0.5021186440677966
random_score,2330,0,559,0.4845184315581186,0.1,0.5889830508474576
random_score,2331,1,560,0.42582523721359883,0.0,0.5741525423728814
random_score,2332,0,560,0.4473259623050822,0.0,0.548728813559322
random_score,2333,0,561,0.5268747267262549,0.0,0.44491525423728817
random_score,2334,0,561,0.5667651202448697,0.0,0.3756587380714998
random_score,2335,0,562,0.43596544561828504,0.0,0.6440677966101696
random_score,2336,0,562,0.4903419287789606,0.1,0.538135593220339
random_score,2337,0,563,0.637897389806948,0.0,0.2478813559322034
random_score,2338,0,563,0.48065600155575894,0.0,0.6631355932203389
random_score,2339,0,564,0.5269864363122345,0.0,0.43855932203389836
random_score,2340,0,564,0.374020912659064,0.0,0.6016949152542372
random_score,2341,0,565,0.4399187415762514,0.0,0.6059322033898304
random_score,2342,0,565,0.46608988926595973,0.0,0.527542372881356
random_score,2343,1,566,0.6280548171012932,0.2,0.3347457627118644
random_score,2344,0,566,0.5975514832116884,0.2,0.423728813559322
random_score,2345,0,567,0.6033817187527107,0.0,0.298728813559322
random_score,2346,0,567,0.4056040123973347,0.0,0.5423728813559322
random_score,2347,0,568,0.34416173100955777,0.0,0.8072033898305084
random_score,2348,0,568,0.3452139718672807,0.0,0.6413794331291839
random_score,2349,0,569,0.6774213184390714,0.0,0.26356644352656317
random_score,2350,0,569,0.4701154131883941,0.0,0.4597813701751887
random_score,2351,0,570,0.4891131992841841,0.1,0.5127118644067796
random_score,2352,0,570,0.44581919468789877,0.0,0.603813559322034
random_score,2353,0,571,0.5830926495851763,0.0,0.30508474576271183
random_score,2354,0,571,0.6036157981017755,0.0,0.4025423728813559
random_score,2355,0,572,0.47447426157139433,0.1,0.5400583962398519
random_score,2356,0,572,0.5178502604643163,0.0,0.451271186440678
random_score,2357,0,573,0.5346158450731711,0.0,0.38826378008830653
random_score,2358,0,573,0.5148566428141954,0.1,0.5504023643355647
random_score,2359,0,574,0.49359895686110394,0.0,0.4723151972653468
random_score,2360,0,574,0.5819535119995864,0.1,0.45184090585386694
random_score,2361,0,575,0.46340981562838535,0.0,0.586864406779661
random_score,2362,0,575,0.3561629415913233,0.0,0.7733050847457628
random_score,2363,0,576,0.5265963227538281,0.0,0.548728813559322
random_score,2364,0,576,0.4623844660849753,0.0,0.559322033898305
random_score,2365,0,577,0.569774583357256,0.0,0.40042372881355937
random_score,2366,0,577,0.4903201621770533,0.1,0.510593220338983
random_score,2367,0,578,0.5456971131694145,0.0,0.3559322033898305
random_score,2368,0,578,0.6550048110647906,0.0,0.2478813559322034
random_score,2369,0,579,0.587634527097658,0.0,0.3478849166785358
random_score,2370,0,579,0.4266783227243682,0.0,0.5441888619854721
random_score,2371,0,580,0.4495052306863874,0.0,0.5189965816835209
random_score,2372,0,580,0.4807233188612505,0.1,0.5944666001994018
random_score,2373,0,581,0.5647514066686459,0.0,0.5148305084745762
random_score,2374,0,581,0.38422786149091404,0.0,0.5508474576271187
random_score,2375,0,582,0.41489793001998354,0.0,0.603813559322034
random_score,2376,0,582,0.5289313553255821,0.0,0.3983050847457627
random_score,2377,0,583,0.5464074111483486,0.0,0.44304586241276167
random_score,2378,0,583,0.5029145709152167,0.0,0.43261287565873807
random_score,2379,0,584,0.5344114759133466,0.0,0.4385593220338983
random_score,2380,0,584,0.6044345665397558,0.0,0.4173728813559322
random_score,2381,0,585,0.5031177863203825,0.0,0.43220338983050843
random_score,2382,0,585,0.5570492066922835,0.0,0.2899159663865546
random_score,2383,0,586,0.5593692666810135,0.1,0.30720338983050843
random_score,2384,0,586,0.4788702162119846,0.0,0.4978813559322034
random_score,2385,0,587,0.535047300797365,0.0,0.46820253525138866
random_score,2386,0,587,0.4760742337639696,0.0,0.614406779661017
random_score,2387,0,588,0.42745025883444276,0.0,0.7169740777666999
random_score,2388,0,588,0.5195133411831135,0.0,0.4957627118644068
random_score,2389,0,589,0.48516156829747653,0.2,0.5741525423728814
random_score,2390,0,589,0.40177167955186555,0.0,0.5720160945734225
random_score,2391,0,590,0.5765783100593922,0.1,0.4194915254237288
random_score,2392,0,590,0.43224460168243617,0.1,0.7258047286711296
deviation_score,1211,0,0,0.5598176295722329,0.0,0.046610169491525424
deviation_score,1212,0,0,0.5598176295722329,0.0,0.046610169491525424
deviation_score,1213,0,1,0.5373623245659882,0.0,0.10546930636661445
deviation_score,1214,0,1,0.5373623245659882,0.0,0.10546930636661445
deviation_score,1215,0,2,0.5367743900429944,0.0,0.11864406779661017
deviation_score,1216,0,2,0.5367743900429944,0.0,0.11864406779661017
deviation_score,1217,0,3,0.5389530849272257,0.0,0.1181811707733941
deviation_score,1218,0,3,0.5389530849272257,0.0,0.1181811707733941
deviation_score,1219,0,4,0.541633986834307,0.0,0.08823529411764706
deviation_score,1220,0,4,0.541633986834307,0.0,0.08823529411764706
deviation_score,1221,0,5,0.5639660688217768,0.0,0.0632744623273038
deviation_score,1222,0,5,0.5639660688217768,0.0,0.0632744623273038
deviation_score,1223,0,6,0.5910594726338013,0.4,0.025423728813559324
deviation_score,1224,0,6,0.5910594726338013,0.4,0.025423728813559324
deviation_score,1225,0,7,0.5847586741539283,0.2,0.03813559322033898
deviation_score,1226,0,7,0.5847586741539283,0.2,0.03813559322033898
deviation_score,1227,0,8,0.5664937477399973,0.2,0.04201680672268908
deviation_score,1228,0,8,0.5664937477399973,0.2,0.04201680672268908
deviation_score,1229,0,9,0.5673191648848127,0.1,0.03813559322033898
deviation_score,1230,0,9,0.5673191648848127,0.1,0.03813559322033898
deviation_score,1231,0,10,0.547046853558619,0.0,0.07171343113516593
deviation_score,1232,0,10,0.547046853558619,0.0,0.07171343113516593
deviation_score,1233,0,11,0.4957390697141591,0.0,0.385593220338983
deviation_score,1234,0,11,0.4957390697141591,0.0,0.385593220338983
deviation_score,1235,0,12,0.5214594640138301,0.0,0.1822033898305085
deviation_score,1236,0,12,0.5214594640138301,0.0,0.1822033898305085
deviation_score,1237,0,13,0.5508521163797113,0.0,0.0805084745762712
deviation_score,1238,0,13,0.5508521163797113,0.0,0.0805084745762712
deviation_score,1239,0,14,0.5932133163389015,0.3,0.029554194559179604
deviation_score,1240,0,14,0.5932133163389015,0.3,0.029554194559179604
deviation_score,1241,0,15,0.5420547030633948,0.0,0.11016949152542373
deviation_score,1242,0,15,0.5420547030633948,0.0,0.11016949152542373
deviation_score,1243,0,16,0.5052244491474712,0.0,0.3050847457627119
deviation_score,1244,0,16,0.5052244491474712,0.0,0.3050847457627119
deviation_score,1245,0,17,0.5361291145198346,0.0,0.1059322033898305
deviation_score,1246,0,17,0.5361291145198346,0.0,0.1059322033898305
deviation_score,1247,0,18,0.5607666825441903,0.0,0.07627118644067796
deviation_score,1248,0,18,0.5607666825441903,0.0,0.07627118644067796
deviation_score,1249,0,19,0.47066638908820035,0.0,0.5423728813559322
deviation_score,1250,0,19,0.47066638908820035,0.0,0.5423728813559322
deviation_score,1251,0,20,0.5213693251587624,0.0,0.1864406779661017
deviation_score,1252,0,20,0.5213693251587624,0.0,0.1864406779661017
deviation_score,1253,0,21,0.5752832077285717,0.2,0.0423728813559322
deviation_score,1254,0,21,0.5752832077285717,0.2,0.0423728813559322
deviation_score,1255,0,22,0.5217042758143746,0.0,0.18142002563737358
deviation_score,1256,0,22,0.5217042758143746,0.0,0.18142002563737358
deviation_score,1257,0,23,0.5779772478260505,0.3,0.0423728813559322
deviation_score,1258,0,23,0.5779772478260505,0.3,0.0423728813559322
deviation_score,1259,0,24,0.5729848977169799,0.0,0.0423728813559322
deviation_score,1260,0,24,0.5729848977169799,0.0,0.0423728813559322
deviation_score,1261,0,25,0.5476888463573936,0.0,0.06779661016949153
deviation_score,1262,0,25,0.5476888463573936,0.0,0.06779661016949153
deviation_score,1263,0,26,0.4916273328522746,0.0,0.4110169491525424
deviation_score,1264,0,26,0.4916273328522746,0.0,0.4110169491525424
deviation_score,1265,0,27,0.500135322423676,0.0,0.32908417604329865
deviation_score,1266,0,27,0.500135322423676,0.0,0.32908417604329865
deviation_score,1267,0,28,0.5298168093656693,0.0,0.17372881355932202
deviation_score,1268,0,28,0.5298168093656693,0.0,0.17372881355932202
deviation_score,1269,0,29,0.5649565370991486,0.0,0.059322033898305086
deviation_score,1270,0,29,0.5649565370991486,0.0,0.059322033898305086
deviation_score,1271,0,30,0.5396789593693683,0.0,0.11016949152542374
deviation_score,1272,0,30,0.5396789593693683,0.0,0.11016949152542374
deviation_score,1273,0,31,0.5868911029634867,0.3,0.03389830508474576
deviation_score,1274,0,31,0.5868911029634867,0.3,0.03389830508474576
deviation_score,1275,0,32,0.5733064674167829,0.0,0.046610169491525424
deviation_score,1276,0,32,0.5733064674167829,0.0,0.046610169491525424
deviation_score,1277,0,33,0.5215080777364843,0.0,0.17796610169491525
deviation_score,1278,0,33,0.5215080777364843,0.0,0.17796610169491525
deviation_score,1279,0,34,0.6927463781967035,0.6,0.01694915254237288
deviation_score,1280,0,34,0.6927463781967035,0.6,0.01694915254237288
deviation_score,1281,0,35,0.7073409830164815,0.9,0.00847457627118644
deviation_score,1282,0,35,0.7073409830164815,0.9,0.00847457627118644
deviation_score,1283,0,36,0.527932754520559,0.0,0.17796610169491525
deviation_score,1284,0,36,0.527932754520559,0.0,0.17796610169491525
deviation_score,1285,0,37,0.5742228937531524,0.1,0.03813559322033898
deviation_score,1286,0,37,0.5742228937531524,0.1,0.03813559322033898
deviation_score,1287,0,38,0.48919872635322637,0.0,0.43879077054550636
deviation_score,1288,0,38,0.48919872635322637,0.0,0.43879077054550636
deviation_score,1289,0,39,0.5237413715088103,0.0,0.1652542372881356
deviation_score,1290,0,39,0.5237413715088103,0.0,0.1652542372881356
deviation_score,1291,0,40,0.5404116823124518,0.0,0.11394388263780089
deviation_score,1292,0,40,0.5404116823124518,0.0,0.11394388263780089
deviation_score,1293,0,41,0.5072847557113586,0.0,0.30800455775530555
deviation_score,1294,0,41,0.5072847557113586,0.0,0.30800455775530555
deviation_score,1295,0,42,0.5051071785416011,0.0,0.3080401652186298
deviation_score,1296,0,42,0.5051071785416011,0.0,0.3080401652186298
deviation_score,1297,0,43,0.46058414369027895,0.0,0.6440677966101694
deviation_score,1298,0,43,0.46058414369027895,0.0,0.6440677966101694
deviation_score,1299,0,44,0.580542077941856,0.4,0.025316906423586385
deviation_score,1300,0,44,0.580542077941856,0.4,0.025316906423586385
deviation_score,1301,0,45,0.5186626593213081,0.0,0.2076271186440678
deviation_score,1302,0,45,0.5186626593213081,0.0,0.2076271186440678
deviation_score,1303,0,46,0.39731353050578466,0.0,0.940677966101695
deviation_score,1304,0,46,0.39731353050578466,0.0,0.940677966101695
deviation_score,1305,0,47,0.38970445763882117,0.0,0.9536034752884204
deviation_score,1306,0,47,0.38970445763882117,0.0,0.9536034752884204
deviation_score,1307,0,48,0.42047484638105576,0.0,0.8728813559322034
deviation_score,1308,0,48,0.42047484638105576,0.0,0.8728813559322034
deviation_score,1309,0,49,0.4273250603572379,0.0,0.8347457627118644
deviation_score,1310,0,49,0.4273250603572379,0.0,0.8347457627118644
deviation_score,1311,0,50,0.4477815214391415,0.0,0.7330508474576272
deviation_score,1312,0,50,0.4477815214391415,0.0,0.7330508474576272
deviation_score,1313,0,51,0.5503446694091951,0.0,0.07203389830508475
deviation_score,1314,0,51,0.5503446694091951,0.0,0.07203389830508475
deviation_score,1315,0,52,0.4572113972656055,0.0,0.6567796610169492
deviation_score,1316,0,52,0.4572113972656055,0.0,0.6567796610169492
deviation_score,1317,0,53,0.44118657200081246,0.0,0.8017020367469021
deviation_score,1318,0,53,0.44118657200081246,0.0,0.8017020367469021
deviation_score,1319,0,54,0.3862649223730522,0.0,0.9576271186440678
deviation_score,1320,0,54,0.3862649223730522,0.0,0.9576271186440678
deviation_score,1321,0,55,0.3819278618230093,0.0,0.9703389830508474
deviation_score,1322,0,55,0.3819278618230093,0.0,0.9703389830508474
deviation_score,1323,0,56,0.46465583057854454,0.0,0.6652542372881356
deviation_score,1324,0,56,0.46465583057854454,0.0,0.6652542372881356
deviation_score,1325,0,57,0.455101240386134,0.0,0.6835564734368323
deviation_score,1326,0,57,0.455101240386134,0.0,0.6835564734368323
deviation_score,1327,0,58,0.4739317153617731,0.0,0.5254237288135594
deviation_score,1328,0,58,0.4739317153617731,0.0,0.5254237288135594
deviation_score,1329,0,59,0.428277548886235,0.0,0.826271186440678
deviation_score,1330,0,59,0.428277548886235,0.0,0.826271186440678
deviation_score,1331,0,60,0.4771553127080229,0.0,0.5084745762711864
deviation_score,1332,0,60,0.4771553127080229,0.0,0.5084745762711864
deviation_score,1333,0,61,0.4219732739363747,0.0,0.8734510753453923
deviation_score,1334,0,61,0.4219732739363747,0.0,0.8734510753453923
deviation_score,1335,0,62,0.4670482943729536,0.0,0.6186440677966102
deviation_score,1336,0,62,0.4670482943729536,0.0,0.6186440677966102
deviation_score,1337,0,63,0.4654786111214942,0.0,0.6101694915254238
deviation_score,1338,0,63,0.4654786111214942,0.0,0.6101694915254238
deviation_score,1339,0,64,0.45281677044197616,0.0,0.6949152542372881
deviation_score,1340,0,64,0.45281677044197616,0.0,0.6949152542372881
deviation_score,1341,0,65,0.4236762580566561,0.0,0.8601694915254238
deviation_score,1342,0,65,0.4236762580566561,0.0,0.8601694915254238
deviation_score,1343,0,66,0.4502857115076112,0.0,0.7245762711864406
deviation_score,1344,0,66,0.4502857115076112,0.0,0.7245762711864406
deviation_score,1345,0,67,0.5026407022377793,0.0,0.32908417604329865
deviation_score,1346,0,67,0.5026407022377793,0.0,0.32908417604329865
deviation_score,1347,1,68,0.4943281090277637,0.0,0.40507050277738216
deviation_score,1348,0,68,0.4943281090277637,0.0,0.40507050277738216
deviation_score,1349,0,69,0.48541352919280384,0.0,0.45570431562455493
deviation_score,1350,0,69,0.48541352919280384,0.0,0.45570431562455493
deviation_score,1351,0,70,0.5268920291370076,0.0,0.1561387266771115
deviation_score,1352,0,71,0.420553553835155,0.0,0.8692137872097991
deviation_score,1353,0,70,0.5268920291370076,0.0,0.1561387266771115
deviation_score,1354,0,71,0.420553553835155,0.0,0.8692137872097991
deviation_score,1355,0,72,0.44501612940558155,0.0,0.79326306793904
deviation_score,1356,0,72,0.44501612940558155,0.0,0.79326306793904
deviation_score,1357,0,73,0.4479874231288913,0.0,0.7415254237288136
deviation_score,1358,0,73,0.4479874231288913,0.0,0.7415254237288136
deviation_score,1359,0,74,0.4331541327681155,0.0,0.8050847457627119
deviation_score,1360,0,74,0.4331541327681155,0.0,0.8050847457627119
deviation_score,1361,0,75,0.44626994461828334,0.0,0.7245762711864407
deviation_score,1362,0,75,0.44626994461828334,0.0,0.7245762711864407
deviation_score,1363,0,76,0.4611349666754038,0.0,0.645492095143142
deviation_score,1364,0,76,0.4611349666754038,0.0,0.645492095143142
deviation_score,1365,0,77,0.48693142996842376,0.0,0.4261501210653753
deviation_score,1366,0,77,0.48693142996842376,0.0,0.4261501210653753
deviation_score,1367,0,78,0.5110572907354783,0.0,0.2457627118644068
deviation_score,1368,0,78,0.5110572907354783,0.0,0.2457627118644068
deviation_score,1369,0,79,0.510213690410495,0.0,0.25
deviation_score,1370,0,79,0.510213690410495,0.0,0.25
deviation_score,1371,1,80,0.4312291060229523,0.0,0.8305084745762712
deviation_score,1372,0,80,0.4312291060229523,0.0,0.8305084745762712
deviation_score,1373,0,81,0.498001746019488,0.0,0.3586383706024783
deviation_score,1374,0,81,0.498001746019488,0.0,0.3586383706024783
deviation_score,1375,0,82,0.4689843486646984,0.0,0.5882352941176471
deviation_score,1376,0,82,0.4689843486646984,0.0,0.5882352941176471
deviation_score,1377,0,83,0.3851220189845467,0.0,0.9533898305084746
deviation_score,1378,0,83,0.3851220189845467,0.0,0.9533898305084746
deviation_score,1379,0,84,0.4299991100397709,0.0,0.8438968807862128
deviation_score,1380,0,84,0.4299991100397709,0.0,0.8438968807862128
deviation_score,1381,1,85,0.38426122065433393,0.0,0.9576271186440678
deviation_score,1382,0,85,0.38426122065433393,0.0,0.9576271186440678
deviation_score,1383,0,86,0.4867507372630625,0.0,0.4364406779661017
deviation_score,1384,0,86,0.4867507372630625,0.0,0.4364406779661017
deviation_score,1385,0,87,0.5113111347949093,0.0,0.2542372881355932
deviation_score,1386,0,87,0.5113111347949093,0.0,0.2542372881355932
deviation_score,1387,0,88,0.48397164983908036,0.0,0.4599059962968238
deviation_score,1388,0,88,0.48397164983908036,0.0,0.4599059962968238
deviation_score,1389,0,89,0.493333456241171,0.0,0.38983050847457623
deviation_score,1390,0,89,0.493333456241171,0.0,0.38983050847457623
deviation_score,1391,0,90,0.4443120606467897,0.0,0.7805868109955847
deviation_score,1392,0,90,0.4443120606467897,0.0,0.7805868109955847
deviation_score,1393,0,91,0.4633613251774344,0.0,0.6244124768551489
deviation_score,1394,0,91,0.4633613251774344,0.0,0.6244124768551489
deviation_score,1395,0,92,0.4113920082445742,0.0,0.9071713431135167
deviation_score,1396,0,92,0.4113920082445742,0.0,0.9071713431135167
deviation_score,1397,0,93,0.4632381316728381,0.0,0.6271186440677966
deviation_score,1398,0,93,0.4632381316728381,0.0,0.6271186440677966
deviation_score,1399,0,94,0.4086404166546713,0.0,0.9067796610169492
deviation_score,1400,0,94,0.4086404166546713,0.0,0.9067796610169492
deviation_score,1401,0,95,0.45963863461641496,0.0,0.6470588235294117
deviation_score,1402,0,95,0.45963863461641496,0.0,0.6470588235294117
deviation_score,1403,0,96,0.4677557992769654,0.0,0.5635593220338984
deviation_score,1404,0,96,0.4677557992769654,0.0,0.5635593220338984
deviation_score,1405,0,97,0.5055753713168525,0.0,0.31779661016949157
deviation_score,1406,0,97,0.5055753713168525,0.0,0.31779661016949157
deviation_score,1407,0,98,0.523040367999677,0.0,0.1772183449651047
deviation_score,1408,0,98,0.523040367999677,0.0,0.1772183449651047
deviation_score,1409,0,99,0.40084794245578986,0.0,0.9491525423728814
deviation_score,1410,0,99,0.40084794245578986,0.0,0.9491525423728814
deviation_score,1411,0,100,0.41638520443973387,0.0,0.8771186440677966
deviation_score,1412,0,100,0.41638520443973387,0.0,0.8771186440677966
deviation_score,1413,0,101,0.4185589644887363,0.0,0.8686440677966102
deviation_score,1414,0,101,0.4185589644887363,0.0,0.8686440677966102
deviation_score,1415,1,102,0.4643119833543553,0.0,0.6244836917817975
deviation_score,1416,0,102,0.4643119833543553,0.0,0.6244836917817975
deviation_score,1417,0,103,0.4182245951177411,0.0,0.8813559322033898
deviation_score,1418,0,103,0.4182245951177411,0.0,0.8813559322033898
deviation_score,1419,0,104,0.4952211885620684,0.0,0.385593220338983
deviation_score,1420,0,104,0.4952211885620684,0.0,0.385593220338983
deviation_score,1421,0,105,0.4769992969651523,0.0,0.5316194274319898
deviation_score,1422,0,105,0.4769992969651523,0.0,0.5316194274319898
deviation_score,1423,0,106,0.43637086706297057,0.0,0.788135593220339
deviation_score,1424,0,106,0.43637086706297057,0.0,0.788135593220339
deviation_score,1425,0,107,0.4559637485639018,0.0,0.7076271186440678
deviation_score,1426,0,107,0.4559637485639018,0.0,0.7076271186440678
deviation_score,1427,0,108,0.41278935836207814,0.0,0.9071713431135167
deviation_score,1428,0,108,0.41278935836207814,0.0,0.9071713431135167
deviation_score,1429,0,109,0.3989266266722697,0.0,0.9408916108816407
deviation_score,1430,0,109,0.3989266266722697,0.0,0.9408916108816407
deviation_score,1431,0,110,0.4441285519218308,0.0,0.7542372881355932
deviation_score,1432,0,110,0.4441285519218308,0.0,0.7542372881355932
deviation_score,1433,0,111,0.4384147964023084,0.0,0.8135593220338984
deviation_score,1434,0,111,0.4384147964023084,0.0,0.8135593220338984
deviation_score,1435,0,112,0.4841159980750356,0.0,0.4661016949152542
deviation_score,1436,0,112,0.4841159980750356,0.0,0.4661016949152542
deviation_score,1437,0,113,0.47074775866629504,0.0,0.5822888477424868
deviation_score,1438,0,113,0.47074775866629504,0.0,0.5822888477424868
deviation_score,1439,0,114,0.5468877600053762,0.0,0.08403361344537816
deviation_score,1440,0,114,0.5468877600053762,0.0,0.08403361344537816
deviation_score,1441,0,115,0.5192495485717479,0.0,0.20246403646204245
deviation_score,1442,0,115,0.5192495485717479,0.0,0.20246403646204245
deviation_score,1443,0,116,0.5049075352742187,0.0,0.2923728813559322
deviation_score,1444,0,116,0.5049075352742187,0.0,0.2923728813559322
deviation_score,1445,0,117,0.4824000381182899,0.0,0.461864406779661
deviation_score,1446,0,117,0.4824000381182899,0.0,0.461864406779661
deviation_score,1447,0,118,0.4811407895904482,0.0,0.5
deviation_score,1448,0,118,0.4811407895904482,0.0,0.5
deviation_score,1449,0,119,0.4556592606676798,0.0,0.7203389830508475
deviation_score,1450,0,119,0.4556592606676798,0.0,0.7203389830508475
deviation_score,1451,0,120,0.3982995278159529,0.0,0.923728813559322
deviation_score,1452,0,120,0.3982995278159529,0.0,0.923728813559322
deviation_score,1453,0,121,0.43055019454329263,0.0,0.8389830508474576
deviation_score,1454,0,121,0.43055019454329263,0.0,0.8389830508474576
deviation_score,1455,1,122,0.4790251082696616,0.0,0.4725110383136305
deviation_score,1456,0,122,0.4790251082696616,0.0,0.4725110383136305
deviation_score,1457,0,123,0.5464743436859021,0.0,0.0886269762142145
deviation_score,1458,0,123,0.5464743436859021,0.0,0.0886269762142145
deviation_score,1459,0,124,0.5421297311193264,0.0,0.1016949152542373
deviation_score,1460,0,124,0.5421297311193264,0.0,0.1016949152542373
deviation_score,1461,0,125,0.5605860210913194,0.0,0.059322033898305086
deviation_score,1462,0,125,0.5605860210913194,0.0,0.059322033898305086
deviation_score,1463,0,126,0.5233187268086248,0.0,0.1822033898305085
deviation_score,1464,0,126,0.5233187268086248,0.0,0.1822033898305085
deviation_score,1465,0,127,0.464470969080217,0.0,0.6313559322033898
deviation_score,1466,0,127,0.464470969080217,0.0,0.6313559322033898
deviation_score,1467,0,128,0.37458350151881437,0.0,0.9830508474576272
deviation_score,1468,0,128,0.37458350151881437,0.0,0.9830508474576272
deviation_score,1469,0,129,0.43139398888348823,0.0,0.8220338983050848
deviation_score,1470,0,129,0.43139398888348823,0.0,0.8220338983050848
deviation_score,1471,0,130,0.4193401276964921,0.0,0.860774818401937
deviation_score,1472,0,130,0.4193401276964921,0.0,0.860774818401937
deviation_score,1473,0,131,0.38446402314195666,0.0,0.9576271186440678
deviation_score,1474,0,131,0.38446402314195666,0.0,0.9576271186440678
deviation_score,1475,0,132,0.4533205700614613,0.0,0.7089089873237431
deviation_score,1476,0,132,0.4533205700614613,0.0,0.7089089873237431
deviation_score,1477,0,133,0.48705872248901316,0.0,0.4430636661444239
deviation_score,1478,0,133,0.48705872248901316,0.0,0.4430636661444239
deviation_score,1479,0,134,0.47286066628605494,0.0,0.5485685799743626
deviation_score,1480,0,134,0.47286066628605494,0.0,0.5485685799743626
deviation_score,1481,0,135,0.39439864998798246,0.0,0.9491525423728814
deviation_score,1482,0,135,0.39439864998798246,0.0,0.9491525423728814
deviation_score,1483,0,136,0.4386088243253307,0.0,0.7966101694915254
deviation_score,1484,0,136,0.4386088243253307,0.0,0.7966101694915254
deviation_score,1485,0,137,0.43884792305879056,0.0,0.8050847457627118
deviation_score,1486,0,137,0.43884792305879056,0.0,0.8050847457627118
deviation_score,1487,0,138,0.4579207075531694,0.0,0.6567796610169492
deviation_score,1488,0,138,0.4579207075531694,0.0,0.6567796610169492
deviation_score,1489,0,139,0.43070342301646247,0.0,0.8305084745762712
deviation_score,1490,0,139,0.43070342301646247,0.0,0.8305084745762712
deviation_score,1491,0,140,0.36407204060251164,0.0,0.987359350519869
deviation_score,1492,0,140,0.36407204060251164,0.0,0.987359350519869
deviation_score,1493,0,141,0.37535731608520584,0.0,0.9830508474576272
deviation_score,1494,0,141,0.37535731608520584,0.0,0.9830508474576272
deviation_score,1495,0,142,0.4769357058242553,0.0,0.5169491525423728
deviation_score,1496,0,142,0.4769357058242553,0.0,0.5169491525423728
deviation_score,1497,0,143,0.40910220267047775,0.0,0.9110169491525424
deviation_score,1498,0,143,0.40910220267047775,0.0,0.9110169491525424
deviation_score,1499,0,144,0.41345215401581015,0.0,0.8983050847457628
deviation_score,1500,0,144,0.41345215401581015,0.0,0.8983050847457628
deviation_score,1501,0,145,0.480788476538829,0.0,0.49786355220054124
deviation_score,1502,0,145,0.480788476538829,0.0,0.49786355220054124
deviation_score,1503,0,146,0.5324549962656209,0.0,0.1440677966101695
deviation_score,1504,0,146,0.5324549962656209,0.0,0.1440677966101695
deviation_score,1505,0,147,0.5049123562371781,0.0,0.288135593220339
deviation_score,1506,0,147,0.5049123562371781,0.0,0.288135593220339
deviation_score,1507,0,148,0.46956122812661666,0.0,0.597457627118644
deviation_score,1508,0,148,0.46956122812661666,0.0,0.597457627118644
deviation_score,1509,0,149,0.5064810054494947,0.0,0.2627118644067797
deviation_score,1510,0,149,0.5064810054494947,0.0,0.2627118644067797
deviation_score,1511,1,150,0.40350736453181,0.0,0.9279661016949152
deviation_score,1512,0,150,0.40350736453181,0.0,0.9279661016949152
deviation_score,1513,0,151,0.40360488773235453,0.0,0.9322033898305084
deviation_score,1514,0,151,0.40360488773235453,0.0,0.9322033898305084
deviation_score,1515,1,152,0.4066619288167395,0.0,0.9322033898305084
deviation_score,1516,0,152,0.4066619288167395,0.0,0.9322033898305084
deviation_score,1517,0,153,0.41223324177856124,0.0,0.8818188292266059
deviation_score,1518,0,153,0.41223324177856124,0.0,0.8818188292266059
deviation_score,1519,0,154,0.4467675228899373,0.0,0.7383919669562741
deviation_score,1520,0,154,0.4467675228899373,0.0,0.7383919669562741
deviation_score,1521,1,155,0.5039720128720362,0.0,0.3135593220338983
deviation_score,1522,0,155,0.5039720128720362,0.0,0.3135593220338983
deviation_score,1523,0,156,0.4799053009502015,0.0,0.480985614584817
deviation_score,1524,0,156,0.4799053009502015,0.0,0.480985614584817
deviation_score,1525,0,157,0.5365859999662871,0.0,0.1271186440677966
deviation_score,1526,0,157,0.5365859999662871,0.0,0.1271186440677966
deviation_score,1527,0,158,0.4231846636971074,0.0,0.8692137872097991
deviation_score,1528,0,158,0.4231846636971074,0.0,0.8692137872097991
deviation_score,1529,0,159,0.4806995629083235,0.0,0.46834496510468593
deviation_score,1530,0,159,0.4806995629083235,0.0,0.46834496510468593
deviation_score,1531,0,160,0.4736116320760256,0.0,0.5254237288135594
deviation_score,1532,0,160,0.4736116320760256,0.0,0.5254237288135594
deviation_score,1533,1,161,0.4240978885760226,0.0,0.8516949152542372
deviation_score,1534,0,161,0.4240978885760226,0.0,0.8516949152542372
deviation_score,1535,0,162,0.40863412601075877,0.0,0.9110169491525424
deviation_score,1536,0,162,0.40863412601075877,0.0,0.9110169491525424
deviation_score,1537,0,163,0.5027682222446263,0.0,0.3008474576271186
deviation_score,1538,0,163,0.5027682222446263,0.0,0.3008474576271186
deviation_score,1539,0,164,0.5390694554174168,0.0,0.09322033898305085
deviation_score,1540,0,164,0.5390694554174168,0.0,0.09322033898305085
deviation_score,1541,0,165,0.5145505302876792,0.0,0.23205383848454636
deviation_score,1542,0,165,0.5145505302876792,0.0,0.23205383848454636
deviation_score,1543,0,166,0.46681900173158714,0.0,0.6118074348383422
deviation_score,1544,0,166,0.46681900173158714,0.0,0.6118074348383422
deviation_score,1545,0,167,0.4511463126885095,0.0,0.6991525423728814
deviation_score,1546,0,167,0.4511463126885095,0.0,0.6991525423728814
deviation_score,1547,0,168,0.38759277093871763,0.0,0.9621848739495799
deviation_score,1548,0,168,0.38759277093871763,0.0,0.9621848739495799
deviation_score,1549,0,169,0.46197599121672034,0.0,0.6567796610169492
deviation_score,1550,0,169,0.46197599121672034,0.0,0.6567796610169492
deviation_score,1551,0,170,0.3998688424370167,0.0,0.9409272183449651
deviation_score,1552,0,170,0.3998688424370167,0.0,0.9409272183449651
deviation_score,1553,0,171,0.39896808655799465,0.0,0.9409272183449651
deviation_score,1554,0,171,0.39896808655799465,0.0,0.9409272183449651
deviation_score,1555,0,172,0.4475346739088198,0.0,0.7627118644067796
deviation_score,1556,0,172,0.4475346739088198,0.0,0.7627118644067796
deviation_score,1557,1,173,0.36773612369485026,0.0,0.9830508474576272
deviation_score,1558,0,173,0.36773612369485026,0.0,0.9830508474576272
deviation_score,1559,0,174,0.422579440624862,0.0,0.8432203389830508
deviation_score,1560,0,174,0.422579440624862,0.0,0.8432203389830508
deviation_score,1561,0,175,0.4636014384476993,0.0,0.6244836917817975
deviation_score,1562,0,175,0.4636014384476993,0.0,0.6244836917817975
deviation_score,1563,0,176,0.44004076831853756,0.0,0.7838983050847458
deviation_score,1564,0,176,0.44004076831853756,0.0,0.7838983050847458
deviation_score,1565,0,177,0.4526340074609488,0.0,0.7161016949152542
deviation_score,1566,0,177,0.4526340074609488,0.0,0.7161016949152542
deviation_score,1567,0,178,0.37539656969291113,0.0,0.9830508474576272
deviation_score,1568,0,178,0.37539656969291113,0.0,0.9830508474576272
deviation_score,1569,0,179,0.44964137194564807,0.0,0.7161016949152542
deviation_score,1570,0,179,0.44964137194564807,0.0,0.7161016949152542
deviation_score,1571,0,180,0.4501621136298965,0.0,0.725751317476143
deviation_score,1572,0,180,0.4501621136298965,0.0,0.725751317476143
deviation_score,1573,0,181,0.461350511930043,0.0,0.6398305084745763
deviation_score,1574,0,181,0.461350511930043,0.0,0.6398305084745763
deviation_score,1575,0,182,0.45332404195939546,0.0,0.7330508474576272
deviation_score,1576,0,182,0.45332404195939546,0.0,0.7330508474576272
deviation_score,1577,0,183,0.4612438022039108,0.0,0.6582395670132459
deviation_score,1578,0,183,0.4612438022039108,0.0,0.6582395670132459
deviation_score,1579,0,184,0.4610838707810963,0.0,0.6371599487252528
deviation_score,1580,0,184,0.4610838707810963,0.0,0.6371599487252528
deviation_score,1581,0,185,0.4098103920948601,0.0,0.885593220338983
deviation_score,1582,0,185,0.4098103920948601,0.0,0.885593220338983
deviation_score,1583,0,186,0.3988965109071523,0.0,0.9364406779661016
deviation_score,1584,0,186,0.3988965109071523,0.0,0.9364406779661016
deviation_score,1585,0,187,0.48170599546151455,0.0,0.4915254237288136
deviation_score,1586,0,187,0.48170599546151455,0.0,0.4915254237288136
deviation_score,1587,0,188,0.5235719752158572,0.0,0.17372881355932202
deviation_score,1588,0,188,0.5235719752158572,0.0,0.17372881355932202
deviation_score,1589,0,189,0.4633781556581301,0.0,0.6440677966101696
deviation_score,1590,0,189,0.4633781556581301,0.0,0.6440677966101696
deviation_score,1591,0,190,0.5054626397191957,0.0,0.2923728813559322
deviation_score,1592,0,190,0.5054626397191957,0.0,0.2923728813559322
deviation_score,1593,0,191,0.5727089983361968,0.1,0.029661016949152543
deviation_score,1594,0,191,0.5727089983361968,0.1,0.029661016949152543
deviation_score,1595,0,192,0.5493689145798524,0.0,0.1016949152542373
deviation_score,1596,0,192,0.5493689145798524,0.0,0.1016949152542373
deviation_score,1597,0,193,0.5028271678884993,0.0,0.326271186440678
deviation_score,1598,0,193,0.5028271678884993,0.0,0.326271186440678
deviation_score,1599,0,194,0.477534619625947,0.0,0.5358923230309073
deviation_score,1600,0,194,0.477534619625947,0.0,0.5358923230309073
deviation_score,1601,0,195,0.46997979759851993,0.0,0.5720338983050848
deviation_score,1602,0,195,0.46997979759851993,0.0,0.5720338983050848
deviation_score,1603,0,196,0.4495032609937689,0.0,0.7372881355932204
deviation_score,1604,0,196,0.4495032609937689,0.0,0.7372881355932204
deviation_score,1605,0,197,0.470727990954401,0.0,0.5550847457627118
deviation_score,1606,0,197,0.470727990954401,0.0,0.5550847457627118
deviation_score,1607,0,198,0.4683711812585399,0.0,0.6118430423016664
deviation_score,1608,0,198,0.4683711812585399,0.0,0.6118430423016664
deviation_score,1609,0,199,0.4978287277418231,0.0,0.326271186440678
deviation_score,1610,0,199,0.4978287277418231,0.0,0.326271186440678
deviation_score,1611,0,200,0.6978090319712722,0.9,0.00847457627118644
deviation_score,1612,0,200,0.6978090319712722,0.9,0.00847457627118644
deviation_score,1613,0,201,0.5398511364306373,0.0,0.11016949152542373
deviation_score,1614,0,201,0.5398511364306373,0.0,0.11016949152542373
deviation_score,1615,0,202,0.5192424097307808,0.0,0.20673693206096
deviation_score,1616,0,202,0.5192424097307808,0.0,0.20673693206096
deviation_score,1617,0,203,0.5304945099864741,0.0,0.1483050847457627
deviation_score,1618,1,203,0.5304945099864741,0.0,0.1483050847457627
deviation_score,1619,0,204,0.46921879856227083,0.0,0.5720338983050848
deviation_score,1620,0,204,0.46921879856227083,0.0,0.5720338983050848
deviation_score,1621,1,205,0.41624439845151723,0.0,0.8771186440677966
deviation_score,1622,0,205,0.41624439845151723,0.0,0.8771186440677966
deviation_score,1623,0,206,0.44565449441446486,0.0,0.7341546788206808
deviation_score,1624,0,206,0.44565449441446486,0.0,0.7341546788206808
deviation_score,1625,0,207,0.4265847394329376,0.0,0.8227816550348953
deviation_score,1626,0,207,0.4265847394329376,0.0,0.8227816550348953
deviation_score,1627,0,208,0.4913479051099528,0.0,0.4576271186440678
deviation_score,1628,0,208,0.4913479051099528,0.0,0.4576271186440678
deviation_score,1629,0,209,0.48007603524509496,0.0,0.5169491525423728
deviation_score,1630,0,209,0.48007603524509496,0.0,0.5169491525423728
deviation_score,1631,0,210,0.48557648686176647,0.0,0.4788135593220339
deviation_score,1632,0,210,0.48557648686176647,0.0,0.4788135593220339
deviation_score,1633,0,211,0.5066336332559994,0.0,0.2742130750605327
deviation_score,1634,0,211,0.5066336332559994,0.0,0.2742130750605327
deviation_score,1635,0,212,0.45392498458604835,0.0,0.7033898305084746
deviation_score,1636,0,212,0.45392498458604835,0.0,0.7033898305084746
deviation_score,1637,0,213,0.422674963816312,0.0,0.8396595926506196
deviation_score,1638,0,213,0.422674963816312,0.0,0.8396595926506196
deviation_score,1639,0,214,0.3476351366513626,0.0,0.9915610311921379
deviation_score,1640,0,214,0.3476351366513626,0.0,0.9915610311921379
deviation_score,1641,0,215,0.48587920817617425,0.0,0.3983050847457627
deviation_score,1642,0,215,0.48587920817617425,0.0,0.3983050847457627
deviation_score,1643,0,216,0.4237762471242209,0.0,0.8480985614584817
deviation_score,1644,0,216,0.4237762471242209,0.0,0.8480985614584817
deviation_score,1645,0,217,0.4882368558296564,0.0,0.385593220338983
deviation_score,1646,0,217,0.4882368558296564,0.0,0.385593220338983
deviation_score,1647,0,218,0.4573396005991152,0.0,0.6540022788776527
deviation_score,1648,0,218,0.4573396005991152,0.0,0.6540022788776527
deviation_score,1649,0,219,0.4874577226827014,0.0,0.44491525423728817
deviation_score,1650,0,219,0.4874577226827014,0.0,0.44491525423728817
deviation_score,1651,0,220,0.49267361649406044,0.0,0.3940677966101695
deviation_score,1652,0,220,0.49267361649406044,0.0,0.3940677966101695
deviation_score,1653,0,221,0.46377046451353887,0.0,0.6371243412619285
deviation_score,1654,0,221,0.46377046451353887,0.0,0.6371243412619285
deviation_score,1655,0,222,0.44772317806753775,0.0,0.7584745762711864
deviation_score,1656,0,222,0.44772317806753775,0.0,0.7584745762711864
deviation_score,1657,0,223,0.43665619913580533,0.0,0.826271186440678
deviation_score,1658,0,223,0.43665619913580533,0.0,0.826271186440678
deviation_score,1659,0,224,0.3956358861193673,0.0,0.9703389830508474
deviation_score,1660,0,224,0.3956358861193673,0.0,0.9703389830508474
deviation_score,1661,0,225,0.39696315800082127,0.0,0.940677966101695
deviation_score,1662,0,225,0.39696315800082127,0.0,0.940677966101695
deviation_score,1663,0,226,0.4231429412308897,0.0,0.8692137872097991
deviation_score,1664,0,226,0.4231429412308897,0.0,0.8692137872097991
deviation_score,1665,0,227,0.5055050636895226,0.0,0.2700113943882638
deviation_score,1666,0,227,0.5055050636895226,0.0,0.2700113943882638
deviation_score,1667,0,228,0.49828778321258393,0.0,0.3559322033898305
deviation_score,1668,0,228,0.49828778321258393,0.0,0.3559322033898305
deviation_score,1669,0,229,0.5596288176578399,0.0,0.06331006979062812
deviation_score,1670,0,229,0.5596288176578399,0.0,0.06331006979062812
deviation_score,1671,0,230,0.4629156566645041,0.0,0.6313559322033898
deviation_score,1672,0,230,0.4629156566645041,0.0,0.6313559322033898
deviation_score,1673,0,231,0.4218412092046863,0.0,0.8601694915254238
deviation_score,1674,1,231,0.4218412092046863,0.0,0.8601694915254238
deviation_score,1675,0,232,0.42040764306851175,0.0,0.8771186440677966
deviation_score,1676,0,232,0.42040764306851175,0.0,0.8771186440677966
deviation_score,1677,0,233,0.4142963668777632,0.0,0.8902934054977923
deviation_score,1678,0,233,0.4142963668777632,0.0,0.8902934054977923
deviation_score,1679,0,234,0.4156754159742281,0.0,0.885593220338983
deviation_score,1680,0,234,0.4156754159742281,0.0,0.885593220338983
deviation_score,1681,0,235,0.5029842770529329,0.0,0.3389830508474576
deviation_score,1682,0,235,0.5029842770529329,0.0,0.3389830508474576
deviation_score,1683,0,236,0.49411767752691516,0.0,0.3754807007548782
deviation_score,1684,0,236,0.49411767752691516,0.0,0.3754807007548782
deviation_score,1685,0,237,0.47967649827203085,0.0,0.49366187152827234
deviation_score,1686,0,237,0.47967649827203085,0.0,0.49366187152827234
deviation_score,1687,0,238,0.4738017345736999,0.0,0.5550847457627119
deviation_score,1688,0,238,0.4738017345736999,0.0,0.5550847457627119
deviation_score,1689,0,239,0.41786713150401394,0.0,0.8898305084745762
deviation_score,1690,0,239,0.41786713150401394,0.0,0.8898305084745762
deviation_score,1691,0,240,0.4003043343378905,0.0,0.9364406779661016
deviation_score,1692,0,240,0.4003043343378905,0.0,0.9364406779661016
deviation_score,1693,0,241,0.382698085188502,0.0,0.9576271186440678
deviation_score,1694,0,241,0.382698085188502,0.0,0.9576271186440678
deviation_score,1695,0,242,0.475041090005804,0.0,0.5847457627118644
deviation_score,1696,0,242,0.475041090005804,0.0,0.5847457627118644
deviation_score,1697,0,243,0.7863579391213382,1.0,0.0
deviation_score,1698,0,243,0.7863579391213382,1.0,0.0
deviation_score,1699,0,244,0.47404657179445053,0.0,0.5378151260504201
deviation_score,1700,0,244,0.47404657179445053,0.0,0.5378151260504201
deviation_score,1701,0,245,0.5312986526587522,0.0,0.1398305084745763
deviation_score,1702,0,245,0.5312986526587522,0.0,0.1398305084745763
deviation_score,1703,0,246,0.4929256446373692,0.0,0.44491525423728817
deviation_score,1704,0,246,0.4929256446373692,0.0,0.44491525423728817
deviation_score,1705,0,247,0.4916274068686336,0.0,0.3881925651616579
deviation_score,1706,0,247,0.4916274068686336,0.0,0.3881925651616579
deviation_score,1707,0,248,0.4731119526519606,0.0,0.5677966101694916
deviation_score,1708,0,249,0.4243727410883428,0.0,0.8347457627118644
deviation_score,1709,0,249,0.4243727410883428,0.0,0.8347457627118644
deviation_score,1710,0,248,0.4731119526519606,0.0,0.5677966101694916
deviation_score,1711,0,250,0.488729611570739,0.0,0.4303518017376442
deviation_score,1712,0,250,0.488729611570739,0.0,0.4303518017376442
deviation_score,1713,0,251,0.4048256655734058,0.0,0.9156103119213788
deviation_score,1714,0,252,0.46992920225567747,0.0,0.5889830508474576
deviation_score,1715,0,252,0.46992920225567747,0.0,0.5889830508474576
deviation_score,1716,0,251,0.4048256655734058,0.0,0.9156103119213788
deviation_score,1717,0,253,0.4372323783975595,0.0,0.7966101694915254
deviation_score,1718,0,253,0.4372323783975595,0.0,0.7966101694915254
deviation_score,1719,0,254,0.491236331189682,0.0,0.38983050847457623
deviation_score,1720,0,255,0.5140607564018556,0.0,0.22033898305084745
deviation_score,1721,0,254,0.491236331189682,0.0,0.38983050847457623
deviation_score,1722,0,255,0.5140607564018556,0.0,0.22033898305084745
deviation_score,1723,0,256,0.48455001463075276,0.0,0.44491525423728817
deviation_score,1724,0,256,0.48455001463075276,0.0,0.44491525423728817
deviation_score,1725,0,257,0.39804518324173077,0.0,0.9451645064805583
deviation_score,1726,0,257,0.39804518324173077,0.0,0.9451645064805583
deviation_score,1727,0,258,0.43520242801810805,0.0,0.805903717419171
deviation_score,1728,0,258,0.43520242801810805,0.0,0.805903717419171
deviation_score,1729,0,259,0.34841026690748544,0.0,0.9915254237288136
deviation_score,1730,0,259,0.34841026690748544,0.0,0.9915254237288136
deviation_score,1731,0,260,0.37541553510155595,0.0,0.9745762711864406
deviation_score,1732,0,260,0.37541553510155595,0.0,0.9745762711864406
deviation_score,1733,0,261,0.43532764206159635,0.0,0.8347457627118644
deviation_score,1734,0,261,0.43532764206159635,0.0,0.8347457627118644
deviation_score,1735,0,262,0.5183378212901242,0.0,0.2033898305084746
deviation_score,1736,0,262,0.5183378212901242,0.0,0.2033898305084746
deviation_score,1737,0,263,0.41136542517736385,0.0,0.8898305084745762
deviation_score,1738,0,263,0.41136542517736385,0.0,0.8898305084745762
deviation_score,1739,0,264,0.4674862870354337,0.0,0.6016949152542372
deviation_score,1740,0,264,0.4674862870354337,0.0,0.6016949152542372
deviation_score,1741,0,265,0.4579870767900974,0.0,0.6709158239567012
deviation_score,1742,0,265,0.4579870767900974,0.0,0.6709158239567012
deviation_score,1743,0,266,0.49977875220058265,0.0,0.3432203389830508
deviation_score,1744,0,266,0.49977875220058265,0.0,0.3432203389830508
deviation_score,1745,0,267,0.437198455584748,0.0,0.8008474576271186
deviation_score,1746,0,267,0.437198455584748,0.0,0.8008474576271186
deviation_score,1747,0,268,0.4338102449439848,0.0,0.8050847457627119
deviation_score,1748,0,268,0.4338102449439848,0.0,0.8050847457627119
deviation_score,1749,0,269,0.4525968600236026,0.0,0.7288135593220338
deviation_score,1750,0,269,0.4525968600236026,0.0,0.7288135593220338
deviation_score,1751,0,270,0.46506749786769064,0.0,0.6413616293975217
deviation_score,1752,0,270,0.46506749786769064,0.0,0.6413616293975217
deviation_score,1753,0,271,0.45472736266281927,0.0,0.711864406779661
deviation_score,1754,0,271,0.45472736266281927,0.0,0.711864406779661
deviation_score,1755,0,272,0.43719965211691925,0.0,0.8220338983050848
deviation_score,1756,0,272,0.43719965211691925,0.0,0.8220338983050848
deviation_score,1757,0,273,0.3942690600276766,0.0,0.940677966101695
deviation_score,1758,0,273,0.3942690600276766,0.0,0.940677966101695
deviation_score,1759,0,274,0.4491855782963398,0.0,0.7288135593220338
deviation_score,1760,0,274,0.4491855782963398,0.0,0.7288135593220338
deviation_score,1761,1,275,0.4925832069148083,0.0,0.39830508474576276
deviation_score,1762,0,275,0.4925832069148083,0.0,0.39830508474576276
deviation_score,1763,0,276,0.4059517581982157,0.0,0.9279661016949152
deviation_score,1764,0,276,0.4059517581982157,0.0,0.9279661016949152
deviation_score,1765,0,277,0.42905005236537475,0.0,0.8347457627118644
deviation_score,1766,0,277,0.42905005236537475,0.0,0.8347457627118644
deviation_score,1767,0,278,0.4433545174554835,0.0,0.75
deviation_score,1768,0,278,0.4433545174554835,0.0,0.75
deviation_score,1769,0,279,0.41404453156338833,0.0,0.8818188292266059
deviation_score,1770,0,279,0.41404453156338833,0.0,0.8818188292266059
deviation_score,1771,0,280,0.4450482981726808,0.0,0.7711864406779662
deviation_score,1772,0,280,0.4450482981726808,0.0,0.7711864406779662
deviation_score,1773,0,281,0.4420460228390142,0.0,0.7838983050847458
deviation_score,1774,0,281,0.4420460228390142,0.0,0.7838983050847458
deviation_score,1775,0,282,0.49621924806052126,0.0,0.3907563025210084
deviation_score,1776,0,282,0.49621924806052126,0.0,0.3907563025210084
deviation_score,1777,0,283,0.4413445720801584,0.0,0.805903717419171
deviation_score,1778,0,283,0.4413445720801584,0.0,0.805903717419171
deviation_score,1779,0,284,0.4835683724316242,0.0,0.5296610169491526
deviation_score,1780,0,284,0.4835683724316242,0.0,0.5296610169491526
deviation_score,1781,0,285,0.45086383219316717,0.0,0.7257157100128186
deviation_score,1782,0,285,0.45086383219316717,0.0,0.7257157100128186
deviation_score,1783,0,286,0.4538315673020037,0.0,0.6949152542372882
deviation_score,1784,0,286,0.4538315673020037,0.0,0.6949152542372882
deviation_score,1785,0,287,0.4118511194208881,0.0,0.9110169491525424
deviation_score,1786,0,287,0.4118511194208881,0.0,0.9110169491525424
deviation_score,1787,0,288,0.43959600441525204,0.0,0.7796610169491526
deviation_score,1788,0,288,0.43959600441525204,0.0,0.7796610169491526
deviation_score,1789,0,289,0.4110120946246811,0.0,0.8983050847457628
deviation_score,1790,0,290,0.48571157814134197,0.0,0.4661016949152542
deviation_score,1791,0,290,0.48571157814134197,0.0,0.4661016949152542
deviation_score,1792,0,289,0.4110120946246811,0.0,0.8983050847457628
deviation_score,1793,0,291,0.48826277975567545,0.0,0.44726534681669283
deviation_score,1794,0,291,0.48826277975567545,0.0,0.44726534681669283
deviation_score,1795,0,292,0.45768929113221046,0.0,0.6779661016949152
deviation_score,1796,0,292,0.45768929113221046,0.0,0.6779661016949152
deviation_score,1797,0,293,0.3699284138344568,0.0,0.9789203817120069
deviation_score,1798,0,293,0.3699284138344568,0.0,0.9789203817120069
deviation_score,1799,0,294,0.4552165371665822,0.0,0.6864406779661016
deviation_score,1800,0,294,0.4552165371665822,0.0,0.6864406779661016
deviation_score,1801,0,295,0.36201722344629117,0.0,0.9915254237288136
deviation_score,1802,0,295,0.36201722344629117,0.0,0.9915254237288136
deviation_score,1803,0,296,0.4718736678238997,0.0,0.565339695200114
deviation_score,1804,0,296,0.4718736678238997,0.0,0.565339695200114
deviation_score,1805,0,297,0.46090814882229586,0.0,0.6540022788776527
deviation_score,1806,0,297,0.46090814882229586,0.0,0.6540022788776527
deviation_score,1807,0,298,0.46517254490401977,0.0,0.614406779661017
deviation_score,1808,0,298,0.46517254490401977,0.0,0.614406779661017
deviation_score,1809,0,299,0.532370089926203,0.0,0.1398305084745763
deviation_score,1810,0,299,0.532370089926203,0.0,0.1398305084745763
deviation_score,1811,0,300,0.48674137434628995,0.0,0.4194915254237288
deviation_score,1812,0,300,0.48674137434628995,0.0,0.4194915254237288
deviation_score,1813,0,301,0.46671927272686053,0.0,0.6313559322033898
deviation_score,1814,0,301,0.46671927272686053,0.0,0.6313559322033898
deviation_score,1815,0,302,0.4515418793735876,0.0,0.7245762711864406
deviation_score,1816,0,302,0.4515418793735876,0.0,0.7245762711864406
deviation_score,1817,0,303,0.4269532503532455,0.0,0.8432203389830508
deviation_score,1818,0,303,0.4269532503532455,0.0,0.8432203389830508
deviation_score,1819,0,304,0.4134461498151588,0.0,0.907563025210084
deviation_score,1820,0,304,0.4134461498151588,0.0,0.907563025210084
deviation_score,1821,0,305,0.379712019099264,0.0,0.9661016949152542
deviation_score,1822,0,305,0.379712019099264,0.0,0.9661016949152542
deviation_score,1823,0,306,0.4813206615153295,0.0,0.4703389830508474
deviation_score,1824,0,306,0.4813206615153295,0.0,0.4703389830508474
deviation_score,1825,0,307,0.4823880715671872,0.0,0.4788135593220339
deviation_score,1826,0,307,0.4823880715671872,0.0,0.4788135593220339
deviation_score,1827,0,308,0.5055718349877323,0.0,0.2711864406779661
deviation_score,1828,0,308,0.5055718349877323,0.0,0.2711864406779661
deviation_score,1829,0,309,0.5122576700265468,0.0,0.2457627118644068
deviation_score,1830,0,309,0.5122576700265468,0.0,0.2457627118644068
deviation_score,1831,1,310,0.4653652740300533,0.0,0.6101694915254237
deviation_score,1832,0,310,0.4653652740300533,0.0,0.6101694915254237
deviation_score,1833,0,311,0.48002738929393357,0.0,0.5169491525423728
deviation_score,1834,0,311,0.48002738929393357,0.0,0.5169491525423728
deviation_score,1835,0,312,0.4696251905389631,0.0,0.5889830508474576
deviation_score,1836,0,312,0.4696251905389631,0.0,0.5889830508474576
deviation_score,1837,0,313,0.41449429164563334,0.0,0.8940677966101696
deviation_score,1838,0,313,0.41449429164563334,0.0,0.8940677966101696
deviation_score,1839,0,314,0.46498045401228555,0.0,0.6186440677966102
deviation_score,1840,0,314,0.46498045401228555,0.0,0.6186440677966102
deviation_score,1841,0,315,0.47596242947229417,0.0,0.576271186440678
deviation_score,1842,0,315,0.47596242947229417,0.0,0.576271186440678
deviation_score,1843,0,316,0.47026068119125436,0.0,0.5865973508047286
deviation_score,1844,0,316,0.47026068119125436,0.0,0.5865973508047286
deviation_score,1845,0,317,0.48124859162271355,0.0,0.4957627118644068
deviation_score,1846,0,317,0.48124859162271355,0.0,0.4957627118644068
deviation_score,1847,0,318,0.5155399028831897,0.0,0.22033898305084745
deviation_score,1848,0,318,0.5155399028831897,0.0,0.22033898305084745
deviation_score,1849,0,319,0.44600103572615774,0.0,0.7563025210084033
deviation_score,1850,0,319,0.44600103572615774,0.0,0.7563025210084033
deviation_score,1851,0,320,0.4420279770387774,0.0,0.7510682238997294
deviation_score,1852,0,320,0.4420279770387774,0.0,0.7510682238997294
deviation_score,1853,0,321,0.4101609778963547,0.0,0.8945306936333857
deviation_score,1854,0,321,0.4101609778963547,0.0,0.8945306936333857
deviation_score,1855,0,322,0.4565725919932393,0.0,0.6793191853012391
deviation_score,1856,0,322,0.4565725919932393,0.0,0.6793191853012391
deviation_score,1857,0,323,0.44369706069648895,0.0,0.7584745762711864
deviation_score,1858,0,323,0.44369706069648895,0.0,0.7584745762711864
deviation_score,1859,0,324,0.5059128124799848,0.0,0.2899159663865546
deviation_score,1860,0,324,0.5059128124799848,0.0,0.2899159663865546
deviation_score,1861,0,325,0.4748178048261288,0.0,0.5254237288135593
deviation_score,1862,0,325,0.4748178048261288,0.0,0.5254237288135593
deviation_score,1863,0,326,0.5334498983536069,0.0,0.13135593220338984
deviation_score,1864,0,326,0.5334498983536069,0.0,0.13135593220338984
deviation_score,1865,0,327,0.492701117883873,0.0,0.3882281726249822
deviation_score,1866,0,327,0.492701117883873,0.0,0.3882281726249822
deviation_score,1867,0,328,0.5376090362468726,0.0,0.11440677966101695
deviation_score,1868,0,328,0.5376090362468726,0.0,0.11440677966101695
deviation_score,1869,0,329,0.7767280740709062,1.0,0.004201680672268907
deviation_score,1870,0,329,0.7767280740709062,1.0,0.004201680672268907
deviation_score,1871,0,330,0.36621149175514944,0.0,0.9831220623842758
deviation_score,1872,0,330,0.36621149175514944,0.0,0.9831220623842758
deviation_score,1873,0,331,0.4884263776800646,0.0,0.4491525423728814
deviation_score,1874,0,331,0.4884263776800646,0.0,0.4491525423728814
deviation_score,1875,0,332,0.4509420978808806,0.0,0.7299529981484119
deviation_score,1876,0,332,0.4509420978808806,0.0,0.7299529981484119
deviation_score,1877,0,333,0.4774360061092344,0.0,0.4788135593220339
deviation_score,1878,0,333,0.4774360061092344,0.0,0.4788135593220339
deviation_score,1879,0,334,0.5388886890204543,0.0,0.11440677966101695
deviation_score,1880,0,334,0.5388886890204543,0.0,0.11440677966101695
deviation_score,1881,0,335,0.5266750967903299,0.0,0.1483050847457627
deviation_score,1882,0,335,0.5266750967903299,0.0,0.1483050847457627
deviation_score,1883,0,336,0.5037567668452977,0.0,0.29112662013958124
deviation_score,1884,0,336,0.5037567668452977,0.0,0.29112662013958124
deviation_score,1885,0,337,0.5170997819318564,0.0,0.21610169491525422
deviation_score,1886,0,337,0.5170997819318564,0.0,0.21610169491525422
deviation_score,1887,0,338,0.3966417166702979,0.0,0.9411764705882353
deviation_score,1888,0,338,0.3966417166702979,0.0,0.9411764705882353
deviation_score,1889,0,339,0.43807512272177807,0.0,0.7796610169491526
deviation_score,1890,0,339,0.43807512272177807,0.0,0.7796610169491526
deviation_score,1891,0,340,0.4066339498959552,0.0,0.9152542372881356
deviation_score,1892,0,340,0.4066339498959552,0.0,0.9152542372881356
deviation_score,1893,0,341,0.5314164396320653,0.0,0.13559322033898305
deviation_score,1894,0,341,0.5314164396320653,0.0,0.13559322033898305
deviation_score,1895,0,342,0.4556926707641534,0.0,0.6652542372881356
deviation_score,1896,0,342,0.4556926707641534,0.0,0.6652542372881356
deviation_score,1897,1,343,0.5302299456794278,0.0,0.17647058823529413
deviation_score,1898,0,343,0.5302299456794278,0.0,0.17647058823529413
deviation_score,1899,0,344,0.5174522556565793,0.0,0.22361486967668423
deviation_score,1900,0,344,0.5174522556565793,0.0,0.22361486967668423
deviation_score,1901,0,345,0.5351556206252008,0.0,0.1271186440677966
deviation_score,1902,0,345,0.5351556206252008,0.0,0.1271186440677966
deviation_score,1903,0,346,0.4820636267959194,0.0,0.48525851018373456
deviation_score,1904,0,346,0.4820636267959194,0.0,0.48525851018373456
deviation_score,1905,0,347,0.466847904971075,0.0,0.597457627118644
deviation_score,1906,0,347,0.466847904971075,0.0,0.597457627118644
deviation_score,1907,0,348,0.41780349685795165,0.0,0.8686440677966102
deviation_score,1908,0,348,0.41780349685795165,0.0,0.8686440677966102
deviation_score,1909,0,349,0.42927896777452634,0.0,0.8487394957983193
deviation_score,1910,0,349,0.42927896777452634,0.0,0.8487394957983193
deviation_score,1911,0,350,0.5359987149712973,0.0,0.0886269762142145
deviation_score,1912,0,350,0.5359987149712973,0.0,0.0886269762142145
deviation_score,1913,0,351,0.4965015098985564,0.0,0.4110169491525424
deviation_score,1914,0,351,0.4965015098985564,0.0,0.4110169491525424
deviation_score,1915,0,352,0.5091204685373862,0.0,0.2966101694915254
deviation_score,1916,0,352,0.5091204685373862,0.0,0.2966101694915254
deviation_score,1917,0,353,0.538941090413036,0.0,0.13509471585244268
deviation_score,1918,0,353,0.538941090413036,0.0,0.13509471585244268
deviation_score,1919,0,354,0.5472716814212768,0.0,0.07627118644067796
deviation_score,1920,0,354,0.5472716814212768,0.0,0.07627118644067796
deviation_score,1921,0,355,0.4820190508503529,0.0,0.5338983050847458
deviation_score,1922,0,355,0.4820190508503529,0.0,0.5338983050847458
deviation_score,1923,0,356,0.5005220378346394,0.0,0.341760432986754
deviation_score,1924,0,356,0.5005220378346394,0.0,0.341760432986754
deviation_score,1925,0,357,0.519590419417862,0.0,0.20670132459763568
deviation_score,1926,0,357,0.519590419417862,0.0,0.20670132459763568
deviation_score,1927,0,358,0.46549308400197686,0.0,0.597457627118644
deviation_score,1928,0,358,0.46549308400197686,0.0,0.597457627118644
deviation_score,1929,0,359,0.45334540577566473,0.0,0.6991525423728814
deviation_score,1930,0,359,0.45334540577566473,0.0,0.6991525423728814
deviation_score,1931,0,360,0.4370031475517357,0.0,0.8227816550348953
deviation_score,1932,0,360,0.4370031475517357,0.0,0.8227816550348953
deviation_score,1933,0,361,0.53228896884332,0.0,0.1483050847457627
deviation_score,1934,0,361,0.53228896884332,0.0,0.1483050847457627
deviation_score,1935,0,362,0.5324201363804046,0.0,0.16454208802164932
deviation_score,1936,0,362,0.5324201363804046,0.0,0.16454208802164932
deviation_score,1937,1,363,0.5243902309202811,0.0,0.17372881355932202
deviation_score,1938,0,363,0.5243902309202811,0.0,0.17372881355932202
deviation_score,1939,0,364,0.46936388464998285,0.0,0.5550847457627118
deviation_score,1940,0,364,0.46936388464998285,0.0,0.5550847457627118
deviation_score,1941,0,365,0.46659143731538,0.0,0.5889830508474576
deviation_score,1942,0,365,0.46659143731538,0.0,0.5889830508474576
deviation_score,1943,0,366,0.44003562237419247,0.0,0.7754237288135594
deviation_score,1944,0,366,0.44003562237419247,0.0,0.7754237288135594
deviation_score,1945,0,367,0.4881986472984705,0.0,0.4067796610169492
deviation_score,1946,0,368,0.46614356607097773,0.0,0.6033684660304799
deviation_score,1947,0,368,0.46614356607097773,0.0,0.6033684660304799
deviation_score,1948,0,367,0.4881986472984705,0.0,0.4067796610169492
deviation_score,1949,0,369,0.4412739656259978,0.0,0.8050847457627118
deviation_score,1950,0,369,0.4412739656259978,0.0,0.8050847457627118
deviation_score,1951,0,370,0.47221211484904196,0.0,0.5546218487394958
deviation_score,1952,0,370,0.47221211484904196,0.0,0.5546218487394958
deviation_score,1953,0,371,0.47999079244053117,0.0,0.49789915966386555
deviation_score,1954,0,371,0.47999079244053117,0.0,0.49789915966386555
deviation_score,1955,0,372,0.4772690448166973,0.0,0.5
deviation_score,1956,0,372,0.4772690448166973,0.0,0.5
deviation_score,1957,0,373,0.4942231064473022,0.0,0.367148554336989
deviation_score,1958,0,373,0.4942231064473022,0.0,0.367148554336989
deviation_score,1959,0,374,0.4426968806347615,0.0,0.7595071927075915
deviation_score,1960,0,374,0.4426968806347615,0.0,0.7595071927075915
deviation_score,1961,0,375,0.49987625748920983,0.0,0.3305084745762712
deviation_score,1962,0,375,0.49987625748920983,0.0,0.3305084745762712
deviation_score,1963,0,376,0.4493559085375141,0.0,0.7203389830508474
deviation_score,1964,0,376,0.4493559085375141,0.0,0.7203389830508474
deviation_score,1965,0,377,0.5020960966813555,0.0,0.3347457627118644
deviation_score,1966,0,377,0.5020960966813555,0.0,0.3347457627118644
deviation_score,1967,0,378,0.49331729787677636,0.0,0.4152542372881356
deviation_score,1968,0,378,0.49331729787677636,0.0,0.4152542372881356
deviation_score,1969,0,379,0.5214494361395937,0.0,0.1822033898305085
deviation_score,1970,0,379,0.5214494361395937,0.0,0.1822033898305085
deviation_score,1971,0,380,0.5511804931568423,0.0,0.0635593220338983
deviation_score,1972,0,380,0.5511804931568423,0.0,0.0635593220338983
deviation_score,1973,1,381,0.557912053670409,0.0,0.0635593220338983
deviation_score,1974,0,381,0.557912053670409,0.0,0.0635593220338983
deviation_score,1975,0,382,0.5021037603592089,0.0,0.3177966101694915
deviation_score,1976,0,383,0.5385308405203479,0.0,0.1016949152542373
deviation_score,1977,0,383,0.5385308405203479,0.0,0.1016949152542373
deviation_score,1978,0,382,0.5021037603592089,0.0,0.3177966101694915
deviation_score,1979,0,384,0.4852385154845399,0.0,0.4661016949152542
deviation_score,1980,0,384,0.4852385154845399,0.0,0.4661016949152542
deviation_score,1981,0,385,0.43490936099186983,0.0,0.8177966101694916
deviation_score,1982,0,385,0.43490936099186983,0.0,0.8177966101694916
deviation_score,1983,0,386,0.4717029740698758,0.0,0.538135593220339
deviation_score,1984,0,386,0.4717029740698758,0.0,0.538135593220339
deviation_score,1985,0,387,0.5021208884544243,0.0,0.3305084745762712
deviation_score,1986,0,387,0.5021208884544243,0.0,0.3305084745762712
deviation_score,1987,0,388,0.5236573868462187,0.0,0.19491525423728814
deviation_score,1988,0,388,0.5236573868462187,0.0,0.19491525423728814
deviation_score,1989,0,389,0.5271274784260298,0.0,0.2067725395242843
deviation_score,1990,0,389,0.5271274784260298,0.0,0.2067725395242843
deviation_score,1991,0,390,0.5195648773125939,0.0,0.23728813559322035
deviation_score,1992,0,390,0.5195648773125939,0.0,0.23728813559322035
deviation_score,1993,0,391,0.48947234778937887,0.0,0.3965959265061957
deviation_score,1994,0,391,0.48947234778937887,0.0,0.3965959265061957
deviation_score,1995,0,392,0.4775460442271086,0.0,0.5254237288135593
deviation_score,1996,0,392,0.4775460442271086,0.0,0.5254237288135593
deviation_score,1997,0,393,0.4845923858748377,0.0,0.44299245121777525
deviation_score,1998,0,393,0.4845923858748377,0.0,0.44299245121777525
deviation_score,1999,0,394,0.47906998245462545,0.0,0.5
deviation_score,2000,0,395,0.48634271667822376,0.0,0.453781512605042
deviation_score,2001,0,395,0.48634271667822376,0.0,0.453781512605042
deviation_score,2002,0,394,0.47906998245462545,0.0,0.5
deviation_score,2003,0,396,0.47809591067158286,0.0,0.4830508474576271
deviation_score,2004,0,396,0.47809591067158286,0.0,0.4830508474576271
deviation_score,2005,0,397,0.5054638558653999,0.0,0.2796610169491526
deviation_score,2006,0,397,0.5054638558653999,0.0,0.2796610169491526
deviation_score,2007,0,398,0.5215309999156398,0.0,0.211864406779661
deviation_score,2008,0,398,0.5215309999156398,0.0,0.211864406779661
deviation_score,2009,0,399,0.45850941658917826,0.0,0.6355932203389831
deviation_score,2010,0,399,0.45850941658917826,0.0,0.6355932203389831
deviation_score,2011,0,400,0.4723989473912565,0.0,0.5527346531833073
deviation_score,2012,0,400,0.4723989473912565,0.0,0.5527346531833073
deviation_score,2013,0,401,0.46919434714213437,0.0,0.6076413616293975
deviation_score,2014,0,401,0.46919434714213437,0.0,0.6076413616293975
deviation_score,2015,0,402,0.425510634654083,0.0,0.8432203389830508
deviation_score,2016,0,402,0.425510634654083,0.0,0.8432203389830508
deviation_score,2017,0,403,0.7411477124941518,1.0,0.004201680672268907
deviation_score,2018,0,403,0.7411477124941518,1.0,0.004201680672268907
deviation_score,2019,0,404,0.4557706742052761,0.0,0.6864406779661016
deviation_score,2020,0,404,0.4557706742052761,0.0,0.6864406779661016
deviation_score,2021,1,405,0.4886366249496156,0.0,0.4110169491525424
deviation_score,2022,0,405,0.4886366249496156,0.0,0.4110169491525424
deviation_score,2023,0,406,0.4803653766937138,0.0,0.5169491525423728
deviation_score,2024,0,406,0.4803653766937138,0.0,0.5169491525423728
deviation_score,2025,0,407,0.5052556914873967,0.0,0.2966101694915254
deviation_score,2026,0,407,0.5052556914873967,0.0,0.2966101694915254
deviation_score,2027,0,408,0.47105457933139894,0.0,0.5593220338983051
deviation_score,2028,0,408,0.47105457933139894,0.0,0.5593220338983051
deviation_score,2029,0,409,0.40495844054308083,0.0,0.9282509614015098
deviation_score,2030,0,409,0.40495844054308083,0.0,0.9282509614015098
deviation_score,2031,0,410,0.4514851800287567,0.0,0.7542372881355932
deviation_score,2032,0,410,0.4514851800287567,0.0,0.7542372881355932
deviation_score,2033,0,411,0.4163300870183845,0.0,0.8728813559322034
deviation_score,2034,0,411,0.4163300870183845,0.0,0.8728813559322034
deviation_score,2035,0,412,0.44778824055951383,0.0,0.7510682238997294
deviation_score,2036,0,412,0.44778824055951383,0.0,0.7510682238997294
deviation_score,2037,0,413,0.4774977914189411,0.0,0.5466101694915254
deviation_score,2038,0,413,0.4774977914189411,0.0,0.5466101694915254
deviation_score,2039,0,414,0.4960259691398452,0.0,0.33759435977780944
deviation_score,2040,0,414,0.4960259691398452,0.0,0.33759435977780944
deviation_score,2041,0,415,0.5057907363053198,0.0,0.288135593220339
deviation_score,2042,0,416,0.48430256819271217,0.0,0.461864406779661
deviation_score,2043,0,415,0.5057907363053198,0.0,0.288135593220339
deviation_score,2044,0,416,0.48430256819271217,0.0,0.461864406779661
deviation_score,2045,0,417,0.4294882315439872,0.0,0.8177966101694916
deviation_score,2046,0,417,0.4294882315439872,0.0,0.8177966101694916
deviation_score,2047,0,418,0.4047605473521962,0.0,0.9152542372881356
deviation_score,2048,0,418,0.4047605473521962,0.0,0.9152542372881356
deviation_score,2049,0,419,0.45307749774352,0.0,0.6961971229169635
deviation_score,2050,0,419,0.45307749774352,0.0,0.6961971229169635
deviation_score,2051,0,420,0.4669124519140375,0.0,0.5847457627118644
deviation_score,2052,0,420,0.4669124519140375,0.0,0.5847457627118644
deviation_score,2053,0,421,0.4121368606679193,0.0,0.9201680672268908
deviation_score,2054,0,421,0.4121368606679193,0.0,0.9201680672268908
deviation_score,2055,0,422,0.5008095000643775,0.0,0.31932773109243695
deviation_score,2056,0,422,0.5008095000643775,0.0,0.31932773109243695
deviation_score,2057,0,423,0.48358849115767166,0.0,0.46834496510468593
deviation_score,2058,0,423,0.48358849115767166,0.0,0.46834496510468593
deviation_score,2059,0,424,0.5275826421501681,0.0,0.1398305084745763
deviation_score,2060,0,424,0.5275826421501681,0.0,0.1398305084745763
deviation_score,2061,0,425,0.49020109628741426,0.0,0.4110169491525424
deviation_score,2062,0,425,0.49020109628741426,0.0,0.4110169491525424
deviation_score,2063,0,426,0.4858060030522469,0.0,0.4533898305084746
deviation_score,2064,0,426,0.4858060030522469,0.0,0.4533898305084746
deviation_score,2065,0,427,0.44349034847556573,0.0,0.7457627118644068
deviation_score,2066,0,427,0.44349034847556573,0.0,0.7457627118644068
deviation_score,2067,0,428,0.49692407878984834,0.0,0.36280444381142285
deviation_score,2068,0,428,0.49692407878984834,0.0,0.36280444381142285
deviation_score,2069,0,429,0.39467479353883717,0.0,0.9576271186440678
deviation_score,2070,0,429,0.39467479353883717,0.0,0.9576271186440678
deviation_score,2071,0,430,0.4519426268950584,0.0,0.6991525423728814
deviation_score,2072,0,430,0.4519426268950584,0.0,0.6991525423728814
deviation_score,2073,0,431,0.4662579989280727,0.0,0.6059322033898304
deviation_score,2074,0,431,0.4662579989280727,0.0,0.6059322033898304
deviation_score,2075,0,432,0.5470845254333057,0.0,0.0805084745762712
deviation_score,2076,0,432,0.5470845254333057,0.0,0.0805084745762712
deviation_score,2077,0,433,0.5268375129352247,0.0,0.16101694915254236
deviation_score,2078,0,433,0.5268375129352247,0.0,0.16101694915254236
deviation_score,2079,0,434,0.5089702702075541,0.0,0.2711864406779661
deviation_score,2080,0,434,0.5089702702075541,0.0,0.2711864406779661
deviation_score,2081,0,435,0.5314384213042047,0.0,0.1271186440677966
deviation_score,2082,0,435,0.5314384213042047,0.0,0.1271186440677966
deviation_score,2083,0,436,0.47292359791320804,0.0,0.5296610169491526
deviation_score,2084,0,436,0.47292359791320804,0.0,0.5296610169491526
deviation_score,2085,0,437,0.4356015821829894,0.0,0.788135593220339
deviation_score,2086,0,437,0.4356015821829894,0.0,0.788135593220339
deviation_score,2087,0,438,0.46897698846962105,0.0,0.5780871670702179
deviation_score,2088,0,438,0.46897698846962105,0.0,0.5780871670702179
deviation_score,2089,0,439,0.5387365201623164,0.0,0.10554052129326308
deviation_score,2090,0,439,0.5387365201623164,0.0,0.10554052129326308
deviation_score,2091,0,440,0.5126657665512597,0.0,0.2288135593220339
deviation_score,2092,0,440,0.5126657665512597,0.0,0.2288135593220339
deviation_score,2093,0,441,0.498617803262435,0.0,0.33759435977780944
deviation_score,2094,0,441,0.498617803262435,0.0,0.33759435977780944
deviation_score,2095,0,442,0.5262509340016183,0.0,0.21610169491525422
deviation_score,2096,0,442,0.5262509340016183,0.0,0.21610169491525422
deviation_score,2097,0,443,0.5725526684481845,0.2,0.03375587523144851
deviation_score,2098,0,443,0.5725526684481845,0.2,0.03375587523144851
deviation_score,2099,0,444,0.5424610062057269,0.0,0.0805084745762712
deviation_score,2100,0,444,0.5424610062057269,0.0,0.0805084745762712
deviation_score,2101,0,445,0.46364932622643584,0.0,0.5823956701324597
deviation_score,2102,0,445,0.46364932622643584,0.0,0.5823956701324597
deviation_score,2103,0,446,0.44626651894917446,0.0,0.788135593220339
deviation_score,2104,0,446,0.44626651894917446,0.0,0.788135593220339
deviation_score,2105,1,447,0.4216694694270406,0.0,0.8559322033898304
deviation_score,2106,0,447,0.4216694694270406,0.0,0.8559322033898304
deviation_score,2107,0,448,0.5096248941118482,0.0,0.2573707449081327
deviation_score,2108,0,448,0.5096248941118482,0.0,0.2573707449081327
deviation_score,2109,0,449,0.4769240554551125,0.0,0.5338983050847458
deviation_score,2110,0,449,0.4769240554551125,0.0,0.5338983050847458
deviation_score,2111,0,450,0.5419184041740206,0.0,0.09745762711864407
deviation_score,2112,0,450,0.5419184041740206,0.0,0.09745762711864407
deviation_score,2113,0,451,0.5089547137296286,0.0,0.3123130608175474
deviation_score,2114,0,451,0.5089547137296286,0.0,0.3123130608175474
deviation_score,2115,0,452,0.5212107980201657,0.0,0.1906779661016949
deviation_score,2116,0,452,0.5212107980201657,0.0,0.1906779661016949
deviation_score,2117,0,453,0.4634022411329498,0.0,0.6398305084745762
deviation_score,2118,0,453,0.4634022411329498,0.0,0.6398305084745762
deviation_score,2119,0,454,0.4497172010266107,0.0,0.728813559322034
deviation_score,2120,0,454,0.4497172010266107,0.0,0.728813559322034
deviation_score,2121,0,455,0.49883082377497934,0.0,0.35440108246688506
deviation_score,2122,0,455,0.49883082377497934,0.0,0.35440108246688506
deviation_score,2123,0,456,0.5133827577703388,0.0,0.2330508474576271
deviation_score,2124,0,456,0.5133827577703388,0.0,0.2330508474576271
deviation_score,2125,0,457,0.4637100326462896,0.0,0.5949294972226178
deviation_score,2126,0,457,0.4637100326462896,0.0,0.5949294972226178
deviation_score,2127,0,458,0.4808002339868346,0.0,0.5021008403361344
deviation_score,2128,0,459,0.5606980549375139,0.0,0.07203389830508475
deviation_score,2129,0,459,0.5606980549375139,0.0,0.07203389830508475
deviation_score,2130,0,458,0.4808002339868346,0.0,0.5021008403361344
deviation_score,2131,0,460,0.49830153185823206,0.0,0.3940677966101695
deviation_score,2132,0,460,0.49830153185823206,0.0,0.3940677966101695
deviation_score,2133,0,461,0.5080814013991551,0.0,0.29539951573849876
deviation_score,2134,0,461,0.5080814013991551,0.0,0.29539951573849876
deviation_score,2135,0,462,0.37167370556702894,0.0,0.9745762711864406
deviation_score,2136,0,462,0.37167370556702894,0.0,0.9745762711864406
deviation_score,2137,0,463,0.4578116640467866,0.0,0.7046360917248256
deviation_score,2138,0,463,0.4578116640467866,0.0,0.7046360917248256
deviation_score,2139,0,464,0.4614491409314689,0.0,0.6567796610169492
deviation_score,2140,0,464,0.4614491409314689,0.0,0.6567796610169492
deviation_score,2141,0,465,0.45772471770796785,0.0,0.6835564734368323
deviation_score,2142,0,465,0.45772471770796785,0.0,0.6835564734368323
deviation_score,2143,0,466,0.5107883478675637,0.0,0.288135593220339
deviation_score,2144,0,466,0.5107883478675637,0.0,0.288135593220339
deviation_score,2145,0,467,0.5343565079033499,0.0,0.1307862127902008
deviation_score,2146,0,467,0.5343565079033499,0.0,0.1307862127902008
deviation_score,2147,0,468,0.5407163543404814,0.0,0.13502350092579404
deviation_score,2148,0,469,0.5195760838147135,0.0,0.2033898305084746
deviation_score,2149,0,469,0.5195760838147135,0.0,0.2033898305084746
deviation_score,2150,0,468,0.5407163543404814,0.0,0.13502350092579404
deviation_score,2151,0,470,0.5096842081135204,0.0,0.29536390827517445
deviation_score,2152,0,470,0.5096842081135204,0.0,0.29536390827517445
deviation_score,2153,0,471,0.4954901428524937,0.0,0.3881569576983336
deviation_score,2154,0,471,0.4954901428524937,0.0,0.3881569576983336
deviation_score,2155,0,472,0.5756558916999237,0.3,0.029661016949152543
deviation_score,2156,0,472,0.5756558916999237,0.3,0.029661016949152543
deviation_score,2157,0,473,0.45103993320117397,0.0,0.711864406779661
deviation_score,2158,0,473,0.45103993320117397,0.0,0.711864406779661
deviation_score,2159,0,474,0.47376016985228003,0.0,0.5550847457627118
deviation_score,2160,0,474,0.47376016985228003,0.0,0.5550847457627118
deviation_score,2161,0,475,0.4445228641777691,0.0,0.7669491525423728
deviation_score,2162,0,475,0.4445228641777691,0.0,0.7669491525423728
deviation_score,2163,1,476,0.45543586381221307,0.0,0.725751317476143
deviation_score,2164,0,476,0.45543586381221307,0.0,0.725751317476143
deviation_score,2165,0,477,0.691022852900414,0.9,0.00847457627118644
deviation_score,2166,0,477,0.691022852900414,0.9,0.00847457627118644
deviation_score,2167,0,478,0.474051269577915,0.0,0.5358923230309073
deviation_score,2168,0,478,0.474051269577915,0.0,0.5358923230309073
deviation_score,2169,0,479,0.4966920638011495,0.0,0.3670773394103404
deviation_score,2170,0,479,0.4966920638011495,0.0,0.3670773394103404
deviation_score,2171,0,480,0.4426576984482054,0.0,0.7796610169491526
deviation_score,2172,0,480,0.4426576984482054,0.0,0.7796610169491526
deviation_score,2173,0,481,0.46241192984810964,0.0,0.6328870531263353
deviation_score,2174,0,481,0.46241192984810964,0.0,0.6328870531263353
deviation_score,2175,0,482,0.4523805754960219,0.0,0.7203389830508474
deviation_score,2176,0,482,0.4523805754960219,0.0,0.7203389830508474
deviation_score,2177,1,483,0.43984590821609365,0.0,0.8135593220338984
deviation_score,2178,0,483,0.43984590821609365,0.0,0.8135593220338984
deviation_score,2179,0,484,0.6919481924256754,0.7,0.01694915254237288
deviation_score,2180,0,484,0.6919481924256754,0.7,0.01694915254237288
deviation_score,2181,0,485,0.5255833915821355,0.0,0.1906779661016949
deviation_score,2182,0,485,0.5255833915821355,0.0,0.1906779661016949
deviation_score,2183,1,486,0.49886823164845184,0.0,0.3249537102976784
deviation_score,2184,0,486,0.49886823164845184,0.0,0.3249537102976784
deviation_score,2185,0,487,0.47695525876004696,0.0,0.519014385415183
deviation_score,2186,0,487,0.47695525876004696,0.0,0.519014385415183
deviation_score,2187,0,488,0.4570675305301905,0.0,0.6666429283577838
deviation_score,2188,0,488,0.4570675305301905,0.0,0.6666429283577838
deviation_score,2189,0,489,0.44623856700899794,0.0,0.7679461615154537
deviation_score,2190,0,489,0.44623856700899794,0.0,0.7679461615154537
deviation_score,2191,0,490,0.42644663452820153,0.0,0.847457627118644
deviation_score,2192,0,490,0.42644663452820153,0.0,0.847457627118644
deviation_score,2193,0,491,0.40735348822405815,0.0,0.9194915254237288
deviation_score,2194,0,491,0.40735348822405815,0.0,0.9194915254237288
deviation_score,2195,0,492,0.49752097728040956,0.0,0.3474576271186441
deviation_score,2196,0,492,0.49752097728040956,0.0,0.3474576271186441
deviation_score,2197,0,493,0.49036361920419785,0.0,0.4194915254237288
deviation_score,2198,0,493,0.49036361920419785,0.0,0.4194915254237288
deviation_score,2199,0,494,0.49970285954575955,0.0,0.3389830508474576
deviation_score,2200,0,494,0.49970285954575955,0.0,0.3389830508474576
deviation_score,2201,0,495,0.5168273268963222,0.0,0.2076271186440678
deviation_score,2202,0,495,0.5168273268963222,0.0,0.2076271186440678
deviation_score,2203,0,496,0.5240469102732487,0.0,0.19491525423728814
deviation_score,2204,0,496,0.5240469102732487,0.0,0.19491525423728814
deviation_score,2205,0,497,0.5102071944080437,0.0,0.2669491525423729
deviation_score,2206,0,497,0.5102071944080437,0.0,0.2669491525423729
deviation_score,2207,0,498,0.7500789636451428,1.0,0.0
deviation_score,2208,0,498,0.7500789636451428,1.0,0.0
deviation_score,2209,0,499,0.45636894791896837,0.0,0.6822033898305084
deviation_score,2210,0,499,0.45636894791896837,0.0,0.6822033898305084
deviation_score,2211,0,500,0.49649134909612186,0.0,0.3559322033898305
deviation_score,2212,0,500,0.49649134909612186,0.0,0.3559322033898305
deviation_score,2213,0,501,0.4860361792744299,0.0,0.4364406779661017
deviation_score,2214,0,501,0.4860361792744299,0.0,0.4364406779661017
deviation_score,2215,0,502,0.5136251538900997,0.0,0.2245762711864407
deviation_score,2216,0,502,0.5136251538900997,0.0,0.2245762711864407
deviation_score,2217,0,503,0.5650471690073073,0.1,0.05084745762711865
deviation_score,2218,0,503,0.5650471690073073,0.1,0.05084745762711865
deviation_score,2219,0,504,0.560806565645515,0.1,0.07627118644067797
deviation_score,2220,0,504,0.560806565645515,0.1,0.07627118644067797
deviation_score,2221,0,505,0.5171643064985056,0.0,0.211864406779661
deviation_score,2222,0,505,0.5171643064985056,0.0,0.211864406779661
deviation_score,2223,0,506,0.49460893985089915,0.0,0.3983050847457627
deviation_score,2224,0,506,0.49460893985089915,0.0,0.3983050847457627
deviation_score,2225,0,507,0.46674291707843796,0.0,0.6144067796610169
deviation_score,2226,0,507,0.46674291707843796,0.0,0.6144067796610169
deviation_score,2227,0,508,0.4440817504303247,0.0,0.7542372881355932
deviation_score,2228,0,508,0.4440817504303247,0.0,0.7542372881355932
deviation_score,2229,0,509,0.5116963035047876,0.0,0.2531690642358638
deviation_score,2230,0,509,0.5116963035047876,0.0,0.2531690642358638
deviation_score,2231,0,510,0.4985550646471245,0.0,0.37127902008260927
deviation_score,2232,0,510,0.4985550646471245,0.0,0.37127902008260927
deviation_score,2233,0,511,0.6835916896297636,0.9,0.012711864406779662
deviation_score,2234,0,511,0.6835916896297636,0.9,0.012711864406779662
deviation_score,2235,0,512,0.5230514185552596,0.0,0.2033898305084746
deviation_score,2236,0,512,0.5230514185552596,0.0,0.2033898305084746
deviation_score,2237,0,513,0.509144572665403,0.0,0.2531690642358638
deviation_score,2238,0,513,0.509144572665403,0.0,0.2531690642358638
deviation_score,2239,0,514,0.45585557013996647,0.0,0.7033898305084746
deviation_score,2240,0,514,0.45585557013996647,0.0,0.7033898305084746
deviation_score,2241,0,515,0.43324811713216127,0.0,0.8135593220338984
deviation_score,2242,0,515,0.43324811713216127,0.0,0.8135593220338984
deviation_score,2243,0,516,0.4842187724536253,0.0,0.48942458339267914
deviation_score,2244,0,516,0.4842187724536253,0.0,0.48942458339267914
deviation_score,2245,0,517,0.5107261956032866,0.0,0.2245762711864407
deviation_score,2246,0,518,0.463253211375301,0.0,0.6498362056687081
deviation_score,2247,0,518,0.463253211375301,0.0,0.6498362056687081
deviation_score,2248,0,517,0.5107261956032866,0.0,0.2245762711864407
deviation_score,2249,0,519,0.5731523279565586,0.0,0.0423728813559322
deviation_score,2250,0,519,0.5731523279565586,0.0,0.0423728813559322
deviation_score,2251,0,520,0.6895778305603006,0.5,0.0211864406779661
deviation_score,2252,0,520,0.6895778305603006,0.5,0.0211864406779661
deviation_score,2253,0,521,0.5311104701126873,0.0,0.15254237288135591
deviation_score,2254,0,521,0.5311104701126873,0.0,0.15254237288135591
deviation_score,2255,0,522,0.541102676572704,0.0,0.11864406779661017
deviation_score,2256,0,522,0.541102676572704,0.0,0.11864406779661017
deviation_score,2257,0,523,0.5139198856557458,0.0,0.2627118644067796
deviation_score,2258,0,523,0.5139198856557458,0.0,0.2627118644067796
deviation_score,2259,0,524,0.5066599683935267,0.0,0.24896738356359494
deviation_score,2260,0,524,0.5066599683935267,0.0,0.24896738356359494
deviation_score,2261,0,525,0.4732897638794859,0.0,0.5508474576271186
deviation_score,2262,0,525,0.4732897638794859,0.0,0.5508474576271186
deviation_score,2263,0,526,0.4791980488517725,0.0,0.46218487394957986
deviation_score,2264,0,526,0.4791980488517725,0.0,0.46218487394957986
deviation_score,2265,0,527,0.5110618136044464,0.0,0.23205383848454636
deviation_score,2266,0,527,0.5110618136044464,0.0,0.23205383848454636
deviation_score,2267,0,528,0.5143037366300216,0.0,0.22033898305084745
deviation_score,2268,0,529,0.5192529021859879,0.0,0.2288135593220339
deviation_score,2269,0,528,0.5143037366300216,0.0,0.22033898305084745
deviation_score,2270,0,529,0.5192529021859879,0.0,0.2288135593220339
deviation_score,2271,0,530,0.5193480554611118,0.0,0.24476570289132601
deviation_score,2272,0,530,0.5193480554611118,0.0,0.24476570289132601
deviation_score,2273,0,531,0.5458981298930096,0.0,0.0847457627118644
deviation_score,2274,0,531,0.5458981298930096,0.0,0.0847457627118644
deviation_score,2275,0,532,0.5415950440566258,0.0,0.09322033898305085
deviation_score,2276,0,532,0.5415950440566258,0.0,0.09322033898305085
deviation_score,2277,0,533,0.4805918913839532,0.0,0.521186440677966
deviation_score,2278,0,533,0.4805918913839532,0.0,0.521186440677966
deviation_score,2279,0,534,0.43361696940160455,0.0,0.8135593220338984
deviation_score,2280,0,534,0.43361696940160455,0.0,0.8135593220338984
deviation_score,2281,0,535,0.4578206948943694,0.0,0.6751175046289702
deviation_score,2282,0,535,0.4578206948943694,0.0,0.6751175046289702
deviation_score,2283,0,536,0.5004892869630267,0.0,0.3305084745762712
deviation_score,2284,0,536,0.5004892869630267,0.0,0.3305084745762712
deviation_score,2285,0,537,0.48745744450627193,0.0,0.4110169491525424
deviation_score,2286,0,537,0.48745744450627193,0.0,0.4110169491525424
deviation_score,2287,0,538,0.4741485344403638,0.0,0.5654465175900869
deviation_score,2288,0,538,0.4741485344403638,0.0,0.5654465175900869
deviation_score,2289,0,539,0.5115209929478727,0.0,0.3135593220338983
deviation_score,2290,0,539,0.5115209929478727,0.0,0.3135593220338983
deviation_score,2291,0,540,0.5085679859518258,0.0,0.2796610169491525
deviation_score,2292,0,540,0.5085679859518258,0.0,0.2796610169491525
deviation_score,2293,0,541,0.517306868062935,0.0,0.19491525423728814
deviation_score,2294,0,541,0.517306868062935,0.0,0.19491525423728814
deviation_score,2295,0,542,0.52379433605135,0.0,0.21008403361344538
deviation_score,2296,0,542,0.52379433605135,0.0,0.21008403361344538
deviation_score,2297,0,543,0.48197754889522126,0.0,0.4852941176470588
deviation_score,2298,0,543,0.48197754889522126,0.0,0.4852941176470588
deviation_score,2299,0,544,0.38763512622495305,0.0,0.9704814129041447
deviation_score,2300,0,544,0.38763512622495305,0.0,0.9704814129041447
deviation_score,2301,0,545,0.465156638015735,0.0,0.5889830508474576
deviation_score,2302,0,545,0.465156638015735,0.0,0.5889830508474576
deviation_score,2303,0,546,0.527397340012034,0.0,0.15677966101694915
deviation_score,2304,0,546,0.527397340012034,0.0,0.15677966101694915
deviation_score,2305,0,547,0.489861642520527,0.0,0.4364406779661017
deviation_score,2306,0,547,0.489861642520527,0.0,0.4364406779661017
deviation_score,2307,0,548,0.5025639845513401,0.0,0.29112662013958124
deviation_score,2308,0,548,0.5025639845513401,0.0,0.29112662013958124
deviation_score,2309,0,549,0.49232236469196733,0.0,0.4219484403931064
deviation_score,2310,0,549,0.49232236469196733,0.0,0.4219484403931064
deviation_score,2311,0,550,0.5419676395612407,0.0,0.10967098703888335
deviation_score,2312,0,550,0.5419676395612407,0.0,0.10967098703888335
deviation_score,2313,0,551,0.5583120163831505,0.1,0.0632744623273038
deviation_score,2314,0,551,0.5583120163831505,0.1,0.0632744623273038
deviation_score,2315,0,552,0.49107640526421814,0.0,0.37131462754593364
deviation_score,2316,0,552,0.49107640526421814,0.0,0.37131462754593364
deviation_score,2317,0,553,0.44135329034613635,0.0,0.7637088733798604
deviation_score,2318,0,553,0.44135329034613635,0.0,0.7637088733798604
deviation_score,2319,0,554,0.46178709488488356,0.0,0.6652542372881356
deviation_score,2320,0,554,0.46178709488488356,0.0,0.6652542372881356
deviation_score,2321,0,555,0.5202287026065948,0.0,0.21610169491525422
deviation_score,2322,0,555,0.5202287026065948,0.0,0.21610169491525422
deviation_score,2323,0,556,0.513604874428316,0.0,0.26153681811707735
deviation_score,2324,0,556,0.513604874428316,0.0,0.26153681811707735
deviation_score,2325,0,557,0.5460406094050418,0.0,0.08898305084745763
deviation_score,2326,0,557,0.5460406094050418,0.0,0.08898305084745763
deviation_score,2327,0,558,0.6960172516858455,0.8,0.00847457627118644
deviation_score,2328,0,558,0.6960172516858455,0.8,0.00847457627118644
deviation_score,2329,0,559,0.5260374927534736,0.0,0.1864406779661017
deviation_score,2330,0,559,0.5260374927534736,0.0,0.1864406779661017
deviation_score,2331,1,560,0.5107107854066523,0.0,0.2627118644067796
deviation_score,2332,0,560,0.5107107854066523,0.0,0.2627118644067796
deviation_score,2333,0,561,0.5053748667263971,0.0,0.2700470018515881
deviation_score,2334,0,561,0.5053748667263971,0.0,0.2700470018515881
deviation_score,2335,0,562,0.48588310618037517,0.0,0.4219128329297821
deviation_score,2336,0,562,0.48588310618037517,0.0,0.4219128329297821
deviation_score,2337,0,563,0.4790772408561166,0.0,0.521186440677966
deviation_score,2338,0,563,0.4790772408561166,0.0,0.521186440677966
deviation_score,2339,0,564,0.4929226016191041,0.0,0.4220908702464037
deviation_score,2340,0,564,0.4929226016191041,0.0,0.4220908702464037
deviation_score,2341,0,565,0.4824922201080127,0.0,0.4725466457769548
deviation_score,2342,0,565,0.4824922201080127,0.0,0.4725466457769548
deviation_score,2343,1,566,0.5473348967383844,0.0,0.1016949152542373
deviation_score,2344,0,566,0.5473348967383844,0.0,0.1016949152542373
deviation_score,2345,0,567,0.49057722202933346,0.0,0.43220338983050843
deviation_score,2346,0,567,0.49057722202933346,0.0,0.43220338983050843
deviation_score,2347,0,568,0.5296939940262135,0.0,0.1519014385415183
deviation_score,2348,0,568,0.5296939940262135,0.0,0.1519014385415183
deviation_score,2349,0,569,0.5140476763343181,0.0,0.19915254237288138
deviation_score,2350,0,569,0.5140476763343181,0.0,0.19915254237288138
deviation_score,2351,0,570,0.537864759553635,0.0,0.10970659450220765
deviation_score,2352,0,570,0.537864759553635,0.0,0.10970659450220765
deviation_score,2353,0,571,0.48929255082069656,0.0,0.41350947158524426
deviation_score,2354,0,571,0.48929255082069656,0.0,0.41350947158524426
deviation_score,2355,0,572,0.5206107752138948,0.0,0.1652542372881356
deviation_score,2356,0,572,0.5206107752138948,0.0,0.1652542372881356
deviation_score,2357,0,573,0.4722267158457085,0.0,0.5677966101694916
deviation_score,2358,0,573,0.4722267158457085,0.0,0.5677966101694916
deviation_score,2359,0,574,0.4596558417785926,0.0,0.6652542372881356
deviation_score,2360,0,574,0.4596558417785926,0.0,0.6652542372881356
deviation_score,2361,0,575,0.5004683648436907,0.0,0.3516949152542373
deviation_score,2362,0,575,0.5004683648436907,0.0,0.3516949152542373
deviation_score,2363,0,576,0.5000926937364302,0.0,0.3333214641788919
deviation_score,2364,0,576,0.5000926937364302,0.0,0.3333214641788919
deviation_score,2365,0,577,0.6190643164776888,0.4,0.025316906423586385
deviation_score,2366,0,577,0.6190643164776888,0.4,0.025316906423586385
deviation_score,2367,0,578,0.7446679822394021,1.0,0.0
deviation_score,2368,0,578,0.7446679822394021,1.0,0.0
deviation_score,2369,0,579,0.489549498560527,0.0,0.41350947158524426
deviation_score,2370,0,579,0.489549498560527,0.0,0.41350947158524426
deviation_score,2371,0,580,0.4948576889729052,0.0,0.326271186440678
deviation_score,2372,0,580,0.4948576889729052,0.0,0.326271186440678
deviation_score,2373,0,581,0.5041663932353595,0.0,0.31647913402649197
deviation_score,2374,0,581,0.5041663932353595,0.0,0.31647913402649197
deviation_score,2375,0,582,0.4491882656594156,0.0,0.7627118644067796
deviation_score,2376,0,582,0.4491882656594156,0.0,0.7627118644067796
deviation_score,2377,0,583,0.469821432111668,0.0,0.5780159521435693
deviation_score,2378,0,583,0.469821432111668,0.0,0.5780159521435693
deviation_score,2379,0,584,0.4955776733422666,0.0,0.3771186440677966
deviation_score,2380,0,584,0.4955776733422666,0.0,0.3771186440677966
deviation_score,2381,0,585,0.4963066970802411,0.0,0.385593220338983
deviation_score,2382,0,585,0.4963066970802411,0.0,0.385593220338983
deviation_score,2383,0,586,0.5341861306501634,0.0,0.1440677966101695
deviation_score,2384,0,586,0.5341861306501634,0.0,0.1440677966101695
deviation_score,2385,0,587,0.5206195915565944,0.0,0.20253525138869108
deviation_score,2386,0,587,0.5206195915565944,0.0,0.20253525138869108
deviation_score,2387,0,588,0.5129552523749992,0.0,0.2627118644067796
deviation_score,2388,0,588,0.5129552523749992,0.0,0.2627118644067796
deviation_score,2389,0,589,0.5400828986497483,0.0,0.09745762711864407
deviation_score,2390,0,589,0.5400828986497483,0.0,0.09745762711864407
deviation_score,2391,0,590,0.49215611060139963,0.0,0.38983050847457623
deviation_score,2392,0,590,0.49215611060139963,0.0,0.38983050847457623
logistic,1211,0,0,0.030935069399395537,0.0,0.211864406779661
logistic,1212,0,0,0.030935069399395537,0.0,0.211864406779661
logistic,1213,0,1,0.05655406494644921,0.0,0.10554052129326308
logistic,1214,0,1,0.05655406494644921,0.0,0.10554052129326308
logistic,1215,0,2,0.029706377171644725,0.0,0.2076271186440678
logistic,1216,0,2,0.029706377171644725,0.0,0.2076271186440678
logistic,1217,0,3,0.07935902096994824,0.0,0.06302521008403361
logistic,1218,0,3,0.07935902096994824,0.0,0.06302521008403361
logistic,1219,0,4,0.02091439808262489,0.0,0.4915254237288136
logistic,1220,0,4,0.02091439808262489,0.0,0.4915254237288136
logistic,1221,0,5,0.026464232896572615,0.0,0.2754237288135593
logistic,1222,0,5,0.026464232896572615,0.0,0.2754237288135593
logistic,1223,0,6,0.010665636300915764,0.0,0.6186440677966101
logistic,1224,0,6,0.010665636300915764,0.0,0.6186440677966101
logistic,1225,0,7,0.023755262067386353,0.0,0.3050847457627119
logistic,1226,0,7,0.023755262067386353,0.0,0.3050847457627119
logistic,1227,0,8,0.035441340739966895,0.0,0.19491525423728812
logistic,1228,0,8,0.035441340739966895,0.0,0.19491525423728812
logistic,1229,0,9,0.08739935752934899,0.2,0.07171343113516593
logistic,1230,0,9,0.08739935752934899,0.2,0.07171343113516593
logistic,1231,0,10,0.15789050231746432,0.4,0.03361344537815126
logistic,1232,0,10,0.15789050231746432,0.4,0.03361344537815126
logistic,1233,0,11,0.08931227341814936,0.1,0.046610169491525424
logistic,1234,0,11,0.08931227341814936,0.1,0.046610169491525424
logistic,1235,0,12,0.02936626353511539,0.0,0.3474576271186441
logistic,1236,0,12,0.02936626353511539,0.0,0.3474576271186441
logistic,1237,0,13,0.11765382696007316,0.2,0.05508474576271187
logistic,1238,0,13,0.11765382696007316,0.2,0.05508474576271187
logistic,1239,0,14,0.06890719697957308,0.2,0.1440677966101695
logistic,1240,0,14,0.06890719697957308,0.2,0.1440677966101695
logistic,1241,0,15,0.14009445410008717,0.1,0.05508474576271187
logistic,1242,0,15,0.14009445410008717,0.1,0.05508474576271187
logistic,1243,0,16,0.020669435466997385,0.0,0.3898305084745763
logistic,1244,0,16,0.020669435466997385,0.0,0.3898305084745763
logistic,1245,0,17,0.08212843877316761,0.0,0.0632744623273038
logistic,1246,0,17,0.08212843877316761,0.0,0.0632744623273038
logistic,1247,0,18,0.02109065527408907,0.0,0.4533898305084746
logistic,1248,0,18,0.02109065527408907,0.0,0.4533898305084746
logistic,1249,0,19,0.042709226148310866,0.0,0.16101694915254236
logistic,1250,0,19,0.042709226148310866,0.0,0.16101694915254236
logistic,1251,0,20,0.02217717777354867,0.0,0.32456202820111096
logistic,1252,0,20,0.02217717777354867,0.0,0.32456202820111096
logistic,1253,0,21,0.10190218851552865,0.1,0.07203389830508475
logistic,1254,0,21,0.10190218851552865,0.1,0.07203389830508475
logistic,1255,0,22,0.011727460650894255,0.0,0.5569007263922519
logistic,1256,0,22,0.011727460650894255,0.0,0.5569007263922519
logistic,1257,0,23,0.04140294044423452,0.0,0.2404928072924085
logistic,1258,0,23,0.04140294044423452,0.0,0.2404928072924085
logistic,1259,0,24,0.05053794725707722,0.0,0.15254237288135594
logistic,1260,0,24,0.05053794725707722,0.0,0.15254237288135594
logistic,1261,0,25,0.058776046432458685,0.0,0.1016949152542373
logistic,1262,0,25,0.058776046432458685,0.0,0.1016949152542373
logistic,1263,0,26,0.06564703712677153,0.0,0.1694915254237288
logistic,1264,0,26,0.06564703712677153,0.0,0.1694915254237288
logistic,1265,0,27,0.016182010211763093,0.0,0.42212647770972794
logistic,1266,0,27,0.016182010211763093,0.0,0.42212647770972794
logistic,1267,0,28,0.02116648283404842,0.0,0.3728813559322034
logistic,1268,0,28,0.02116648283404842,0.0,0.3728813559322034
logistic,1269,0,29,0.2131329393946268,0.3,0.03813559322033898
logistic,1270,0,29,0.2131329393946268,0.3,0.03813559322033898
logistic,1271,0,30,0.011194489758069881,0.0,0.6455633100697906
logistic,1272,0,30,0.011194489758069881,0.0,0.6455633100697906
logistic,1273,0,31,0.021396563539050555,0.0,0.4788135593220339
logistic,1274,0,31,0.021396563539050555,0.0,0.4788135593220339
logistic,1275,0,32,0.008683512735670439,0.0,0.7966101694915254
logistic,1276,0,32,0.008683512735670439,0.0,0.7966101694915254
logistic,1277,0,33,0.005513704371643826,0.0,0.7838983050847458
logistic,1278,0,33,0.005513704371643826,0.0,0.7838983050847458
logistic,1279,0,34,0.06719427852515654,0.1,0.3813559322033898
logistic,1280,0,34,0.06719427852515654,0.1,0.3813559322033898
logistic,1281,0,35,0.15558889831762296,0.4,0.07203389830508475
logistic,1282,0,35,0.15558889831762296,0.4,0.07203389830508475
logistic,1283,0,36,0.006927617023754519,0.0,0.6652542372881356
logistic,1284,0,36,0.006927617023754519,0.0,0.6652542372881356
logistic,1285,0,37,0.02127152034802862,0.0,0.4872881355932204
logistic,1286,0,37,0.02127152034802862,0.0,0.4872881355932204
logistic,1287,0,38,0.022288906489258013,0.0,0.3771186440677966
logistic,1288,0,38,0.022288906489258013,0.0,0.3771186440677966
logistic,1289,0,39,0.03403731795885302,0.0,0.17298105682951148
logistic,1290,0,39,0.03403731795885302,0.0,0.17298105682951148
logistic,1291,0,40,0.1555229220973824,0.5,0.021079618287993165
logistic,1292,0,40,0.1555229220973824,0.5,0.021079618287993165
logistic,1293,0,41,0.17803784566054132,0.5,0.025423728813559324
logistic,1294,0,41,0.17803784566054132,0.5,0.025423728813559324
logistic,1295,0,42,0.0023241896770568823,0.0,0.9067796610169492
logistic,1296,0,42,0.0023241896770568823,0.0,0.9067796610169492
logistic,1297,0,43,0.00789612263953558,0.0,0.6779661016949152
logistic,1298,0,43,0.00789612263953558,0.0,0.6779661016949152
logistic,1299,0,44,0.48202123800631436,0.9,0.0
logistic,1300,0,44,0.48202123800631436,0.9,0.0
logistic,1301,0,45,0.0012614790306172251,0.0,0.978813559322034
logistic,1302,0,45,0.0012614790306172251,0.0,0.978813559322034
logistic,1303,0,46,0.011725563918728806,0.0,0.4830508474576271
logistic,1304,0,46,0.011725563918728806,0.0,0.4830508474576271
logistic,1305,0,47,0.026342370607968974,0.0,0.23728813559322035
logistic,1306,0,47,0.026342370607968974,0.0,0.23728813559322035
logistic,1307,0,48,0.02066479193999257,0.0,0.3711721976926364
logistic,1308,0,48,0.02066479193999257,0.0,0.3711721976926364
logistic,1309,0,49,0.03397909340538701,0.0,0.2711864406779661
logistic,1310,0,49,0.03397909340538701,0.0,0.2711864406779661
logistic,1311,0,50,0.007720007346149244,0.0,0.6752243270189432
logistic,1312,0,50,0.007720007346149244,0.0,0.6752243270189432
logistic,1313,0,51,0.017793401610749555,0.0,0.5593220338983051
logistic,1314,0,51,0.017793401610749555,0.0,0.5593220338983051
logistic,1315,0,52,0.0022807130842939253,0.0,0.9240136732659165
logistic,1316,0,52,0.0022807130842939253,0.0,0.9240136732659165
logistic,1317,0,53,0.04857916453535789,0.0,0.14346246973365617
logistic,1318,0,53,0.04857916453535789,0.0,0.14346246973365617
logistic,1319,0,54,0.00859294697455607,0.0,0.7584745762711864
logistic,1320,0,54,0.00859294697455607,0.0,0.7584745762711864
logistic,1321,0,55,0.016904833956161044,0.0,0.5169491525423728
logistic,1322,0,55,0.016904833956161044,0.0,0.5169491525423728
logistic,1323,0,56,0.07240936419054372,0.0,0.1059322033898305
logistic,1324,0,56,0.07240936419054372,0.0,0.1059322033898305
logistic,1325,0,57,0.03569816629342861,0.0,0.23728813559322035
logistic,1326,0,57,0.03569816629342861,0.0,0.23728813559322035
logistic,1327,0,58,0.01586403451015966,0.0,0.4194915254237288
logistic,1328,0,58,0.01586403451015966,0.0,0.4194915254237288
logistic,1329,0,59,0.005192656099389956,0.0,0.7848597065945022
logistic,1330,0,59,0.005192656099389956,0.0,0.7848597065945022
logistic,1331,0,60,0.0045425102298152385,0.0,0.8564663153396952
logistic,1332,0,60,0.0045425102298152385,0.0,0.8564663153396952
logistic,1333,0,61,0.037413478070245816,0.0,0.21952001139438826
logistic,1334,0,61,0.037413478070245816,0.0,0.21952001139438826
logistic,1335,0,62,0.08836032162532696,0.1,0.07203389830508475
logistic,1336,0,62,0.08836032162532696,0.1,0.07203389830508475
logistic,1337,0,63,0.0028286213844978154,0.0,0.9110169491525424
logistic,1338,0,63,0.0028286213844978154,0.0,0.9110169491525424
logistic,1339,0,64,0.025678967448189795,0.0,0.30508474576271183
logistic,1340,0,64,0.025678967448189795,0.0,0.30508474576271183
logistic,1341,0,65,0.008299932835583673,0.0,0.6779661016949152
logistic,1342,0,65,0.008299932835583673,0.0,0.6779661016949152
logistic,1343,0,66,0.029657964489516214,0.0,0.2773109243697479
logistic,1344,0,66,0.029657964489516214,0.0,0.2773109243697479
logistic,1345,0,67,0.031046781309684534,0.0,0.21104543512320184
logistic,1346,0,67,0.031046781309684534,0.0,0.21104543512320184
logistic,1347,1,68,0.0008778143678713227,0.0,0.9703389830508474
logistic,1348,0,68,0.0008778143678713227,0.0,0.9703389830508474
logistic,1349,0,69,0.01266458888410931,0.0,0.6160803304372596
logistic,1350,0,69,0.01266458888410931,0.0,0.6160803304372596
logistic,1351,0,70,0.034971194156998064,0.0,0.2194131890044153
logistic,1352,0,71,0.029149608943353538,0.0,0.25324027916251246
logistic,1353,0,70,0.034971194156998064,0.0,0.2194131890044153
logistic,1354,0,71,0.029149608943353538,0.0,0.25324027916251246
logistic,1355,0,72,0.0090082502367103,0.0,0.6036533257370744
logistic,1356,0,72,0.0090082502367103,0.0,0.6036533257370744
logistic,1357,0,73,0.011513196376131584,0.0,0.5296610169491525
logistic,1358,0,73,0.011513196376131584,0.0,0.5296610169491525
logistic,1359,0,74,0.009286587047988112,0.0,0.7089089873237431
logistic,1360,0,74,0.009286587047988112,0.0,0.7089089873237431
logistic,1361,0,75,0.020011773558621014,0.0,0.326271186440678
logistic,1362,0,75,0.020011773558621014,0.0,0.326271186440678
logistic,1363,0,76,0.025153105134090116,0.0,0.288135593220339
logistic,1364,0,76,0.025153105134090116,0.0,0.288135593220339
logistic,1365,0,77,0.005142058108701955,0.0,0.8559322033898304
logistic,1366,0,77,0.005142058108701955,0.0,0.8559322033898304
logistic,1367,0,78,0.04024314843299916,0.0,0.16101694915254236
logistic,1368,0,78,0.04024314843299916,0.0,0.16101694915254236
logistic,1369,0,79,0.1575291992376218,0.3,0.025423728813559324
logistic,1370,0,79,0.1575291992376218,0.3,0.025423728813559324
logistic,1371,1,80,0.001354941950374988,0.0,0.961864406779661
logistic,1372,0,80,0.001354941950374988,0.0,0.961864406779661
logistic,1373,0,81,0.004307948227527855,0.0,0.8565375302663438
logistic,1374,0,81,0.004307948227527855,0.0,0.8565375302663438
logistic,1375,0,82,0.007620865120870334,0.0,0.7594715852442672
logistic,1376,0,82,0.007620865120870334,0.0,0.7594715852442672
logistic,1377,0,83,0.024219774747228254,0.0,0.3601694915254237
logistic,1378,0,83,0.024219774747228254,0.0,0.3601694915254237
logistic,1379,0,84,0.02503061754127887,0.0,0.3025210084033613
logistic,1380,0,84,0.02503061754127887,0.0,0.3025210084033613
logistic,1381,1,85,0.007169664124115874,0.0,0.7245762711864406
logistic,1382,0,85,0.007169664124115874,0.0,0.7245762711864406
logistic,1383,0,86,0.0016062298664707628,0.0,0.9661016949152542
logistic,1384,0,86,0.0016062298664707628,0.0,0.9661016949152542
logistic,1385,0,87,0.0036501055666558215,0.0,0.8432203389830508
logistic,1386,0,87,0.0036501055666558215,0.0,0.8432203389830508
logistic,1387,0,88,0.05339891725685747,0.0,0.13983050847457626
logistic,1388,0,88,0.05339891725685747,0.0,0.13983050847457626
logistic,1389,0,89,0.005902915819865966,0.0,0.8008474576271186
logistic,1390,0,89,0.005902915819865966,0.0,0.8008474576271186
logistic,1391,0,90,0.00685327090027122,0.0,0.7542372881355932
logistic,1392,0,90,0.00685327090027122,0.0,0.7542372881355932
logistic,1393,0,91,0.015566636601071968,0.0,0.3728813559322034
logistic,1394,0,91,0.015566636601071968,0.0,0.3728813559322034
logistic,1395,0,92,0.013927257307948188,0.0,0.5274889616863694
logistic,1396,0,92,0.013927257307948188,0.0,0.5274889616863694
logistic,1397,0,93,0.015779517150731243,0.0,0.45150263495228604
logistic,1398,0,93,0.015779517150731243,0.0,0.45150263495228604
logistic,1399,0,94,0.022793139025734065,0.0,0.3686440677966102
logistic,1400,0,94,0.022793139025734065,0.0,0.3686440677966102
logistic,1401,0,95,0.01895598305722784,0.0,0.5127118644067796
logistic,1402,0,95,0.01895598305722784,0.0,0.5127118644067796
logistic,1403,0,96,0.006958157853808071,0.0,0.7076271186440678
logistic,1404,0,96,0.006958157853808071,0.0,0.7076271186440678
logistic,1405,0,97,0.003277551519083552,0.0,0.8940677966101696
logistic,1406,0,97,0.003277551519083552,0.0,0.8940677966101696
logistic,1407,0,98,0.21399359721959782,0.5,0.02104401082466885
logistic,1408,0,98,0.21399359721959782,0.5,0.02104401082466885
logistic,1409,0,99,0.004162568375144579,0.0,0.7838983050847457
logistic,1410,0,99,0.004162568375144579,0.0,0.7838983050847457
logistic,1411,0,100,0.009953019202481258,0.0,0.6284005127474719
logistic,1412,0,100,0.009953019202481258,0.0,0.6284005127474719
logistic,1413,0,101,0.08893559496020037,0.0,0.06331006979062812
logistic,1414,0,101,0.08893559496020037,0.0,0.06331006979062812
logistic,1415,1,102,0.011222008273683321,0.0,0.7257157100128186
logistic,1416,0,102,0.011222008273683321,0.0,0.7257157100128186
logistic,1417,0,103,0.007898064304988153,0.0,0.6822033898305084
logistic,1418,0,103,0.007898064304988153,0.0,0.6822033898305084
logistic,1419,0,104,0.023122008159429275,0.0,0.4279661016949152
logistic,1420,0,104,0.023122008159429275,0.0,0.4279661016949152
logistic,1421,0,105,0.0470683694626661,0.0,0.13559322033898305
logistic,1422,0,105,0.0470683694626661,0.0,0.13559322033898305
logistic,1423,0,106,0.0013898316398639327,0.0,0.9745762711864406
logistic,1424,0,106,0.0013898316398639327,0.0,0.9745762711864406
logistic,1425,0,107,0.01431784323101173,0.0,0.4703389830508474
logistic,1426,0,107,0.01431784323101173,0.0,0.4703389830508474
logistic,1427,0,108,0.009588807731441818,0.0,0.6398305084745763
logistic,1428,0,108,0.009588807731441818,0.0,0.6398305084745763
logistic,1429,0,109,0.015079554237087586,0.0,0.48949579831932777
logistic,1430,0,109,0.015079554237087586,0.0,0.48949579831932777
logistic,1431,0,110,0.023429736836633835,0.0,0.3728813559322034
logistic,1432,0,110,0.023429736836633835,0.0,0.3728813559322034
logistic,1433,0,111,0.010568574550179668,0.0,0.7226890756302521
logistic,1434,0,111,0.010568574550179668,0.0,0.7226890756302521
logistic,1435,0,112,0.009230403026839355,0.0,0.7076271186440678
logistic,1436,0,112,0.009230403026839355,0.0,0.7076271186440678
logistic,1437,0,113,0.0054408609367054455,0.0,0.8177966101694916
logistic,1438,0,113,0.0054408609367054455,0.0,0.8177966101694916
logistic,1439,0,114,0.03750363748839141,0.0,0.18134881071072495
logistic,1440,0,114,0.03750363748839141,0.0,0.18134881071072495
logistic,1441,0,115,0.0014811004871308235,0.0,0.9534966528984474
logistic,1442,0,115,0.0014811004871308235,0.0,0.9534966528984474
logistic,1443,0,116,0.02550031814851711,0.0,0.2838983050847458
logistic,1444,0,116,0.02550031814851711,0.0,0.2838983050847458
logistic,1445,0,117,0.0008836503088081318,0.0,0.9830508474576272
logistic,1446,0,117,0.0008836503088081318,0.0,0.9830508474576272
logistic,1447,0,118,0.03012676247669055,0.0,0.2245762711864407
logistic,1448,0,118,0.03012676247669055,0.0,0.2245762711864407
logistic,1449,0,119,0.023676736744027607,0.0,0.3559322033898305
logistic,1450,0,119,0.023676736744027607,0.0,0.3559322033898305
logistic,1451,0,120,0.012432616480245552,0.0,0.5274889616863694
logistic,1452,0,120,0.012432616480245552,0.0,0.5274889616863694
logistic,1453,0,121,0.020897605743879114,0.0,0.3940677966101695
logistic,1454,0,121,0.020897605743879114,0.0,0.3940677966101695
logistic,1455,1,122,0.014064152039019895,0.0,0.5148483122062384
logistic,1456,0,122,0.014064152039019895,0.0,0.5148483122062384
logistic,1457,0,123,0.04207792585117657,0.1,0.2796610169491525
logistic,1458,0,123,0.04207792585117657,0.1,0.2796610169491525
logistic,1459,0,124,0.041334974579425754,0.0,0.3171912832929782
logistic,1460,0,124,0.041334974579425754,0.0,0.3171912832929782
logistic,1461,0,125,0.004414705164837031,0.0,0.8898305084745762
logistic,1462,0,125,0.004414705164837031,0.0,0.8898305084745762
logistic,1463,0,126,0.011352147980023097,0.0,0.7003988035892323
logistic,1464,0,126,0.011352147980023097,0.0,0.7003988035892323
logistic,1465,0,127,0.004009866218612472,0.0,0.8940677966101696
logistic,1466,0,127,0.004009866218612472,0.0,0.8940677966101696
logistic,1467,0,128,0.018543726523860306,0.0,0.3728813559322034
logistic,1468,0,128,0.018543726523860306,0.0,0.3728813559322034
logistic,1469,0,129,0.11882127238176143,0.4,0.03813559322033898
logistic,1470,0,129,0.11882127238176143,0.4,0.03813559322033898
logistic,1471,0,130,0.008402921256017626,0.0,0.6118786497649907
logistic,1472,0,130,0.008402921256017626,0.0,0.6118786497649907
logistic,1473,0,131,0.01839530129673944,0.0,0.4279661016949152
logistic,1474,0,131,0.01839530129673944,0.0,0.4279661016949152
logistic,1475,0,132,0.004889117407797476,0.0,0.8220338983050848
logistic,1476,0,132,0.004889117407797476,0.0,0.8220338983050848
logistic,1477,0,133,0.011707147148436396,0.0,0.538135593220339
logistic,1478,0,133,0.011707147148436396,0.0,0.538135593220339
logistic,1479,0,134,0.03673233754845342,0.0,0.22778094288562883
logistic,1480,0,134,0.03673233754845342,0.0,0.22778094288562883
logistic,1481,0,135,0.02053095318873039,0.0,0.4067796610169492
logistic,1482,0,135,0.02053095318873039,0.0,0.4067796610169492
logistic,1483,0,136,0.009297881409185955,0.0,0.7076271186440678
logistic,1484,0,136,0.009297881409185955,0.0,0.7076271186440678
logistic,1485,0,137,0.017468386603509665,0.0,0.4576271186440678
logistic,1486,0,137,0.017468386603509665,0.0,0.4576271186440678
logistic,1487,0,138,0.022258016486919413,0.0,0.3728813559322034
logistic,1488,0,138,0.022258016486919413,0.0,0.3728813559322034
logistic,1489,0,139,0.006511491305075183,0.0,0.7372881355932204
logistic,1490,0,139,0.006511491305075183,0.0,0.7372881355932204
logistic,1491,0,140,0.015171530575905413,0.0,0.45150263495228604
logistic,1492,0,140,0.015171530575905413,0.0,0.45150263495228604
logistic,1493,0,141,0.01087897655486638,0.0,0.597457627118644
logistic,1494,0,141,0.01087897655486638,0.0,0.597457627118644
logistic,1495,0,142,0.01826355788998676,0.0,0.43220338983050843
logistic,1496,0,142,0.01826355788998676,0.0,0.43220338983050843
logistic,1497,0,143,0.009711301251195433,0.0,0.6652542372881356
logistic,1498,0,143,0.009711301251195433,0.0,0.6652542372881356
logistic,1499,0,144,0.01836060795510238,0.0,0.5127118644067796
logistic,1500,0,144,0.01836060795510238,0.0,0.5127118644067796
logistic,1501,0,145,0.03392172330506367,0.0,0.1864406779661017
logistic,1502,0,145,0.03392172330506367,0.0,0.1864406779661017
logistic,1503,0,146,0.011958841469134831,0.0,0.5274533542230452
logistic,1504,0,146,0.011958841469134831,0.0,0.5274533542230452
logistic,1505,0,147,0.0017495253306941336,0.0,0.9535678678250962
logistic,1506,0,147,0.0017495253306941336,0.0,0.9535678678250962
logistic,1507,0,148,0.0013478369891203002,0.0,0.9661016949152542
logistic,1508,0,148,0.0013478369891203002,0.0,0.9661016949152542
logistic,1509,0,149,0.11128228778963649,0.3,0.06779661016949153
logistic,1510,0,149,0.11128228778963649,0.3,0.06779661016949153
logistic,1511,1,150,0.030822107041756464,0.0,0.2288135593220339
logistic,1512,0,150,0.030822107041756464,0.0,0.2288135593220339
logistic,1513,0,151,0.025545728397100113,0.0,0.2966101694915254
logistic,1514,0,151,0.025545728397100113,0.0,0.2966101694915254
logistic,1515,1,152,0.003342750689944431,0.0,0.8771186440677966
logistic,1516,0,152,0.003342750689944431,0.0,0.8771186440677966
logistic,1517,0,153,0.01162565165728244,0.0,0.6398305084745762
logistic,1518,0,153,0.01162565165728244,0.0,0.6398305084745762
logistic,1519,0,154,0.009693502624249499,0.0,0.5484617575843898
logistic,1520,0,154,0.009693502624249499,0.0,0.5484617575843898
logistic,1521,1,155,0.02097774896907239,0.0,0.3220338983050847
logistic,1522,0,155,0.02097774896907239,0.0,0.3220338983050847
logistic,1523,0,156,0.017538231664438388,0.0,0.4533898305084746
logistic,1524,0,156,0.017538231664438388,0.0,0.4533898305084746
logistic,1525,0,157,0.0016824082180868717,0.0,0.961864406779661
logistic,1526,0,157,0.0016824082180868717,0.0,0.961864406779661
logistic,1527,0,158,0.15313242372441022,0.6,0.01694915254237288
logistic,1528,0,158,0.15313242372441022,0.6,0.01694915254237288
logistic,1529,0,159,0.006197419213161198,0.0,0.8438968807862128
logistic,1530,0,159,0.006197419213161198,0.0,0.8438968807862128
logistic,1531,0,160,0.015083669264404482,0.0,0.5466101694915254
logistic,1532,0,160,0.015083669264404482,0.0,0.5466101694915254
logistic,1533,1,161,0.025403503406133364,0.0,0.5021720552627831
logistic,1534,0,161,0.025403503406133364,0.0,0.5021720552627831
logistic,1535,0,162,0.011822763695129159,0.0,0.5147058823529411
logistic,1536,0,162,0.011822763695129159,0.0,0.5147058823529411
logistic,1537,0,163,0.014544597034728227,0.0,0.47261786070360345
logistic,1538,0,163,0.014544597034728227,0.0,0.47261786070360345
logistic,1539,0,164,0.009881139048333862,0.0,0.5635593220338984
logistic,1540,0,164,0.009881139048333862,0.0,0.5635593220338984
logistic,1541,0,165,0.05267324616541178,0.0,0.13075060532687652
logistic,1542,0,165,0.05267324616541178,0.0,0.13075060532687652
logistic,1543,0,166,0.04024859122561493,0.0,0.2742130750605327
logistic,1544,0,166,0.04024859122561493,0.0,0.2742130750605327
logistic,1545,0,167,0.11278698792551893,0.2,0.05084745762711865
logistic,1546,0,167,0.11278698792551893,0.2,0.05084745762711865
logistic,1547,0,168,0.017102166824901593,0.0,0.4279661016949153
logistic,1548,0,168,0.017102166824901593,0.0,0.4279661016949153
logistic,1549,0,169,0.05153962720167963,0.0,0.11016949152542373
logistic,1550,0,169,0.05153962720167963,0.0,0.11016949152542373
logistic,1551,0,170,0.012908078436920867,0.0,0.4957627118644068
logistic,1552,0,170,0.012908078436920867,0.0,0.4957627118644068
logistic,1553,0,171,0.017857800961344282,0.0,0.4152542372881356
logistic,1554,0,171,0.017857800961344282,0.0,0.4152542372881356
logistic,1555,0,172,0.00894759732507712,0.0,0.6313559322033898
logistic,1556,0,172,0.00894759732507712,0.0,0.6313559322033898
logistic,1557,1,173,0.01334761120865105,0.0,0.5127118644067796
logistic,1558,0,173,0.01334761120865105,0.0,0.5127118644067796
logistic,1559,0,174,0.008433585183781593,0.0,0.7245762711864406
logistic,1560,0,174,0.008433585183781593,0.0,0.7245762711864406
logistic,1561,0,175,0.009068823986737855,0.0,0.6652542372881356
logistic,1562,0,175,0.009068823986737855,0.0,0.6652542372881356
logistic,1563,0,176,0.013044885538104073,0.0,0.5254237288135594
logistic,1564,0,176,0.013044885538104073,0.0,0.5254237288135594
logistic,1565,0,177,0.014348484682316082,0.0,0.45588235294117646
logistic,1566,0,177,0.014348484682316082,0.0,0.45588235294117646
logistic,1567,0,178,0.027311620940450598,0.0,0.2796610169491525
logistic,1568,0,178,0.027311620940450598,0.0,0.2796610169491525
logistic,1569,0,179,0.05347095632097896,0.1,0.1398305084745763
logistic,1570,0,179,0.05347095632097896,0.1,0.1398305084745763
logistic,1571,0,180,0.0328766815763914,0.0,0.17796610169491525
logistic,1572,0,180,0.0328766815763914,0.0,0.17796610169491525
logistic,1573,0,181,0.02068363772900515,0.0,0.385593220338983
logistic,1574,0,181,0.02068363772900515,0.0,0.385593220338983
logistic,1575,0,182,0.004930532782703549,0.0,0.8305084745762712
logistic,1576,0,182,0.004930532782703549,0.0,0.8305084745762712
logistic,1577,0,183,0.013280680707254171,0.0,0.5550847457627119
logistic,1578,0,183,0.013280680707254171,0.0,0.5550847457627119
logistic,1579,0,184,0.023989211217798033,0.0,0.35906566016237007
logistic,1580,0,184,0.023989211217798033,0.0,0.35906566016237007
logistic,1581,0,185,0.011536182669918045,0.0,0.5823956701324597
logistic,1582,0,185,0.011536182669918045,0.0,0.5823956701324597
logistic,1583,0,186,0.018754978985398234,0.0,0.364406779661017
logistic,1584,0,186,0.018754978985398234,0.0,0.364406779661017
logistic,1585,0,187,0.008283431146293952,0.0,0.6652542372881356
logistic,1586,0,187,0.008283431146293952,0.0,0.6652542372881356
logistic,1587,0,188,0.014505806739819108,0.0,0.597457627118644
logistic,1588,0,188,0.014505806739819108,0.0,0.597457627118644
logistic,1589,0,189,0.01784107079522101,0.0,0.40094003703176184
logistic,1590,0,189,0.01784107079522101,0.0,0.40094003703176184
logistic,1591,0,190,0.003151382272753033,0.0,0.8559322033898304
logistic,1592,0,190,0.003151382272753033,0.0,0.8559322033898304
logistic,1593,0,191,0.018310367330285775,0.0,0.4279661016949152
logistic,1594,0,191,0.018310367330285775,0.0,0.4279661016949152
logistic,1595,0,192,0.030801191945069105,0.0,0.2867825096140151
logistic,1596,0,192,0.030801191945069105,0.0,0.2867825096140151
logistic,1597,0,193,0.017999181147573887,0.0,0.46610169491525427
logistic,1598,0,193,0.017999181147573887,0.0,0.46610169491525427
logistic,1599,0,194,0.009288834596161658,0.0,0.5889830508474576
logistic,1600,0,194,0.009288834596161658,0.0,0.5889830508474576
logistic,1601,0,195,0.038301085111968544,0.0,0.38983050847457623
logistic,1602,0,195,0.038301085111968544,0.0,0.38983050847457623
logistic,1603,0,196,0.009309268941554009,0.0,0.6418245264207378
logistic,1604,0,196,0.009309268941554009,0.0,0.6418245264207378
logistic,1605,0,197,0.005052356254152084,0.0,0.8050847457627119
logistic,1606,0,197,0.005052356254152084,0.0,0.8050847457627119
logistic,1607,0,198,0.0035304687264047117,0.0,0.8601694915254238
logistic,1608,0,198,0.0035304687264047117,0.0,0.8601694915254238
logistic,1609,0,199,0.018817379662757153,0.0,0.4600840336134454
logistic,1610,0,199,0.018817379662757153,0.0,0.4600840336134454
logistic,1611,0,200,0.09016675405522809,0.1,0.11864406779661017
logistic,1612,0,200,0.09016675405522809,0.1,0.11864406779661017
logistic,1613,0,201,0.05640579941958392,0.0,0.11440677966101695
logistic,1614,0,201,0.05640579941958392,0.0,0.11440677966101695
logistic,1615,0,202,0.001487501870818515,0.0,0.9703389830508474
logistic,1616,0,202,0.001487501870818515,0.0,0.9703389830508474
logistic,1617,0,203,0.02500954299194416,0.0,0.22033898305084748
logistic,1618,1,203,0.02500954299194416,0.0,0.22033898305084748
logistic,1619,0,204,0.007934310342217556,0.0,0.7161016949152543
logistic,1620,0,204,0.007934310342217556,0.0,0.7161016949152543
logistic,1621,1,205,0.006057269238013551,0.0,0.7372881355932204
logistic,1622,0,205,0.006057269238013551,0.0,0.7372881355932204
logistic,1623,0,206,0.008535584131846624,0.0,0.6538598490243555
logistic,1624,0,206,0.008535584131846624,0.0,0.6538598490243555
logistic,1625,0,207,0.07833159095322285,0.0,0.10963537957555904
logistic,1626,0,207,0.07833159095322285,0.0,0.10963537957555904
logistic,1627,0,208,0.004055387975440367,0.0,0.8523002421307506
logistic,1628,0,208,0.004055387975440367,0.0,0.8523002421307506
logistic,1629,0,209,0.021581555105784474,0.0,0.3728813559322034
logistic,1630,0,209,0.021581555105784474,0.0,0.3728813559322034
logistic,1631,0,210,0.007745115889973918,0.0,0.6440677966101694
logistic,1632,0,210,0.007745115889973918,0.0,0.6440677966101694
logistic,1633,0,211,0.024432602532198477,0.0,0.40564022219057116
logistic,1634,0,211,0.024432602532198477,0.0,0.40564022219057116
logistic,1635,0,212,0.029596918212090206,0.0,0.2457627118644068
logistic,1636,0,212,0.029596918212090206,0.0,0.2457627118644068
logistic,1637,0,213,0.010501790991377543,0.0,0.635593220338983
logistic,1638,0,213,0.010501790991377543,0.0,0.635593220338983
logistic,1639,0,214,0.01571160505005808,0.0,0.4725466457769548
logistic,1640,0,214,0.01571160505005808,0.0,0.4725466457769548
logistic,1641,0,215,0.015020715788018038,0.0,0.5504201680672269
logistic,1642,0,215,0.015020715788018038,0.0,0.5504201680672269
logistic,1643,0,216,0.007187796878957746,0.0,0.7033898305084746
logistic,1644,0,216,0.007187796878957746,0.0,0.7033898305084746
logistic,1645,0,217,0.004761580693958393,0.0,0.7923728813559322
logistic,1646,0,217,0.004761580693958393,0.0,0.7923728813559322
logistic,1647,0,218,0.028723056686752502,0.0,0.288135593220339
logistic,1648,0,218,0.028723056686752502,0.0,0.288135593220339
logistic,1649,0,219,0.007236886477007366,0.0,0.7033898305084745
logistic,1650,0,219,0.007236886477007366,0.0,0.7033898305084745
logistic,1651,0,220,0.0038969033081405523,0.0,0.8559322033898304
logistic,1652,0,220,0.0038969033081405523,0.0,0.8559322033898304
logistic,1653,0,221,0.003972534019364949,0.0,0.8733798604187437
logistic,1654,0,221,0.003972534019364949,0.0,0.8733798604187437
logistic,1655,0,222,0.005388920600984177,0.0,0.7932274604757157
logistic,1656,0,222,0.005388920600984177,0.0,0.7932274604757157
logistic,1657,0,223,0.016258232580707424,0.0,0.4491525423728814
logistic,1658,0,223,0.016258232580707424,0.0,0.4491525423728814
logistic,1659,0,224,0.025069249199630116,0.0,0.3305084745762712
logistic,1660,0,224,0.025069249199630116,0.0,0.3305084745762712
logistic,1661,0,225,0.016553720963753227,0.0,0.39250106822389974
logistic,1662,0,225,0.016553720963753227,0.0,0.39250106822389974
logistic,1663,0,226,0.00296163748733662,0.0,0.8686440677966102
logistic,1664,0,226,0.00296163748733662,0.0,0.8686440677966102
logistic,1665,0,227,0.010895302640862449,0.0,0.5907634240136732
logistic,1666,0,227,0.010895302640862449,0.0,0.5907634240136732
logistic,1667,0,228,0.0030686394451525743,0.0,0.9152542372881356
logistic,1668,0,228,0.0030686394451525743,0.0,0.9152542372881356
logistic,1669,0,229,0.061569993049636076,0.0,0.09282865688648341
logistic,1670,0,229,0.061569993049636076,0.0,0.09282865688648341
logistic,1671,0,230,0.008665277057561238,0.0,0.6920666571713432
logistic,1672,0,230,0.008665277057561238,0.0,0.6920666571713432
logistic,1673,0,231,0.019290364228359325,0.0,0.364406779661017
logistic,1674,1,231,0.019290364228359325,0.0,0.364406779661017
logistic,1675,0,232,0.01634708589297196,0.0,0.3898305084745763
logistic,1676,0,232,0.01634708589297196,0.0,0.3898305084745763
logistic,1677,0,233,0.02682539831628103,0.0,0.2700826093149124
logistic,1678,0,233,0.02682539831628103,0.0,0.2700826093149124
logistic,1679,0,234,0.007624307431471716,0.0,0.6779661016949152
logistic,1680,0,234,0.007624307431471716,0.0,0.6779661016949152
logistic,1681,0,235,0.025007501249850995,0.0,0.2700826093149124
logistic,1682,0,235,0.025007501249850995,0.0,0.2700826093149124
logistic,1683,0,236,0.02548904185598367,0.0,0.3432203389830508
logistic,1684,0,236,0.02548904185598367,0.0,0.3432203389830508
logistic,1685,0,237,0.0047587066526765965,0.0,0.8008474576271187
logistic,1686,0,237,0.0047587066526765965,0.0,0.8008474576271187
logistic,1687,0,238,0.014219233972009368,0.0,0.5550847457627119
logistic,1688,0,238,0.014219233972009368,0.0,0.5550847457627119
logistic,1689,0,239,0.01200598877081059,0.0,0.5127118644067796
logistic,1690,0,239,0.01200598877081059,0.0,0.5127118644067796
logistic,1691,0,240,0.016619433160818438,0.0,0.3754807007548782
logistic,1692,0,240,0.016619433160818438,0.0,0.3754807007548782
logistic,1693,0,241,0.0195225278103009,0.0,0.3983050847457627
logistic,1694,0,241,0.0195225278103009,0.0,0.3983050847457627
logistic,1695,0,242,0.07693987893097029,0.1,0.13559322033898305
logistic,1696,0,242,0.07693987893097029,0.1,0.13559322033898305
logistic,1697,0,243,0.0021898845388367743,0.0,0.9915254237288136
logistic,1698,0,243,0.0021898845388367743,0.0,0.9915254237288136
logistic,1699,0,244,0.11743646767161095,0.1,0.07591511180743485
logistic,1700,0,244,0.11743646767161095,0.1,0.07591511180743485
logistic,1701,0,245,0.004941033830463633,0.0,0.8185799743626264
logistic,1702,0,245,0.004941033830463633,0.0,0.8185799743626264
logistic,1703,0,246,0.0063802023776646805,0.0,0.8093220338983051
logistic,1704,0,246,0.0063802023776646805,0.0,0.8093220338983051
logistic,1705,0,247,0.014066572358231597,0.0,0.5486397949010113
logistic,1706,0,247,0.014066572358231597,0.0,0.5486397949010113
logistic,1707,0,248,0.008645187470144564,0.0,0.6483050847457628
logistic,1708,0,249,0.003761114557904975,0.0,0.8523358495940749
logistic,1709,0,249,0.003761114557904975,0.0,0.8523358495940749
logistic,1710,0,248,0.008645187470144564,0.0,0.6483050847457628
logistic,1711,0,250,0.021916967656151413,0.0,0.5020296254094858
logistic,1712,0,250,0.021916967656151413,0.0,0.5020296254094858
logistic,1713,0,251,0.0051307511830864,0.0,0.826271186440678
logistic,1714,0,252,0.05929578735523324,0.0,0.16849451645064806
logistic,1715,0,252,0.05929578735523324,0.0,0.16849451645064806
logistic,1716,0,251,0.0051307511830864,0.0,0.826271186440678
logistic,1717,0,253,0.019164439148408548,0.0,0.46417889189574135
logistic,1718,0,253,0.019164439148408548,0.0,0.46417889189574135
logistic,1719,0,254,0.022666222180149423,0.0,0.30508474576271183
logistic,1720,0,255,0.0029727085089474373,0.0,0.9156459193847031
logistic,1721,0,254,0.022666222180149423,0.0,0.30508474576271183
logistic,1722,0,255,0.0029727085089474373,0.0,0.9156459193847031
logistic,1723,0,256,0.003613830057450751,0.0,0.8813559322033899
logistic,1724,0,256,0.003613830057450751,0.0,0.8813559322033899
logistic,1725,0,257,0.005563940897851901,0.0,0.7796610169491526
logistic,1726,0,257,0.005563940897851901,0.0,0.7796610169491526
logistic,1727,0,258,0.03492955828446863,0.0,0.22033898305084745
logistic,1728,0,258,0.03492955828446863,0.0,0.22033898305084745
logistic,1729,0,259,0.019627693713757336,0.0,0.3713502350092579
logistic,1730,0,259,0.019627693713757336,0.0,0.3713502350092579
logistic,1731,0,260,0.01186698984508316,0.0,0.6228813559322034
logistic,1732,0,260,0.01186698984508316,0.0,0.6228813559322034
logistic,1733,0,261,0.01018495650655063,0.0,0.6244480843184732
logistic,1734,0,261,0.01018495650655063,0.0,0.6244480843184732
logistic,1735,0,262,0.003277481149437592,0.0,0.923728813559322
logistic,1736,0,262,0.003277481149437592,0.0,0.923728813559322
logistic,1737,0,263,0.028460160677784747,0.0,0.3305084745762712
logistic,1738,0,263,0.028460160677784747,0.0,0.3305084745762712
logistic,1739,0,264,0.005355890442008509,0.0,0.8050847457627119
logistic,1740,0,264,0.005355890442008509,0.0,0.8050847457627119
logistic,1741,0,265,0.011335574521305899,0.0,0.5441888619854721
logistic,1742,0,265,0.011335574521305899,0.0,0.5441888619854721
logistic,1743,0,266,0.09697785461263499,0.1,0.0635593220338983
logistic,1744,0,266,0.09697785461263499,0.1,0.0635593220338983
logistic,1745,0,267,0.01355472508460644,0.0,0.48953140578265203
logistic,1746,0,267,0.01355472508460644,0.0,0.48953140578265203
logistic,1747,0,268,0.009183262002207648,0.0,0.6652542372881356
logistic,1748,0,268,0.009183262002207648,0.0,0.6652542372881356
logistic,1749,0,269,0.013635790254254937,0.0,0.5593220338983051
logistic,1750,0,269,0.013635790254254937,0.0,0.5593220338983051
logistic,1751,0,270,0.018269664163793213,0.0,0.385593220338983
logistic,1752,0,270,0.018269664163793213,0.0,0.385593220338983
logistic,1753,0,271,0.007270375905527697,0.0,0.7330508474576272
logistic,1754,0,271,0.007270375905527697,0.0,0.7330508474576272
logistic,1755,0,272,0.010879166569507524,0.0,0.6186440677966101
logistic,1756,0,272,0.010879166569507524,0.0,0.6186440677966101
logistic,1757,0,273,0.03296395247877263,0.0,0.2754237288135593
logistic,1758,0,273,0.03296395247877263,0.0,0.2754237288135593
logistic,1759,0,274,0.014705751482508283,0.0,0.461864406779661
logistic,1760,0,274,0.014705751482508283,0.0,0.461864406779661
logistic,1761,1,275,0.05428129864885354,0.0,0.15610311921378722
logistic,1762,0,275,0.05428129864885354,0.0,0.15610311921378722
logistic,1763,0,276,0.03035294051534082,0.0,0.20673693206096
logistic,1764,0,276,0.03035294051534082,0.0,0.20673693206096
logistic,1765,0,277,0.013049427254157886,0.0,0.614406779661017
logistic,1766,0,277,0.013049427254157886,0.0,0.614406779661017
logistic,1767,0,278,0.04436575253126075,0.0,0.2023572140720695
logistic,1768,0,278,0.04436575253126075,0.0,0.2023572140720695
logistic,1769,0,279,0.090693027776798,0.2,0.09745762711864406
logistic,1770,0,279,0.090693027776798,0.2,0.09745762711864406
logistic,1771,0,280,0.010489624683737247,0.0,0.652542372881356
logistic,1772,0,280,0.010489624683737247,0.0,0.652542372881356
logistic,1773,0,281,0.01275205075004603,0.0,0.5423728813559322
logistic,1774,0,281,0.01275205075004603,0.0,0.5423728813559322
logistic,1775,0,282,0.01803686675289154,0.0,0.4788135593220339
logistic,1776,0,282,0.01803686675289154,0.0,0.4788135593220339
logistic,1777,0,283,0.021153015330032925,0.0,0.3966671414328443
logistic,1778,0,283,0.021153015330032925,0.0,0.3966671414328443
logistic,1779,0,284,0.07203664425919797,0.0,0.1822033898305085
logistic,1780,0,284,0.07203664425919797,0.0,0.1822033898305085
logistic,1781,0,285,0.010293910020638092,0.0,0.728813559322034
logistic,1782,0,285,0.010293910020638092,0.0,0.728813559322034
logistic,1783,0,286,0.013303273261205492,0.0,0.4893889759293548
logistic,1784,0,286,0.013303273261205492,0.0,0.4893889759293548
logistic,1785,0,287,0.07317614272081932,0.0,0.08898305084745763
logistic,1786,0,287,0.07317614272081932,0.0,0.08898305084745763
logistic,1787,0,288,0.011681579679050504,0.0,0.5569363338555762
logistic,1788,0,288,0.011681579679050504,0.0,0.5569363338555762
logistic,1789,0,289,0.017909755369660364,0.0,0.40254237288135597
logistic,1790,0,290,0.007177793254695791,0.0,0.711864406779661
logistic,1791,0,290,0.007177793254695791,0.0,0.711864406779661
logistic,1792,0,289,0.017909755369660364,0.0,0.40254237288135597
logistic,1793,0,291,0.0029154883544530484,0.0,0.8776527560176612
logistic,1794,0,291,0.0029154883544530484,0.0,0.8776527560176612
logistic,1795,0,292,0.008649802577597957,0.0,0.6779661016949152
logistic,1796,0,292,0.008649802577597957,0.0,0.6779661016949152
logistic,1797,0,293,0.02780274711204474,0.0,0.23728813559322032
logistic,1798,0,293,0.02780274711204474,0.0,0.23728813559322032
logistic,1799,0,294,0.07340039842226662,0.0,0.07203389830508475
logistic,1800,0,294,0.07340039842226662,0.0,0.07203389830508475
logistic,1801,0,295,0.019280637867985156,0.0,0.39830508474576276
logistic,1802,0,295,0.019280637867985156,0.0,0.39830508474576276
logistic,1803,0,296,0.010793468424504191,0.0,0.5847457627118644
logistic,1804,0,296,0.010793468424504191,0.0,0.5847457627118644
logistic,1805,0,297,0.0166314599230656,0.0,0.5127118644067796
logistic,1806,0,297,0.0166314599230656,0.0,0.5127118644067796
logistic,1807,0,298,0.005931422354898173,0.0,0.7542372881355932
logistic,1808,0,298,0.005931422354898173,0.0,0.7542372881355932
logistic,1809,0,299,0.013447385338363057,0.0,0.521186440677966
logistic,1810,0,299,0.013447385338363057,0.0,0.521186440677966
logistic,1811,0,300,0.0015616799309567699,0.0,0.9451645064805583
logistic,1812,0,300,0.0015616799309567699,0.0,0.9451645064805583
logistic,1813,0,301,0.008089995793783637,0.0,0.7214428144139011
logistic,1814,0,301,0.008089995793783637,0.0,0.7214428144139011
logistic,1815,0,302,0.04972386284257585,0.0,0.1440677966101695
logistic,1816,0,302,0.04972386284257585,0.0,0.1440677966101695
logistic,1817,0,303,0.02178889195111044,0.0,0.3135593220338983
logistic,1818,0,303,0.02178889195111044,0.0,0.3135593220338983
logistic,1819,0,304,0.0236176689012186,0.0,0.5169491525423728
logistic,1820,0,304,0.0236176689012186,0.0,0.5169491525423728
logistic,1821,0,305,0.012889312762840097,0.0,0.652542372881356
logistic,1822,0,305,0.012889312762840097,0.0,0.652542372881356
logistic,1823,0,306,0.02652983888988717,0.0,0.2711864406779661
logistic,1824,0,306,0.02652983888988717,0.0,0.2711864406779661
logistic,1825,0,307,0.05397948121740688,0.1,0.2033898305084746
logistic,1826,0,307,0.05397948121740688,0.1,0.2033898305084746
logistic,1827,0,308,0.007780947380846334,0.0,0.6779661016949152
logistic,1828,0,308,0.007780947380846334,0.0,0.6779661016949152
logistic,1829,0,309,0.03526990030735155,0.0,0.1822033898305085
logistic,1830,0,309,0.03526990030735155,0.0,0.1822033898305085
logistic,1831,1,310,0.019994041824390258,0.0,0.3813559322033898
logistic,1832,0,310,0.019994041824390258,0.0,0.3813559322033898
logistic,1833,0,311,0.014066557997179647,0.0,0.5169491525423728
logistic,1834,0,311,0.014066557997179647,0.0,0.5169491525423728
logistic,1835,0,312,0.028080651288048087,0.0,0.2923728813559322
logistic,1836,0,312,0.028080651288048087,0.0,0.2923728813559322
logistic,1837,0,313,0.01702107558869965,0.0,0.461864406779661
logistic,1838,0,313,0.01702107558869965,0.0,0.461864406779661
logistic,1839,0,314,0.026347896376148143,0.0,0.3135593220338983
logistic,1840,0,314,0.026347896376148143,0.0,0.3135593220338983
logistic,1841,0,315,0.008827896898472307,0.0,0.5847457627118644
logistic,1842,0,315,0.008827896898472307,0.0,0.5847457627118644
logistic,1843,0,316,0.002111588110073883,0.0,0.9449152542372881
logistic,1844,0,316,0.002111588110073883,0.0,0.9449152542372881
logistic,1845,0,317,0.01922161749849628,0.0,0.423728813559322
logistic,1846,0,317,0.01922161749849628,0.0,0.423728813559322
logistic,1847,0,318,0.00715558422946685,0.0,0.7721122347243983
logistic,1848,0,318,0.00715558422946685,0.0,0.7721122347243983
logistic,1849,0,319,0.01039678163494477,0.0,0.6610169491525424
logistic,1850,0,319,0.01039678163494477,0.0,0.6610169491525424
logistic,1851,0,320,0.013131123750493991,0.0,0.5144922375729953
logistic,1852,0,320,0.013131123750493991,0.0,0.5144922375729953
logistic,1853,0,321,0.007223955903467411,0.0,0.711864406779661
logistic,1854,0,321,0.007223955903467411,0.0,0.711864406779661
logistic,1855,0,322,0.01235418690036514,0.0,0.5889830508474576
logistic,1856,0,322,0.01235418690036514,0.0,0.5889830508474576
logistic,1857,0,323,0.010174765708674796,0.0,0.6694915254237288
logistic,1858,0,323,0.010174765708674796,0.0,0.6694915254237288
logistic,1859,0,324,0.004567529172626798,0.0,0.7584745762711864
logistic,1860,0,324,0.004567529172626798,0.0,0.7584745762711864
logistic,1861,0,325,0.007638354384985701,0.0,0.7245762711864406
logistic,1862,0,325,0.007638354384985701,0.0,0.7245762711864406
logistic,1863,0,326,0.006718283637436493,0.0,0.7637800883065091
logistic,1864,0,326,0.006718283637436493,0.0,0.7637800883065091
logistic,1865,0,327,0.008181809424048864,0.0,0.7245762711864406
logistic,1866,0,327,0.008181809424048864,0.0,0.7245762711864406
logistic,1867,0,328,0.026890822668101798,0.0,0.3220338983050848
logistic,1868,0,328,0.026890822668101798,0.0,0.3220338983050848
logistic,1869,0,329,0.0011659814929968714,0.0,0.987359350519869
logistic,1870,0,329,0.0011659814929968714,0.0,0.987359350519869
logistic,1871,0,330,0.02206276156485609,0.0,0.3601694915254237
logistic,1872,0,330,0.02206276156485609,0.0,0.3601694915254237
logistic,1873,0,331,0.008634737452384147,0.0,0.7173123486682809
logistic,1874,0,331,0.008634737452384147,0.0,0.7173123486682809
logistic,1875,0,332,0.07513478913820164,0.1,0.1271186440677966
logistic,1876,0,332,0.07513478913820164,0.1,0.1271186440677966
logistic,1877,0,333,0.016648106536046973,0.0,0.521186440677966
logistic,1878,0,333,0.016648106536046973,0.0,0.521186440677966
logistic,1879,0,334,0.0022905546678670626,0.0,0.9156103119213788
logistic,1880,0,334,0.0022905546678670626,0.0,0.9156103119213788
logistic,1881,0,335,0.005864894985424475,0.0,0.7669491525423728
logistic,1882,0,335,0.005864894985424475,0.0,0.7669491525423728
logistic,1883,0,336,0.025953001495151666,0.0,0.3686440677966102
logistic,1884,0,336,0.025953001495151666,0.0,0.3686440677966102
logistic,1885,0,337,0.00790835157062182,0.0,0.6822033898305084
logistic,1886,0,337,0.00790835157062182,0.0,0.6822033898305084
logistic,1887,0,338,0.00900211989229894,0.0,0.635593220338983
logistic,1888,0,338,0.00900211989229894,0.0,0.635593220338983
logistic,1889,0,339,0.007689394488073967,0.0,0.7299529981484119
logistic,1890,0,339,0.007689394488073967,0.0,0.7299529981484119
logistic,1891,0,340,0.031160594498265536,0.0,0.3093220338983051
logistic,1892,0,340,0.031160594498265536,0.0,0.3093220338983051
logistic,1893,0,341,0.04518158645864329,0.0,0.1440677966101695
logistic,1894,0,341,0.04518158645864329,0.0,0.1440677966101695
logistic,1895,0,342,0.0274793563796198,0.0,0.2627118644067797
logistic,1896,0,342,0.0274793563796198,0.0,0.2627118644067797
logistic,1897,1,343,0.009991035334780851,0.0,0.652542372881356
logistic,1898,0,343,0.009991035334780851,0.0,0.652542372881356
logistic,1899,0,344,0.04416789378895508,0.0,0.1602691924227318
logistic,1900,0,344,0.04416789378895508,0.0,0.1602691924227318
logistic,1901,0,345,0.04305244453870402,0.0,0.14360489958695344
logistic,1902,0,345,0.04305244453870402,0.0,0.14360489958695344
logistic,1903,0,346,0.025527813836840767,0.0,0.2669491525423729
logistic,1904,0,346,0.025527813836840767,0.0,0.2669491525423729
logistic,1905,0,347,0.01767501592482661,0.0,0.4810924369747899
logistic,1906,0,347,0.01767501592482661,0.0,0.4810924369747899
logistic,1907,0,348,0.025763782305168192,0.0,0.2669491525423729
logistic,1908,0,348,0.025763782305168192,0.0,0.2669491525423729
logistic,1909,0,349,0.0076344142393936195,0.0,0.7330508474576272
logistic,1910,0,349,0.0076344142393936195,0.0,0.7330508474576272
logistic,1911,0,350,0.005459248984338497,0.0,0.8184019370460048
logistic,1912,0,350,0.005459248984338497,0.0,0.8184019370460048
logistic,1913,0,351,0.05592144578523117,0.0,0.1313559322033898
logistic,1914,0,351,0.05592144578523117,0.0,0.1313559322033898
logistic,1915,0,352,0.14046730712491287,0.4,0.05932203389830508
logistic,1916,0,352,0.14046730712491287,0.4,0.05932203389830508
logistic,1917,0,353,0.01663232003911308,0.0,0.5144922375729953
logistic,1918,0,353,0.01663232003911308,0.0,0.5144922375729953
logistic,1919,0,354,0.13078478363614404,0.6,0.01694915254237288
logistic,1920,0,354,0.13078478363614404,0.6,0.01694915254237288
logistic,1921,0,355,0.04014478499764066,0.0,0.16037601481270475
logistic,1922,0,355,0.04014478499764066,0.0,0.16037601481270475
logistic,1923,0,356,0.009234779939540043,0.0,0.7245762711864407
logistic,1924,0,356,0.009234779939540043,0.0,0.7245762711864407
logistic,1925,0,357,0.024226702049203745,0.0,0.4364406779661017
logistic,1926,0,357,0.024226702049203745,0.0,0.4364406779661017
logistic,1927,0,358,0.0064102692920032485,0.0,0.7415254237288136
logistic,1928,0,358,0.0064102692920032485,0.0,0.7415254237288136
logistic,1929,0,359,0.005415508621049575,0.0,0.8135593220338984
logistic,1930,0,359,0.005415508621049575,0.0,0.8135593220338984
logistic,1931,0,360,0.044870895944232124,0.0,0.15677966101694915
logistic,1932,0,360,0.044870895944232124,0.0,0.15677966101694915
logistic,1933,0,361,0.01640559268577106,0.0,0.6162939752172055
logistic,1934,0,361,0.01640559268577106,0.0,0.6162939752172055
logistic,1935,0,362,0.08659285446412326,0.2,0.07627118644067797
logistic,1936,0,362,0.08659285446412326,0.2,0.07627118644067797
logistic,1937,1,363,0.026740327370982624,0.0,0.2627118644067796
logistic,1938,0,363,0.026740327370982624,0.0,0.2627118644067796
logistic,1939,0,364,0.03975974495505331,0.0,0.15179461615154538
logistic,1940,0,364,0.03975974495505331,0.0,0.15179461615154538
logistic,1941,0,365,0.044334588466435954,0.0,0.1440677966101695
logistic,1942,0,365,0.044334588466435954,0.0,0.1440677966101695
logistic,1943,0,366,0.022737139162821184,0.0,0.3983050847457627
logistic,1944,0,366,0.022737139162821184,0.0,0.3983050847457627
logistic,1945,0,367,0.09696681019394386,0.3,0.0635593220338983
logistic,1946,0,368,0.02039808940457167,0.0,0.4049992878507335
logistic,1947,0,368,0.02039808940457167,0.0,0.4049992878507335
logistic,1948,0,367,0.09696681019394386,0.3,0.0635593220338983
logistic,1949,0,369,0.022312070384438797,0.0,0.4067796610169492
logistic,1950,0,369,0.022312070384438797,0.0,0.4067796610169492
logistic,1951,0,370,0.01727642022066795,0.0,0.3686440677966102
logistic,1952,0,370,0.01727642022066795,0.0,0.3686440677966102
logistic,1953,0,371,0.08396345204211672,0.1,0.05084745762711865
logistic,1954,0,371,0.08396345204211672,0.1,0.05084745762711865
logistic,1955,0,372,0.08572131978247863,0.3,0.03813559322033898
logistic,1956,0,372,0.08572131978247863,0.3,0.03813559322033898
logistic,1957,0,373,0.005658213154818464,0.0,0.7594003703176186
logistic,1958,0,373,0.005658213154818464,0.0,0.7594003703176186
logistic,1959,0,374,0.09513156895733686,0.3,0.06761857285286996
logistic,1960,0,374,0.09513156895733686,0.3,0.06761857285286996
logistic,1961,0,375,0.015898994305748215,0.0,0.4533898305084746
logistic,1962,0,375,0.015898994305748215,0.0,0.4533898305084746
logistic,1963,0,376,0.016917188153139747,0.0,0.5104329867540236
logistic,1964,0,376,0.016917188153139747,0.0,0.5104329867540236
logistic,1965,0,377,0.016540518620396058,0.0,0.4279661016949152
logistic,1966,0,377,0.016540518620396058,0.0,0.4279661016949152
logistic,1967,0,378,0.03029638143739885,0.0,0.326271186440678
logistic,1968,0,378,0.03029638143739885,0.0,0.326271186440678
logistic,1969,0,379,0.050082310063249605,0.1,0.15966386554621848
logistic,1970,0,379,0.050082310063249605,0.1,0.15966386554621848
logistic,1971,0,380,0.09168002483084473,0.1,0.05084745762711865
logistic,1972,0,380,0.09168002483084473,0.1,0.05084745762711865
logistic,1973,1,381,0.005113107872413967,0.0,0.8058325024925224
logistic,1974,0,381,0.005113107872413967,0.0,0.8058325024925224
logistic,1975,0,382,0.16071032951398265,0.3,0.03389830508474576
logistic,1976,0,383,0.07121590558985753,0.0,0.0886269762142145
logistic,1977,0,383,0.07121590558985753,0.0,0.0886269762142145
logistic,1978,0,382,0.16071032951398265,0.3,0.03389830508474576
logistic,1979,0,384,0.04349236033728236,0.0,0.211864406779661
logistic,1980,0,384,0.04349236033728236,0.0,0.211864406779661
logistic,1981,0,385,0.019575866239904396,0.0,0.33328585671556754
logistic,1982,0,385,0.019575866239904396,0.0,0.33328585671556754
logistic,1983,0,386,0.019567566630398832,0.0,0.383990884489389
logistic,1984,0,386,0.019567566630398832,0.0,0.383990884489389
logistic,1985,0,387,0.32152959444008455,0.9,0.00847457627118644
logistic,1986,0,387,0.32152959444008455,0.9,0.00847457627118644
logistic,1987,0,388,0.019784999731600958,0.0,0.3686440677966102
logistic,1988,0,388,0.019784999731600958,0.0,0.3686440677966102
logistic,1989,0,389,0.0349291255765885,0.0,0.17796610169491528
logistic,1990,0,389,0.0349291255765885,0.0,0.17796610169491528
logistic,1991,0,390,0.015278068737508494,0.0,0.5439752172055263
logistic,1992,0,390,0.015278068737508494,0.0,0.5439752172055263
logistic,1993,0,391,0.03854007214401837,0.0,0.16454208802164932
logistic,1994,0,391,0.03854007214401837,0.0,0.16454208802164932
logistic,1995,0,392,0.020073575239602078,0.0,0.364406779661017
logistic,1996,0,392,0.020073575239602078,0.0,0.364406779661017
logistic,1997,0,393,0.014277033329937008,0.0,0.4661016949152542
logistic,1998,0,393,0.014277033329937008,0.0,0.4661016949152542
logistic,1999,0,394,0.0360392549258621,0.0,0.2033898305084746
logistic,2000,0,395,0.01925788423752336,0.0,0.4177111522575132
logistic,2001,0,395,0.01925788423752336,0.0,0.4177111522575132
logistic,2002,0,394,0.0360392549258621,0.0,0.2033898305084746
logistic,2003,0,396,0.012177450980661001,0.0,0.5402008260931491
logistic,2004,0,396,0.012177450980661001,0.0,0.5402008260931491
logistic,2005,0,397,0.0357802723919758,0.0,0.23109243697478993
logistic,2006,0,397,0.0357802723919758,0.0,0.23109243697478993
logistic,2007,0,398,0.23313562445468797,0.5,0.021115225751317475
logistic,2008,0,398,0.23313562445468797,0.5,0.021115225751317475
logistic,2009,0,399,0.028579034291841682,0.0,0.2542372881355932
logistic,2010,0,399,0.028579034291841682,0.0,0.2542372881355932
logistic,2011,0,400,0.03521425457777961,0.0,0.19491525423728814
logistic,2012,0,400,0.03521425457777961,0.0,0.19491525423728814
logistic,2013,0,401,0.008334835159686572,0.0,0.7415254237288136
logistic,2014,0,401,0.008334835159686572,0.0,0.7415254237288136
logistic,2015,0,402,0.011910131985258723,0.0,0.5866685657313773
logistic,2016,0,402,0.011910131985258723,0.0,0.5866685657313773
logistic,2017,0,403,0.33349024384544035,0.6,0.0
logistic,2018,0,403,0.33349024384544035,0.6,0.0
logistic,2019,0,404,0.056218414074637,0.0,0.15966386554621848
logistic,2020,0,404,0.056218414074637,0.0,0.15966386554621848
logistic,2021,1,405,0.0049960171073787415,0.0,0.7678393391254807
logistic,2022,0,405,0.0049960171073787415,0.0,0.7678393391254807
logistic,2023,0,406,0.014154232583534751,0.0,0.47667711152257514
logistic,2024,0,406,0.014154232583534751,0.0,0.47667711152257514
logistic,2025,0,407,0.013181751473548688,0.0,0.5949294972226178
logistic,2026,0,407,0.013181751473548688,0.0,0.5949294972226178
logistic,2027,0,408,0.031061577768397224,0.0,0.25
logistic,2028,0,408,0.031061577768397224,0.0,0.25
logistic,2029,0,409,0.015302698298569945,0.0,0.45972795898020224
logistic,2030,0,409,0.015302698298569945,0.0,0.45972795898020224
logistic,2031,0,410,0.022438540348155057,0.0,0.2669491525423729
logistic,2032,0,410,0.022438540348155057,0.0,0.2669491525423729
logistic,2033,0,411,0.010171176639242127,0.0,0.6186440677966101
logistic,2034,0,411,0.010171176639242127,0.0,0.6186440677966101
logistic,2035,0,412,0.004113143043469994,0.0,0.8728813559322034
logistic,2036,0,412,0.004113143043469994,0.0,0.8728813559322034
logistic,2037,0,413,0.011713406427124836,0.0,0.5948582822959693
logistic,2038,0,413,0.011713406427124836,0.0,0.5948582822959693
logistic,2039,0,414,0.028436067673950915,0.0,0.31779661016949157
logistic,2040,0,414,0.028436067673950915,0.0,0.31779661016949157
logistic,2041,0,415,0.08589648354663151,0.2,0.1016949152542373
logistic,2042,0,416,0.008138655608277144,0.0,0.6864406779661016
logistic,2043,0,415,0.08589648354663151,0.2,0.1016949152542373
logistic,2044,0,416,0.008138655608277144,0.0,0.6864406779661016
logistic,2045,0,417,0.008406909994534147,0.0,0.6186440677966101
logistic,2046,0,417,0.008406909994534147,0.0,0.6186440677966101
logistic,2047,0,418,0.007130251375517949,0.0,0.6779661016949152
logistic,2048,0,418,0.007130251375517949,0.0,0.6779661016949152
logistic,2049,0,419,0.009242973501960803,0.0,0.6302521008403361
logistic,2050,0,419,0.009242973501960803,0.0,0.6302521008403361
logistic,2051,0,420,0.006771353954216679,0.0,0.711864406779661
logistic,2052,0,420,0.006771353954216679,0.0,0.711864406779661
logistic,2053,0,421,0.01524120012731744,0.0,0.5084745762711864
logistic,2054,0,421,0.01524120012731744,0.0,0.5084745762711864
logistic,2055,0,422,0.048524590050210176,0.0,0.22785215781227747
logistic,2056,0,422,0.048524590050210176,0.0,0.22785215781227747
logistic,2057,0,423,0.009486634030330406,0.0,0.5989531405782652
logistic,2058,0,423,0.009486634030330406,0.0,0.5989531405782652
logistic,2059,0,424,0.01641858688092446,0.0,0.4194915254237288
logistic,2060,0,424,0.01641858688092446,0.0,0.4194915254237288
logistic,2061,0,425,0.009372314636647942,0.0,0.6750106822389973
logistic,2062,0,425,0.009372314636647942,0.0,0.6750106822389973
logistic,2063,0,426,0.00774533344589991,0.0,0.7161016949152542
logistic,2064,0,426,0.00774533344589991,0.0,0.7161016949152542
logistic,2065,0,427,0.002157183447186097,0.0,0.9533898305084746
logistic,2066,0,427,0.002157183447186097,0.0,0.9533898305084746
logistic,2067,0,428,0.029854326043308992,0.0,0.2457627118644068
logistic,2068,0,428,0.029854326043308992,0.0,0.2457627118644068
logistic,2069,0,429,0.013959897196778615,0.0,0.4957627118644068
logistic,2070,0,429,0.013959897196778615,0.0,0.4957627118644068
logistic,2071,0,430,0.0023794517899030647,0.0,0.9533898305084746
logistic,2072,0,430,0.0023794517899030647,0.0,0.9533898305084746
logistic,2073,0,431,0.004828119108536257,0.0,0.8177966101694916
logistic,2074,0,431,0.004828119108536257,0.0,0.8177966101694916
logistic,2075,0,432,0.13119636166588697,0.4,0.029554194559179604
logistic,2076,0,432,0.13119636166588697,0.4,0.029554194559179604
logistic,2077,0,433,0.06612802504527607,0.2,0.2288135593220339
logistic,2078,0,433,0.06612802504527607,0.2,0.2288135593220339
logistic,2079,0,434,0.011479045996704906,0.0,0.5423728813559322
logistic,2080,0,434,0.011479045996704906,0.0,0.5423728813559322
logistic,2081,0,435,0.014416459240175938,0.0,0.8008474576271187
logistic,2082,0,435,0.014416459240175938,0.0,0.8008474576271187
logistic,2083,0,436,0.01337447337745402,0.0,0.673728813559322
logistic,2084,0,436,0.01337447337745402,0.0,0.673728813559322
logistic,2085,0,437,0.01923583864899058,0.0,0.39406779661016944
logistic,2086,0,437,0.01923583864899058,0.0,0.39406779661016944
logistic,2087,0,438,0.004416049940869622,0.0,0.8524426719840479
logistic,2088,0,438,0.004416049940869622,0.0,0.8524426719840479
logistic,2089,0,439,0.0007769723680120086,0.0,0.9789915966386554
logistic,2090,0,439,0.0007769723680120086,0.0,0.9789915966386554
logistic,2091,0,440,0.07549603346555475,0.2,0.11390827517447658
logistic,2092,0,440,0.07549603346555475,0.2,0.11390827517447658
logistic,2093,0,441,0.011385958184617998,0.0,0.5191568152684802
logistic,2094,0,441,0.011385958184617998,0.0,0.5191568152684802
logistic,2095,0,442,0.00850365759672177,0.0,0.652542372881356
logistic,2096,0,442,0.00850365759672177,0.0,0.652542372881356
logistic,2097,0,443,0.005959055055426318,0.0,0.7975003560746332
logistic,2098,0,443,0.005959055055426318,0.0,0.7975003560746332
logistic,2099,0,444,0.00834822263920355,0.0,0.6652542372881356
logistic,2100,0,444,0.00834822263920355,0.0,0.6652542372881356
logistic,2101,0,445,0.014941792659727166,0.0,0.5231092436974789
logistic,2102,0,445,0.014941792659727166,0.0,0.5231092436974789
logistic,2103,0,446,0.01417719948600021,0.0,0.6779661016949152
logistic,2104,0,446,0.01417719948600021,0.0,0.6779661016949152
logistic,2105,1,447,0.009173600711896294,0.0,0.6822033898305084
logistic,2106,0,447,0.009173600711896294,0.0,0.6822033898305084
logistic,2107,0,448,0.010935559504373872,0.0,0.5697194131890044
logistic,2108,0,448,0.010935559504373872,0.0,0.5697194131890044
logistic,2109,0,449,0.017383834898207766,0.0,0.5756302521008403
logistic,2110,0,449,0.017383834898207766,0.0,0.5756302521008403
logistic,2111,0,450,0.010198456827163731,0.0,0.6440677966101696
logistic,2112,0,450,0.010198456827163731,0.0,0.6440677966101696
logistic,2113,0,451,0.021052579230543458,0.0,0.5847457627118644
logistic,2114,0,451,0.021052579230543458,0.0,0.5847457627118644
logistic,2115,0,452,0.020621123600655756,0.0,0.3207876370887338
logistic,2116,0,452,0.020621123600655756,0.0,0.3207876370887338
logistic,2117,0,453,0.024074209615148646,0.0,0.2923728813559322
logistic,2118,0,453,0.024074209615148646,0.0,0.2923728813559322
logistic,2119,0,454,0.01465833231113903,0.0,0.4915254237288136
logistic,2120,0,454,0.01465833231113903,0.0,0.4915254237288136
logistic,2121,0,455,0.006848000099630787,0.0,0.7669491525423728
logistic,2122,0,455,0.006848000099630787,0.0,0.7669491525423728
logistic,2123,0,456,0.11348189100331077,0.2,0.06331006979062812
logistic,2124,0,456,0.11348189100331077,0.2,0.06331006979062812
logistic,2125,0,457,0.023692631481271785,0.0,0.31512605042016806
logistic,2126,0,457,0.023692631481271785,0.0,0.31512605042016806
logistic,2127,0,458,0.010904650006453992,0.0,0.5635593220338984
logistic,2128,0,459,0.19881670599253626,0.3,0.025423728813559324
logistic,2129,0,459,0.19881670599253626,0.3,0.025423728813559324
logistic,2130,0,458,0.010904650006453992,0.0,0.5635593220338984
logistic,2131,0,460,0.008046927307344156,0.0,0.7161016949152542
logistic,2132,0,460,0.008046927307344156,0.0,0.7161016949152542
logistic,2133,0,461,0.01145350417579683,0.0,0.6034040734938043
logistic,2134,0,461,0.01145350417579683,0.0,0.6034040734938043
logistic,2135,0,462,0.014802713411753899,0.0,0.5042372881355932
logistic,2136,0,462,0.014802713411753899,0.0,0.5042372881355932
logistic,2137,0,463,0.0017887761343427892,0.0,0.9536034752884204
logistic,2138,0,463,0.0017887761343427892,0.0,0.9536034752884204
logistic,2139,0,464,0.005412290825495242,0.0,0.8432203389830508
logistic,2140,0,464,0.005412290825495242,0.0,0.8432203389830508
logistic,2141,0,465,0.011293066829886888,0.0,0.5693989460190856
logistic,2142,0,465,0.011293066829886888,0.0,0.5693989460190856
logistic,2143,0,466,0.021371910533340477,0.0,0.34745762711864403
logistic,2144,0,466,0.021371910533340477,0.0,0.34745762711864403
logistic,2145,0,467,0.037683908807391295,0.0,0.2405284147557328
logistic,2146,0,467,0.037683908807391295,0.0,0.2405284147557328
logistic,2147,0,468,0.031106047644220626,0.0,0.29945876655747045
logistic,2148,0,469,0.003317937431108113,0.0,0.8987323743056546
logistic,2149,0,469,0.003317937431108113,0.0,0.8987323743056546
logistic,2150,0,468,0.031106047644220626,0.0,0.29945876655747045
logistic,2151,0,470,0.011081439623922964,0.0,0.6355932203389831
logistic,2152,0,470,0.011081439623922964,0.0,0.6355932203389831
logistic,2153,0,471,0.19762170370344495,0.5,0.02100840336134454
logistic,2154,0,471,0.19762170370344495,0.5,0.02100840336134454
logistic,2155,0,472,0.0003490517002697654,0.0,0.9915254237288136
logistic,2156,0,472,0.0003490517002697654,0.0,0.9915254237288136
logistic,2157,0,473,0.003143980145657134,0.0,0.9364406779661016
logistic,2158,0,473,0.003143980145657134,0.0,0.9364406779661016
logistic,2159,0,474,0.023286452817062514,0.0,0.326271186440678
logistic,2160,0,474,0.023286452817062514,0.0,0.326271186440678
logistic,2161,0,475,0.007285249036791663,0.0,0.6991525423728814
logistic,2162,0,475,0.007285249036791663,0.0,0.6991525423728814
logistic,2163,1,476,0.00508364954341598,0.0,0.7330508474576272
logistic,2164,0,476,0.00508364954341598,0.0,0.7330508474576272
logistic,2165,0,477,0.028496628226491877,0.0,0.3813559322033898
logistic,2166,0,477,0.028496628226491877,0.0,0.3813559322033898
logistic,2167,0,478,0.02069827700214332,0.0,0.42162797322318757
logistic,2168,0,478,0.02069827700214332,0.0,0.42162797322318757
logistic,2169,0,479,0.011243694385308419,0.0,0.673728813559322
logistic,2170,0,479,0.011243694385308419,0.0,0.673728813559322
logistic,2171,0,480,0.01735577474562281,0.0,0.39406779661016944
logistic,2172,0,480,0.01735577474562281,0.0,0.39406779661016944
logistic,2173,0,481,0.0025720627581185137,0.0,0.9152542372881356
logistic,2174,0,481,0.0025720627581185137,0.0,0.9152542372881356
logistic,2175,0,482,0.010595352036542955,0.0,0.5805084745762712
logistic,2176,0,482,0.010595352036542955,0.0,0.5805084745762712
logistic,2177,1,483,0.04314968339297037,0.0,0.2288135593220339
logistic,2178,0,483,0.04314968339297037,0.0,0.2288135593220339
logistic,2179,0,484,0.004030622530980424,0.0,0.864406779661017
logistic,2180,0,484,0.004030622530980424,0.0,0.864406779661017
logistic,2181,0,485,0.004022726837428265,0.0,0.8432203389830508
logistic,2182,0,485,0.004022726837428265,0.0,0.8432203389830508
logistic,2183,1,486,0.004489240414731615,0.0,0.8220338983050848
logistic,2184,0,486,0.004489240414731615,0.0,0.8220338983050848
logistic,2185,0,487,0.01002705593940022,0.0,0.6328870531263353
logistic,2186,0,487,0.01002705593940022,0.0,0.6328870531263353
logistic,2187,0,488,0.01299984901379283,0.0,0.4788135593220339
logistic,2188,0,488,0.01299984901379283,0.0,0.4788135593220339
logistic,2189,0,489,0.0039133427562155956,0.0,0.9152542372881356
logistic,2190,0,489,0.0039133427562155956,0.0,0.9152542372881356
logistic,2191,0,490,0.005290722444250045,0.0,0.8347457627118644
logistic,2192,0,490,0.005290722444250045,0.0,0.8347457627118644
logistic,2193,0,491,0.0022278772345451017,0.0,0.9367255376726962
logistic,2194,0,491,0.0022278772345451017,0.0,0.9367255376726962
logistic,2195,0,492,0.0038465687126429506,0.0,0.8983050847457628
logistic,2196,0,492,0.0038465687126429506,0.0,0.8983050847457628
logistic,2197,0,493,0.039226239164219225,0.0,0.19491525423728814
logistic,2198,0,493,0.039226239164219225,0.0,0.19491525423728814
logistic,2199,0,494,0.012600936441927774,0.0,0.5593220338983051
logistic,2200,0,494,0.012600936441927774,0.0,0.5593220338983051
logistic,2201,0,495,0.00955021193067552,0.0,0.6159735080472867
logistic,2202,0,495,0.00955021193067552,0.0,0.6159735080472867
logistic,2203,0,496,0.05247786858717508,0.0,0.13983050847457626
logistic,2204,0,496,0.05247786858717508,0.0,0.13983050847457626
logistic,2205,0,497,0.022965705382690486,0.0,0.3813559322033898
logistic,2206,0,497,0.022965705382690486,0.0,0.3813559322033898
logistic,2207,0,498,0.06727761381903011,0.1,0.24152542372881355
logistic,2208,0,498,0.06727761381903011,0.1,0.24152542372881355
logistic,2209,0,499,0.041204880042508406,0.0,0.17796610169491525
logistic,2210,0,499,0.041204880042508406,0.0,0.17796610169491525
logistic,2211,0,500,0.0029857992096995302,0.0,0.9152542372881356
logistic,2212,0,500,0.0029857992096995302,0.0,0.9152542372881356
logistic,2213,0,501,0.032118717930767066,0.0,0.19915254237288138
logistic,2214,0,501,0.032118717930767066,0.0,0.19915254237288138
logistic,2215,0,502,0.011450205103657221,0.0,0.5653040877367896
logistic,2216,0,502,0.011450205103657221,0.0,0.5653040877367896
logistic,2217,0,503,0.010730836012822298,0.0,0.728813559322034
logistic,2218,0,503,0.010730836012822298,0.0,0.728813559322034
logistic,2219,0,504,0.03429613489432365,0.0,0.23728813559322035
logistic,2220,0,504,0.03429613489432365,0.0,0.23728813559322035
logistic,2221,0,505,0.013906610344879661,0.0,0.46414328443241704
logistic,2222,0,505,0.013906610344879661,0.0,0.46414328443241704
logistic,2223,0,506,0.014304260953102435,0.0,0.4915254237288136
logistic,2224,0,506,0.014304260953102435,0.0,0.4915254237288136
logistic,2225,0,507,0.011296941095294957,0.0,0.5805084745762712
logistic,2226,0,507,0.011296941095294957,0.0,0.5805084745762712
logistic,2227,0,508,0.04115841591088322,0.0,0.16037601481270475
logistic,2228,0,508,0.04115841591088322,0.0,0.16037601481270475
logistic,2229,0,509,0.018808203453446845,0.0,0.3797179888904715
logistic,2230,0,509,0.018808203453446845,0.0,0.3797179888904715
logistic,2231,0,510,0.010678003421263352,0.0,0.6186440677966102
logistic,2232,0,510,0.010678003421263352,0.0,0.6186440677966102
logistic,2233,0,511,0.015002192542826271,0.0,0.6228813559322034
logistic,2234,0,511,0.015002192542826271,0.0,0.6228813559322034
logistic,2235,0,512,0.012495150796536163,0.0,0.5508474576271186
logistic,2236,0,512,0.012495150796536163,0.0,0.5508474576271186
logistic,2237,0,513,0.01754950058197931,0.0,0.4194915254237288
logistic,2238,0,513,0.01754950058197931,0.0,0.4194915254237288
logistic,2239,0,514,0.02295689768199921,0.0,0.3008474576271186
logistic,2240,0,514,0.02295689768199921,0.0,0.3008474576271186
logistic,2241,0,515,0.040393585745807314,0.0,0.15254237288135594
logistic,2242,0,515,0.040393585745807314,0.0,0.15254237288135594
logistic,2243,0,516,0.00335594389383635,0.0,0.8691425722831505
logistic,2244,0,516,0.00335594389383635,0.0,0.8691425722831505
logistic,2245,0,517,0.0030511495182282897,0.0,0.907206950576841
logistic,2246,0,518,0.03936532078631433,0.0,0.18142002563737358
logistic,2247,0,518,0.03936532078631433,0.0,0.18142002563737358
logistic,2248,0,517,0.0030511495182282897,0.0,0.907206950576841
logistic,2249,0,519,0.0005085841764475468,0.0,0.9830508474576272
logistic,2250,0,519,0.0005085841764475468,0.0,0.9830508474576272
logistic,2251,0,520,0.04286041676131796,0.0,0.22033898305084745
logistic,2252,0,520,0.04286041676131796,0.0,0.22033898305084745
logistic,2253,0,521,0.004678884343286642,0.0,0.8728813559322034
logistic,2254,0,521,0.004678884343286642,0.0,0.8728813559322034
logistic,2255,0,522,0.0166911369624623,0.0,0.47881355932203395
logistic,2256,0,522,0.0166911369624623,0.0,0.47881355932203395
logistic,2257,0,523,0.019294027943890298,0.0,0.3728813559322034
logistic,2258,0,523,0.019294027943890298,0.0,0.3728813559322034
logistic,2259,0,524,0.0056488033911519,0.0,0.7679105540521294
logistic,2260,0,524,0.0056488033911519,0.0,0.7679105540521294
logistic,2261,0,525,0.03795873961843274,0.0,0.2330508474576271
logistic,2262,0,525,0.03795873961843274,0.0,0.2330508474576271
logistic,2263,0,526,0.0037185701741306574,0.0,0.9110169491525424
logistic,2264,0,526,0.0037185701741306574,0.0,0.9110169491525424
logistic,2265,0,527,0.006189605527845049,0.0,0.8008474576271186
logistic,2266,0,527,0.006189605527845049,0.0,0.8008474576271186
logistic,2267,0,528,0.023740906340556825,0.0,0.2838983050847458
logistic,2268,0,529,0.054069827042787955,0.0,0.1906779661016949
logistic,2269,0,528,0.023740906340556825,0.0,0.2838983050847458
logistic,2270,0,529,0.054069827042787955,0.0,0.1906779661016949
logistic,2271,0,530,0.022292664931180865,0.0,0.40254237288135597
logistic,2272,0,530,0.022292664931180865,0.0,0.40254237288135597
logistic,2273,0,531,0.027693921465887773,0.0,0.2627118644067796
logistic,2274,0,531,0.027693921465887773,0.0,0.2627118644067796
logistic,2275,0,532,0.006728407642510479,0.0,0.7754237288135594
logistic,2276,0,532,0.006728407642510479,0.0,0.7754237288135594
logistic,2277,0,533,0.011577851557940944,0.0,0.5466101694915254
logistic,2278,0,533,0.011577851557940944,0.0,0.5466101694915254
logistic,2279,0,534,0.0074505665794978556,0.0,0.6694915254237288
logistic,2280,0,534,0.0074505665794978556,0.0,0.6694915254237288
logistic,2281,0,535,0.004154342355371178,0.0,0.8601694915254238
logistic,2282,0,535,0.004154342355371178,0.0,0.8601694915254238
logistic,2283,0,536,0.05203367303857291,0.0,0.11864406779661017
logistic,2284,0,536,0.05203367303857291,0.0,0.11864406779661017
logistic,2285,0,537,0.004688729177358332,0.0,0.8143426862270332
logistic,2286,0,537,0.004688729177358332,0.0,0.8143426862270332
logistic,2287,0,538,0.00907242519502573,0.0,0.628756587380715
logistic,2288,0,538,0.00907242519502573,0.0,0.628756587380715
logistic,2289,0,539,0.010501571693434826,0.0,0.5779447372169206
logistic,2290,0,539,0.010501571693434826,0.0,0.5779447372169206
logistic,2291,0,540,0.008845622218995635,0.0,0.6440677966101696
logistic,2292,0,540,0.008845622218995635,0.0,0.6440677966101696
logistic,2293,0,541,0.010117108891406369,0.0,0.634453781512605
logistic,2294,0,541,0.010117108891406369,0.0,0.634453781512605
logistic,2295,0,542,0.02142773120085888,0.0,0.2923728813559322
logistic,2296,0,542,0.02142773120085888,0.0,0.2923728813559322
logistic,2297,0,543,0.007924024801877585,0.0,0.8728813559322034
logistic,2298,0,543,0.007924024801877585,0.0,0.8728813559322034
logistic,2299,0,544,0.02158738921440271,0.0,0.34574846887907706
logistic,2300,0,544,0.02158738921440271,0.0,0.34574846887907706
logistic,2301,0,545,0.009562860644503842,0.0,0.7372881355932204
logistic,2302,0,545,0.009562860644503842,0.0,0.7372881355932204
logistic,2303,0,546,0.010937461115707255,0.0,0.6398305084745763
logistic,2304,0,546,0.010937461115707255,0.0,0.6398305084745763
logistic,2305,0,547,0.005813496118458263,0.0,0.7521008403361344
logistic,2306,0,547,0.005813496118458263,0.0,0.7521008403361344
logistic,2307,0,548,0.026422175947818528,0.0,0.2966101694915254
logistic,2308,0,548,0.026422175947818528,0.0,0.2966101694915254
logistic,2309,0,549,0.02860718272578585,0.0,0.2796610169491525
logistic,2310,0,549,0.02860718272578585,0.0,0.2796610169491525
logistic,2311,0,550,0.00854172114540128,0.0,0.6779661016949152
logistic,2312,0,550,0.00854172114540128,0.0,0.6779661016949152
logistic,2313,0,551,0.016853499488589448,0.0,0.4703389830508475
logistic,2314,0,551,0.016853499488589448,0.0,0.4703389830508475
logistic,2315,0,552,0.021451279684134898,0.0,0.3416892180601054
logistic,2316,0,552,0.021451279684134898,0.0,0.3416892180601054
logistic,2317,0,553,0.006430190346295397,0.0,0.7923728813559322
logistic,2318,0,553,0.006430190346295397,0.0,0.7923728813559322
logistic,2319,0,554,0.006177118202732765,0.0,0.788135593220339
logistic,2320,0,554,0.006177118202732765,0.0,0.788135593220339
logistic,2321,0,555,0.0012166807439316413,0.0,0.961864406779661
logistic,2322,0,555,0.0012166807439316413,0.0,0.961864406779661
logistic,2323,0,556,0.026820901397198938,0.0,0.3050847457627119
logistic,2324,0,556,0.026820901397198938,0.0,0.3050847457627119
logistic,2325,0,557,0.0565862610894237,0.0,0.1313559322033898
logistic,2326,0,557,0.0565862610894237,0.0,0.1313559322033898
logistic,2327,0,558,0.0037347465335783986,0.0,0.8432203389830508
logistic,2328,0,558,0.0037347465335783986,0.0,0.8432203389830508
logistic,2329,0,559,0.014345486156129138,0.0,0.48949579831932777
logistic,2330,0,559,0.014345486156129138,0.0,0.48949579831932777
logistic,2331,1,560,0.026196069688808277,0.0,0.3728813559322034
logistic,2332,0,560,0.026196069688808277,0.0,0.3728813559322034
logistic,2333,0,561,0.009782364111768669,0.0,0.6541803161942743
logistic,2334,0,561,0.009782364111768669,0.0,0.6541803161942743
logistic,2335,0,562,0.001810715587434326,0.0,0.9578763708873379
logistic,2336,0,562,0.001810715587434326,0.0,0.9578763708873379
logistic,2337,0,563,0.030489571373741663,0.0,0.2457627118644068
logistic,2338,0,563,0.030489571373741663,0.0,0.2457627118644068
logistic,2339,0,564,0.011667253185425476,0.0,0.6483050847457628
logistic,2340,0,564,0.011667253185425476,0.0,0.6483050847457628
logistic,2341,0,565,0.004843425630731617,0.0,0.8186155818259507
logistic,2342,0,565,0.004843425630731617,0.0,0.8186155818259507
logistic,2343,1,566,0.025057573663294492,0.0,0.3587451929924512
logistic,2344,0,566,0.025057573663294492,0.0,0.3587451929924512
logistic,2345,0,567,0.00783114531064005,0.0,0.7161016949152542
logistic,2346,0,567,0.00783114531064005,0.0,0.7161016949152542
logistic,2347,0,568,0.017378948972529146,0.0,0.5278094288562882
logistic,2348,0,568,0.017378948972529146,0.0,0.5278094288562882
logistic,2349,0,569,0.025002647364722776,0.0,0.3728813559322034
logistic,2350,0,569,0.025002647364722776,0.0,0.3728813559322034
logistic,2351,0,570,0.006680950728892024,0.0,0.7923728813559322
logistic,2352,0,570,0.006680950728892024,0.0,0.7923728813559322
logistic,2353,0,571,0.0069566681406272035,0.0,0.7372881355932204
logistic,2354,0,571,0.0069566681406272035,0.0,0.7372881355932204
logistic,2355,0,572,0.003889944754316063,0.0,0.8898305084745763
logistic,2356,0,572,0.003889944754316063,0.0,0.8898305084745763
logistic,2357,0,573,0.005631781247319873,0.0,0.8228172624982196
logistic,2358,0,573,0.005631781247319873,0.0,0.8228172624982196
logistic,2359,0,574,0.005337725338332434,0.0,0.8439680957128615
logistic,2360,0,574,0.005337725338332434,0.0,0.8439680957128615
logistic,2361,0,575,0.0021287093071357907,0.0,0.940677966101695
logistic,2362,0,575,0.0021287093071357907,0.0,0.940677966101695
logistic,2363,0,576,0.0045469825100522155,0.0,0.847457627118644
logistic,2364,0,576,0.0045469825100522155,0.0,0.847457627118644
logistic,2365,0,577,0.061723342042500004,0.2,0.2868537245406637
logistic,2366,0,577,0.061723342042500004,0.2,0.2868537245406637
logistic,2367,0,578,0.19199318528009696,0.6,0.008438968807862128
logistic,2368,0,578,0.19199318528009696,0.6,0.008438968807862128
logistic,2369,0,579,0.011707819667595817,0.0,0.5588235294117647
logistic,2370,0,579,0.011707819667595817,0.0,0.5588235294117647
logistic,2371,0,580,0.034675725044947175,0.0,0.2669491525423729
logistic,2372,0,580,0.034675725044947175,0.0,0.2669491525423729
logistic,2373,0,581,0.01240489347867644,0.0,0.48305084745762716
logistic,2374,0,581,0.01240489347867644,0.0,0.48305084745762716
logistic,2375,0,582,0.008311606430990203,0.0,0.7076271186440678
logistic,2376,0,582,0.008311606430990203,0.0,0.7076271186440678
logistic,2377,0,583,0.002101045996260579,0.0,0.9067796610169492
logistic,2378,0,583,0.002101045996260579,0.0,0.9067796610169492
logistic,2379,0,584,0.003521829615382543,0.0,0.8898305084745763
logistic,2380,0,584,0.003521829615382543,0.0,0.8898305084745763
logistic,2381,0,585,0.012760567328089455,0.0,0.6483050847457628
logistic,2382,0,585,0.012760567328089455,0.0,0.6483050847457628
logistic,2383,0,586,0.016738719710170536,0.0,0.5169491525423728
logistic,2384,0,586,0.016738719710170536,0.0,0.5169491525423728
logistic,2385,0,587,0.04453654655501786,0.0,0.15677966101694915
logistic,2386,0,587,0.04453654655501786,0.0,0.15677966101694915
logistic,2387,0,588,0.015425413431628825,0.0,0.4406779661016949
logistic,2388,0,588,0.015425413431628825,0.0,0.4406779661016949
logistic,2389,0,589,0.003848645677531569,0.0,0.8771186440677966
logistic,2390,0,589,0.003848645677531569,0.0,0.8771186440677966
logistic,2391,0,590,0.015334766232138591,0.0,0.5169491525423728
logistic,2392,0,590,0.015334766232138591,0.0,0.5169491525423728
random_forest,1211,0,0,0.005001104941608995,0.0,0.7966101694915254
random_forest,1212,0,0,0.005001104941608995,0.0,0.7966101694915254
random_forest,1213,0,1,0.010195139972722858,0.0,0.49376869391824524
random_forest,1214,0,1,0.010195139972722858,0.0,0.49376869391824524
random_forest,1215,0,2,0.008109242279298918,0.0,0.6059322033898304
random_forest,1216,0,2,0.008109242279298918,0.0,0.6059322033898304
random_forest,1217,0,3,0.010642396350434635,0.0,0.4893889759293548
random_forest,1218,0,3,0.010642396350434635,0.0,0.4893889759293548
random_forest,1219,0,4,0.0038760600681019496,0.0,0.8860917248255233
random_forest,1220,0,4,0.0038760600681019496,0.0,0.8860917248255233
random_forest,1221,0,5,0.003893893328237269,0.0,0.8860561173621991
random_forest,1222,0,5,0.003893893328237269,0.0,0.8860561173621991
random_forest,1223,0,6,0.003484298304064102,0.0,0.9197763851303233
random_forest,1224,0,6,0.003484298304064102,0.0,0.9197763851303233
random_forest,1225,0,7,0.0036486359512950504,0.0,0.8898305084745763
random_forest,1226,0,7,0.0036486359512950504,0.0,0.8898305084745763
random_forest,1227,0,8,0.006202625142746493,0.0,0.7415254237288136
random_forest,1228,0,8,0.006202625142746493,0.0,0.7415254237288136
random_forest,1229,0,9,0.008099612746324036,0.0,0.6398305084745762
random_forest,1230,0,9,0.008099612746324036,0.0,0.6398305084745762
random_forest,1231,0,10,0.008918934705562164,0.0,0.5254237288135593
random_forest,1232,0,10,0.008918934705562164,0.0,0.5254237288135593
random_forest,1233,0,11,0.013888522296088357,0.0,0.2923728813559322
random_forest,1234,0,11,0.013888522296088357,0.0,0.2923728813559322
random_forest,1235,0,12,0.0062090151747939415,0.0,0.7245762711864406
random_forest,1236,0,12,0.0062090151747939415,0.0,0.7245762711864406
random_forest,1237,0,13,0.007756933330010938,0.0,0.6610169491525424
random_forest,1238,0,13,0.007756933330010938,0.0,0.6610169491525424
random_forest,1239,0,14,0.003676638843357373,0.0,0.8940677966101696
random_forest,1240,0,14,0.003676638843357373,0.0,0.8940677966101696
random_forest,1241,0,15,0.0075185505646381545,0.0,0.6228813559322034
random_forest,1242,0,15,0.0075185505646381545,0.0,0.6228813559322034
random_forest,1243,0,16,0.007931115508824577,0.0,0.5317262498219626
random_forest,1244,0,16,0.007931115508824577,0.0,0.5317262498219626
random_forest,1245,0,17,0.007556295949169865,0.0,0.6313559322033898
random_forest,1246,0,17,0.007556295949169865,0.0,0.6313559322033898
random_forest,1247,0,18,0.004808761373924217,0.0,0.8305084745762712
random_forest,1248,0,18,0.004808761373924217,0.0,0.8305084745762712
random_forest,1249,0,19,0.015388363061720884,0.0,0.3093220338983051
random_forest,1250,0,19,0.015388363061720884,0.0,0.3093220338983051
random_forest,1251,0,20,0.011766612931220425,0.0,0.4110169491525424
random_forest,1252,0,20,0.011766612931220425,0.0,0.4110169491525424
random_forest,1253,0,21,0.010335666633775132,0.0,0.4957627118644068
random_forest,1254,0,21,0.010335666633775132,0.0,0.4957627118644068
random_forest,1255,0,22,0.004118193960368529,0.0,0.8235294117647058
random_forest,1256,0,22,0.004118193960368529,0.0,0.8235294117647058
random_forest,1257,0,23,0.005304448878870546,0.0,0.7595071927075915
random_forest,1258,0,23,0.005304448878870546,0.0,0.7595071927075915
random_forest,1259,0,24,0.00531038717768543,0.0,0.8438968807862128
random_forest,1260,0,24,0.00531038717768543,0.0,0.8438968807862128
random_forest,1261,0,25,0.012659429756997844,0.0,0.3542586526135878
random_forest,1262,0,25,0.012659429756997844,0.0,0.3542586526135878
random_forest,1263,0,26,0.011875283046825698,0.0,0.4279661016949153
random_forest,1264,0,26,0.011875283046825698,0.0,0.4279661016949153
random_forest,1265,0,27,0.007231050859073182,0.0,0.6949152542372882
random_forest,1266,0,27,0.007231050859073182,0.0,0.6949152542372882
random_forest,1267,0,28,0.008225378332949526,0.0,0.586632958268053
random_forest,1268,0,28,0.008225378332949526,0.0,0.586632958268053
random_forest,1269,0,29,0.009124266487102208,0.0,0.4533898305084746
random_forest,1270,0,29,0.009124266487102208,0.0,0.4533898305084746
random_forest,1271,0,30,0.006036529728566614,0.0,0.809998575701467
random_forest,1272,0,30,0.006036529728566614,0.0,0.809998575701467
random_forest,1273,0,31,0.0029191699939189663,0.0,0.9364406779661016
random_forest,1274,0,31,0.0029191699939189663,0.0,0.9364406779661016
random_forest,1275,0,32,0.0019460430406966808,0.0,0.9703389830508474
random_forest,1276,0,32,0.0019460430406966808,0.0,0.9703389830508474
random_forest,1277,0,33,0.0055074525044486325,0.0,0.8135593220338984
random_forest,1278,0,33,0.0055074525044486325,0.0,0.8135593220338984
random_forest,1279,0,34,0.00874050044941856,0.0,0.5932203389830508
random_forest,1280,0,34,0.00874050044941856,0.0,0.5932203389830508
random_forest,1281,0,35,0.0037166286997194578,0.0,0.9114442387124342
random_forest,1282,0,35,0.0037166286997194578,0.0,0.9114442387124342
random_forest,1283,0,36,0.005405940733509912,0.0,0.7298817832217632
random_forest,1284,0,36,0.005405940733509912,0.0,0.7298817832217632
random_forest,1285,0,37,0.007093341329927803,0.0,0.7457627118644068
random_forest,1286,0,37,0.007093341329927803,0.0,0.7457627118644068
random_forest,1287,0,38,0.008271435735613186,0.0,0.5847457627118644
random_forest,1288,0,38,0.008271435735613186,0.0,0.5847457627118644
random_forest,1289,0,39,0.01038926671422388,0.0,0.461864406779661
random_forest,1290,0,39,0.01038926671422388,0.0,0.461864406779661
random_forest,1291,0,40,0.009440146954143008,0.0,0.5338983050847457
random_forest,1292,0,40,0.009440146954143008,0.0,0.5338983050847457
random_forest,1293,0,41,0.02048134463087754,0.0,0.08859136875089019
random_forest,1294,0,41,0.02048134463087754,0.0,0.08859136875089019
random_forest,1295,0,42,0.005852142768884288,0.0,0.7637800883065091
random_forest,1296,0,42,0.005852142768884288,0.0,0.7637800883065091
random_forest,1297,0,43,0.011907916711510707,0.0,0.4576271186440678
random_forest,1298,0,43,0.011907916711510707,0.0,0.4576271186440678
random_forest,1299,0,44,0.021615613091013376,0.2,0.18985899444523574
random_forest,1300,0,44,0.021615613091013376,0.2,0.18985899444523574
random_forest,1301,0,45,0.006301049957306378,0.0,0.7754237288135594
random_forest,1302,0,45,0.006301049957306378,0.0,0.7754237288135594
random_forest,1303,0,46,0.01717512922522911,0.0,0.2796610169491526
random_forest,1304,0,46,0.01717512922522911,0.0,0.2796610169491526
random_forest,1305,0,47,0.01707605031562884,0.0,0.26577410625267056
random_forest,1306,0,47,0.01707605031562884,0.0,0.26577410625267056
random_forest,1307,0,48,0.011698911330838193,0.0,0.4110169491525424
random_forest,1308,0,48,0.011698911330838193,0.0,0.4110169491525424
random_forest,1309,0,49,0.02781389919474812,0.3,0.046610169491525424
random_forest,1310,0,49,0.02781389919474812,0.3,0.046610169491525424
random_forest,1311,0,50,0.015704627191377524,0.0,0.21610169491525424
random_forest,1312,0,50,0.015704627191377524,0.0,0.21610169491525424
random_forest,1313,0,51,0.01341174783780014,0.0,0.2838983050847458
random_forest,1314,0,51,0.01341174783780014,0.0,0.2838983050847458
random_forest,1315,0,52,0.009698679917586432,0.0,0.5805084745762712
random_forest,1316,0,52,0.009698679917586432,0.0,0.5805084745762712
random_forest,1317,0,53,0.02069471785089269,0.2,0.18156245549067085
random_forest,1318,0,53,0.02069471785089269,0.2,0.18156245549067085
random_forest,1319,0,54,0.020446509392175658,0.1,0.15186583107819399
random_forest,1320,0,54,0.020446509392175658,0.1,0.15186583107819399
random_forest,1321,0,55,0.020753298038529176,0.0,0.1440677966101695
random_forest,1322,0,55,0.020753298038529176,0.0,0.1440677966101695
random_forest,1323,0,56,0.010682341505636007,0.0,0.47457627118644063
random_forest,1324,0,56,0.010682341505636007,0.0,0.47457627118644063
random_forest,1325,0,57,0.01999683792645047,0.1,0.20670132459763568
random_forest,1326,0,57,0.01999683792645047,0.1,0.20670132459763568
random_forest,1327,0,58,0.02569438002573276,0.3,0.0635593220338983
random_forest,1328,0,58,0.02569438002573276,0.3,0.0635593220338983
random_forest,1329,0,59,0.02592342080670652,0.3,0.07164221620851731
random_forest,1330,0,59,0.02592342080670652,0.3,0.07164221620851731
random_forest,1331,0,60,0.008801454843197606,0.0,0.652542372881356
random_forest,1332,0,60,0.008801454843197606,0.0,0.652542372881356
random_forest,1333,0,61,0.024143323502294728,0.1,0.08898305084745764
random_forest,1334,0,61,0.024143323502294728,0.1,0.08898305084745764
random_forest,1335,0,62,0.023996663104076908,0.3,0.07203389830508475
random_forest,1336,0,62,0.023996663104076908,0.3,0.07203389830508475
random_forest,1337,0,63,0.010242870411195868,0.0,0.45994160376014814
random_forest,1338,0,63,0.010242870411195868,0.0,0.45994160376014814
random_forest,1339,0,64,0.023099217697394363,0.1,0.0423728813559322
random_forest,1340,0,64,0.023099217697394363,0.1,0.0423728813559322
random_forest,1341,0,65,0.009367282209832961,0.0,0.4364406779661017
random_forest,1342,0,65,0.009367282209832961,0.0,0.4364406779661017
random_forest,1343,0,66,0.013264800833326984,0.0,0.3771186440677966
random_forest,1344,0,66,0.013264800833326984,0.0,0.3771186440677966
random_forest,1345,0,67,0.014384858760847491,0.0,0.3305084745762712
random_forest,1346,0,67,0.014384858760847491,0.0,0.3305084745762712
random_forest,1347,1,68,0.0051561356757496325,0.0,0.7637444808431848
random_forest,1348,0,68,0.0051561356757496325,0.0,0.7637444808431848
random_forest,1349,0,69,0.008662344776177533,0.0,0.5524497934767127
random_forest,1350,0,69,0.008662344776177533,0.0,0.5524497934767127
random_forest,1351,0,70,0.010833403525930305,0.0,0.4279661016949152
random_forest,1352,0,71,0.0204472168592759,0.2,0.1349522859991454
random_forest,1353,0,70,0.010833403525930305,0.0,0.4279661016949152
random_forest,1354,0,71,0.0204472168592759,0.2,0.1349522859991454
random_forest,1355,0,72,0.008210999600037405,0.0,0.6160803304372596
random_forest,1356,0,72,0.008210999600037405,0.0,0.6160803304372596
random_forest,1357,0,73,0.01089845851628067,0.0,0.5020652328728101
random_forest,1358,0,73,0.01089845851628067,0.0,0.5020652328728101
random_forest,1359,0,74,0.021440203031267754,0.2,0.1440677966101695
random_forest,1360,0,74,0.021440203031267754,0.2,0.1440677966101695
random_forest,1361,0,75,0.023097057518798477,0.2,0.096994730095428
random_forest,1362,0,75,0.023097057518798477,0.2,0.096994730095428
random_forest,1363,0,76,0.02456928252759639,0.2,0.058823529411764705
random_forest,1364,0,76,0.02456928252759639,0.2,0.058823529411764705
random_forest,1365,0,77,0.006463427585714864,0.0,0.7203389830508474
random_forest,1366,0,77,0.006463427585714864,0.0,0.7203389830508474
random_forest,1367,0,78,0.008723891955201039,0.0,0.6398305084745763
random_forest,1368,0,78,0.008723891955201039,0.0,0.6398305084745763
random_forest,1369,0,79,0.014179223439100047,0.0,0.364406779661017
random_forest,1370,0,79,0.014179223439100047,0.0,0.364406779661017
random_forest,1371,1,80,0.007389389754336841,0.0,0.6906779661016949
random_forest,1372,0,80,0.007389389754336841,0.0,0.6906779661016949
random_forest,1373,0,81,0.00812533895140657,0.0,0.576271186440678
random_forest,1374,0,81,0.00812533895140657,0.0,0.576271186440678
random_forest,1375,0,82,0.008439744121880338,0.0,0.6101694915254237
random_forest,1376,0,82,0.008439744121880338,0.0,0.6101694915254237
random_forest,1377,0,83,0.02812091299677249,0.1,0.054835493519441676
random_forest,1378,0,83,0.02812091299677249,0.1,0.054835493519441676
random_forest,1379,0,84,0.02677557816764231,0.3,0.03813559322033898
random_forest,1380,0,84,0.02677557816764231,0.3,0.03813559322033898
random_forest,1381,1,85,0.020363550259483585,0.0,0.14762854294260075
random_forest,1382,0,85,0.020363550259483585,0.0,0.14762854294260075
random_forest,1383,0,86,0.0062587034819195295,0.0,0.7754237288135593
random_forest,1384,0,86,0.0062587034819195295,0.0,0.7754237288135593
random_forest,1385,0,87,0.006471025901213334,0.0,0.6398305084745762
random_forest,1386,0,87,0.006471025901213334,0.0,0.6398305084745762
random_forest,1387,0,88,0.02648710450957849,0.3,0.0635593220338983
random_forest,1388,0,88,0.02648710450957849,0.3,0.0635593220338983
random_forest,1389,0,89,0.00719888882578876,0.0,0.652542372881356
random_forest,1390,0,89,0.00719888882578876,0.0,0.652542372881356
random_forest,1391,0,90,0.005574423867738215,0.0,0.7754237288135593
random_forest,1392,0,90,0.005574423867738215,0.0,0.7754237288135593
random_forest,1393,0,91,0.016506892871807028,0.0,0.2711864406779661
random_forest,1394,0,91,0.016506892871807028,0.0,0.2711864406779661
random_forest,1395,0,92,0.013352157807244958,0.0,0.3728813559322034
random_forest,1396,0,92,0.013352157807244958,0.0,0.3728813559322034
random_forest,1397,0,93,0.011392818956073405,0.0,0.4745762711864407
random_forest,1398,0,93,0.011392818956073405,0.0,0.4745762711864407
random_forest,1399,0,94,0.031011223135698963,0.5,0.021079618287993165
random_forest,1400,0,94,0.031011223135698963,0.5,0.021079618287993165
random_forest,1401,0,95,0.022243991363853202,0.3,0.12238285144566301
random_forest,1402,0,95,0.022243991363853202,0.3,0.12238285144566301
random_forest,1403,0,96,0.01558111426785446,0.0,0.2909485828229597
random_forest,1404,0,96,0.01558111426785446,0.0,0.2909485828229597
random_forest,1405,0,97,0.00829314846253575,0.0,0.5805084745762712
random_forest,1406,0,97,0.00829314846253575,0.0,0.5805084745762712
random_forest,1407,0,98,0.023224533356491103,0.2,0.0805084745762712
random_forest,1408,0,98,0.023224533356491103,0.2,0.0805084745762712
random_forest,1409,0,99,0.020996719518176245,0.1,0.1059322033898305
random_forest,1410,0,99,0.020996719518176245,0.1,0.1059322033898305
random_forest,1411,0,100,0.016964983609058955,0.0,0.3163010967098704
random_forest,1412,0,100,0.016964983609058955,0.0,0.3163010967098704
random_forest,1413,0,101,0.017976275357561727,0.0,0.23201823102122204
random_forest,1414,0,101,0.017976275357561727,0.0,0.23201823102122204
random_forest,1415,1,102,0.01026071233295878,0.0,0.4533898305084746
random_forest,1416,0,102,0.01026071233295878,0.0,0.4533898305084746
random_forest,1417,0,103,0.026970030850638215,0.3,0.0635593220338983
random_forest,1418,0,103,0.026970030850638215,0.3,0.0635593220338983
random_forest,1419,0,104,0.010875870360121118,0.0,0.5254237288135594
random_forest,1420,0,104,0.010875870360121118,0.0,0.5254237288135594
random_forest,1421,0,105,0.015408766454052938,0.0,0.2542372881355932
random_forest,1422,0,105,0.015408766454052938,0.0,0.2542372881355932
random_forest,1423,0,106,0.004038371100268357,0.0,0.8940677966101696
random_forest,1424,0,106,0.004038371100268357,0.0,0.8940677966101696
random_forest,1425,0,107,0.01467845614455962,0.0,0.288135593220339
random_forest,1426,0,107,0.01467845614455962,0.0,0.288135593220339
random_forest,1427,0,108,0.013633935792919192,0.0,0.2741774675972084
random_forest,1428,0,108,0.013633935792919192,0.0,0.2741774675972084
random_forest,1429,0,109,0.010009793131161885,0.0,0.521186440677966
random_forest,1430,0,109,0.010009793131161885,0.0,0.521186440677966
random_forest,1431,0,110,0.023427764290131672,0.1,0.07627118644067797
random_forest,1432,0,110,0.023427764290131672,0.1,0.07627118644067797
random_forest,1433,0,111,0.020093950675175807,0.1,0.15624554906708446
random_forest,1434,0,111,0.020093950675175807,0.1,0.15624554906708446
random_forest,1435,0,112,0.019066214750437925,0.0,0.1694915254237288
random_forest,1436,0,112,0.019066214750437925,0.0,0.1694915254237288
random_forest,1437,0,113,0.01334434112679789,0.0,0.3347457627118644
random_forest,1438,0,113,0.01334434112679789,0.0,0.3347457627118644
random_forest,1439,0,114,0.010809576947895347,0.0,0.46909272183449646
random_forest,1440,0,114,0.010809576947895347,0.0,0.46909272183449646
random_forest,1441,0,115,0.005757263092661376,0.0,0.7595428001709159
random_forest,1442,0,115,0.005757263092661376,0.0,0.7595428001709159
random_forest,1443,0,116,0.012557460782798424,0.0,0.39406779661016944
random_forest,1444,0,116,0.012557460782798424,0.0,0.39406779661016944
random_forest,1445,0,117,0.009113685258574438,0.0,0.5720338983050848
random_forest,1446,0,117,0.009113685258574438,0.0,0.5720338983050848
random_forest,1447,0,118,0.01582042900079123,0.0,0.2288135593220339
random_forest,1448,0,118,0.01582042900079123,0.0,0.2288135593220339
random_forest,1449,0,119,0.016856248261793667,0.0,0.1864406779661017
random_forest,1450,0,119,0.016856248261793667,0.0,0.1864406779661017
random_forest,1451,0,120,0.023167493766212695,0.0,0.10967098703888335
random_forest,1452,0,120,0.023167493766212695,0.0,0.10967098703888335
random_forest,1453,0,121,0.03022188600189063,0.6,0.012711864406779662
random_forest,1454,0,121,0.03022188600189063,0.6,0.012711864406779662
random_forest,1455,1,122,0.010034946105485014,0.0,0.5444381142287423
random_forest,1456,0,122,0.010034946105485014,0.0,0.5444381142287423
random_forest,1457,0,123,0.011552018709926993,0.0,0.44067796610169496
random_forest,1458,0,123,0.011552018709926993,0.0,0.44067796610169496
random_forest,1459,0,124,0.010607894267898509,0.0,0.5019940179461615
random_forest,1460,0,124,0.010607894267898509,0.0,0.5019940179461615
random_forest,1461,0,125,0.007925188081286751,0.0,0.6454564876798177
random_forest,1462,0,125,0.007925188081286751,0.0,0.6454564876798177
random_forest,1463,0,126,0.008844725343650842,0.0,0.5423728813559322
random_forest,1464,0,126,0.008844725343650842,0.0,0.5423728813559322
random_forest,1465,0,127,0.0071326809157016904,0.0,0.6244124768551489
random_forest,1466,0,127,0.0071326809157016904,0.0,0.6244124768551489
random_forest,1467,0,128,0.02118614035613891,0.2,0.1307862127902008
random_forest,1468,0,128,0.02118614035613891,0.2,0.1307862127902008
random_forest,1469,0,129,0.014236850815970554,0.0,0.2923728813559322
random_forest,1470,0,129,0.014236850815970554,0.0,0.2923728813559322
random_forest,1471,0,130,0.014367870247800747,0.0,0.32484688790770544
random_forest,1472,0,130,0.014367870247800747,0.0,0.32484688790770544
random_forest,1473,0,131,0.031027083071295765,0.5,0.0211864406779661
random_forest,1474,0,131,0.031027083071295765,0.5,0.0211864406779661
random_forest,1475,0,132,0.011332947013963823,0.0,0.4279661016949153
random_forest,1476,0,132,0.011332947013963823,0.0,0.4279661016949153
random_forest,1477,0,133,0.007525444519752891,0.0,0.7033898305084745
random_forest,1478,0,133,0.007525444519752891,0.0,0.7033898305084745
random_forest,1479,0,134,0.020737409313475567,0.1,0.1906779661016949
random_forest,1480,0,134,0.020737409313475567,0.1,0.1906779661016949
random_forest,1481,0,135,0.019210349926371682,0.0,0.19915254237288138
random_forest,1482,0,135,0.019210349926371682,0.0,0.19915254237288138
random_forest,1483,0,136,0.010811900031340485,0.0,0.5042372881355932
random_forest,1484,0,136,0.010811900031340485,0.0,0.5042372881355932
random_forest,1485,0,137,0.015847088524121672,0.0,0.24476570289132601
random_forest,1486,0,137,0.015847088524121672,0.0,0.24476570289132601
random_forest,1487,0,138,0.013936036425558343,0.0,0.3347457627118644
random_forest,1488,0,138,0.013936036425558343,0.0,0.3347457627118644
random_forest,1489,0,139,0.013525103964328673,0.0,0.3211081042586526
random_forest,1490,0,139,0.013525103964328673,0.0,0.3211081042586526
random_forest,1491,0,140,0.03135875444982105,0.6,0.01694915254237288
random_forest,1492,0,140,0.03135875444982105,0.6,0.01694915254237288
random_forest,1493,0,141,0.021699505910853855,0.0,0.09322033898305085
random_forest,1494,0,141,0.021699505910853855,0.0,0.09322033898305085
random_forest,1495,0,142,0.022136636518829585,0.0,0.1483050847457627
random_forest,1496,0,142,0.022136636518829585,0.0,0.1483050847457627
random_forest,1497,0,143,0.010004271023491646,0.0,0.42604329867540236
random_forest,1498,0,143,0.010004271023491646,0.0,0.42604329867540236
random_forest,1499,0,144,0.029200795553155873,0.3,0.04219484403931064
random_forest,1500,0,144,0.029200795553155873,0.3,0.04219484403931064
random_forest,1501,0,145,0.020025668487940657,0.0,0.1610169491525424
random_forest,1502,0,145,0.020025668487940657,0.0,0.1610169491525424
random_forest,1503,0,146,0.004645176376399288,0.0,0.8524426719840479
random_forest,1504,0,146,0.004645176376399288,0.0,0.8524426719840479
random_forest,1505,0,147,0.01157653465935346,0.0,0.364406779661017
random_forest,1506,0,147,0.01157653465935346,0.0,0.364406779661017
random_forest,1507,0,148,0.008153135924421588,0.0,0.6059322033898304
random_forest,1508,0,148,0.008153135924421588,0.0,0.6059322033898304
random_forest,1509,0,149,0.017951336047220545,0.1,0.1652542372881356
random_forest,1510,0,149,0.017951336047220545,0.1,0.1652542372881356
random_forest,1511,1,150,0.028713321149372,0.4,0.025423728813559324
random_forest,1512,0,150,0.028713321149372,0.4,0.025423728813559324
random_forest,1513,0,151,0.01395026389579238,0.0,0.36016949152542377
random_forest,1514,0,151,0.01395026389579238,0.0,0.36016949152542377
random_forest,1515,1,152,0.016044936426299224,0.0,0.2288135593220339
random_forest,1516,0,152,0.016044936426299224,0.0,0.2288135593220339
random_forest,1517,0,153,0.009791667804330117,0.0,0.5254237288135593
random_forest,1518,0,153,0.009791667804330117,0.0,0.5254237288135593
random_forest,1519,0,154,0.013116411065062774,0.0,0.3516949152542373
random_forest,1520,0,154,0.013116411065062774,0.0,0.3516949152542373
random_forest,1521,1,155,0.00897605222269816,0.0,0.5677966101694916
random_forest,1522,0,155,0.00897605222269816,0.0,0.5677966101694916
random_forest,1523,0,156,0.020044878866412062,0.2,0.1694915254237288
random_forest,1524,0,156,0.020044878866412062,0.2,0.1694915254237288
random_forest,1525,0,157,0.004110954151488109,0.0,0.8347457627118644
random_forest,1526,0,157,0.004110954151488109,0.0,0.8347457627118644
random_forest,1527,0,158,0.02940704123301897,0.3,0.029661016949152543
random_forest,1528,0,158,0.02940704123301897,0.3,0.029661016949152543
random_forest,1529,0,159,0.005970822192523572,0.0,0.8093220338983051
random_forest,1530,0,159,0.005970822192523572,0.0,0.8093220338983051
random_forest,1531,0,160,0.012240037404884902,0.0,0.3601694915254237
random_forest,1532,0,160,0.012240037404884902,0.0,0.3601694915254237
random_forest,1533,1,161,0.013273737513848902,0.0,0.3008474576271186
random_forest,1534,0,161,0.013273737513848902,0.0,0.3008474576271186
random_forest,1535,0,162,0.02841040999114202,0.4,0.0423728813559322
random_forest,1536,0,162,0.02841040999114202,0.4,0.0423728813559322
random_forest,1537,0,163,0.006990311412705115,0.0,0.7076271186440678
random_forest,1538,0,163,0.006990311412705115,0.0,0.7076271186440678
random_forest,1539,0,164,0.006151498542397328,0.0,0.6751531120922944
random_forest,1540,0,164,0.006151498542397328,0.0,0.6751531120922944
random_forest,1541,0,165,0.009363556676654432,0.0,0.4152542372881356
random_forest,1542,0,165,0.009363556676654432,0.0,0.4152542372881356
random_forest,1543,0,166,0.015203952504797235,0.1,0.5064093433983763
random_forest,1544,0,166,0.015203952504797235,0.1,0.5064093433983763
random_forest,1545,0,167,0.024456156206404685,0.2,0.1095285571855861
random_forest,1546,0,167,0.024456156206404685,0.2,0.1095285571855861
random_forest,1547,0,168,0.021019754225110165,0.1,0.11832360062669134
random_forest,1548,0,168,0.021019754225110165,0.1,0.11832360062669134
random_forest,1549,0,169,0.010401046314681627,0.0,0.5017447657028913
random_forest,1550,0,169,0.010401046314681627,0.0,0.5017447657028913
random_forest,1551,0,170,0.009355350408836916,0.0,0.5593220338983051
random_forest,1552,0,170,0.009355350408836916,0.0,0.5593220338983051
random_forest,1553,0,171,0.01876622209601354,0.1,0.1059322033898305
random_forest,1554,0,171,0.01876622209601354,0.1,0.1059322033898305
random_forest,1555,0,172,0.005273234591918476,0.0,0.8227460475715711
random_forest,1556,0,172,0.005273234591918476,0.0,0.8227460475715711
random_forest,1557,1,173,0.022509447996218478,0.0,0.06779661016949153
random_forest,1558,0,173,0.022509447996218478,0.0,0.06779661016949153
random_forest,1559,0,174,0.01946242608087354,0.0,0.13559322033898305
random_forest,1560,0,174,0.01946242608087354,0.0,0.13559322033898305
random_forest,1561,0,175,0.020039431722573758,0.0,0.22033898305084745
random_forest,1562,0,175,0.020039431722573758,0.0,0.22033898305084745
random_forest,1563,0,176,0.006843000242871859,0.0,0.6949152542372881
random_forest,1564,0,176,0.006843000242871859,0.0,0.6949152542372881
random_forest,1565,0,177,0.014509739921961695,0.0,0.3135593220338983
random_forest,1566,0,177,0.014509739921961695,0.0,0.3135593220338983
random_forest,1567,0,178,0.02465866171545713,0.0,0.09745762711864407
random_forest,1568,0,178,0.02465866171545713,0.0,0.09745762711864407
random_forest,1569,0,179,0.017264082066234022,0.0,0.1652542372881356
random_forest,1570,0,179,0.017264082066234022,0.0,0.1652542372881356
random_forest,1571,0,180,0.012068831485190225,0.0,0.4788135593220339
random_forest,1572,0,180,0.012068831485190225,0.0,0.4788135593220339
random_forest,1573,0,181,0.015227169862290474,0.0,0.3686440677966102
random_forest,1574,0,181,0.015227169862290474,0.0,0.3686440677966102
random_forest,1575,0,182,0.012682329871135798,0.0,0.4117647058823529
random_forest,1576,0,182,0.012682329871135798,0.0,0.4117647058823529
random_forest,1577,0,183,0.020022284223494304,0.0,0.17796610169491525
random_forest,1578,0,183,0.020022284223494304,0.0,0.17796610169491525
random_forest,1579,0,184,0.01433855012836742,0.0,0.261608033043726
random_forest,1580,0,184,0.01433855012836742,0.0,0.261608033043726
random_forest,1581,0,185,0.014589381908559301,0.0,0.2669491525423729
random_forest,1582,0,185,0.014589381908559301,0.0,0.2669491525423729
random_forest,1583,0,186,0.014294860627995407,0.0,0.364406779661017
random_forest,1584,0,186,0.014294860627995407,0.0,0.364406779661017
random_forest,1585,0,187,0.009187035268737464,0.0,0.6160447229739354
random_forest,1586,0,187,0.009187035268737464,0.0,0.6160447229739354
random_forest,1587,0,188,0.005700110612990037,0.0,0.7754237288135593
random_forest,1588,0,188,0.005700110612990037,0.0,0.7754237288135593
random_forest,1589,0,189,0.015355033308408084,0.0,0.1906779661016949
random_forest,1590,0,189,0.015355033308408084,0.0,0.1906779661016949
random_forest,1591,0,190,0.0068331449961344885,0.0,0.6483050847457628
random_forest,1592,0,190,0.0068331449961344885,0.0,0.6483050847457628
random_forest,1593,0,191,0.006300978543371742,0.0,0.8813559322033898
random_forest,1594,0,191,0.006300978543371742,0.0,0.8813559322033898
random_forest,1595,0,192,0.010431107428890184,0.0,0.4576271186440678
random_forest,1596,0,192,0.010431107428890184,0.0,0.4576271186440678
random_forest,1597,0,193,0.010638718050242111,0.1,0.5847457627118644
random_forest,1598,0,193,0.010638718050242111,0.1,0.5847457627118644
random_forest,1599,0,194,0.010163568618341298,0.0,0.3940677966101695
random_forest,1600,0,194,0.010163568618341298,0.0,0.3940677966101695
random_forest,1601,0,195,0.012520443845998827,0.0,0.35856715567582964
random_forest,1602,0,195,0.012520443845998827,0.0,0.35856715567582964
random_forest,1603,0,196,0.009178807073409562,0.0,0.5651616578834924
random_forest,1604,0,196,0.009178807073409562,0.0,0.5651616578834924
random_forest,1605,0,197,0.005494047412497634,0.0,0.75
random_forest,1606,0,197,0.005494047412497634,0.0,0.75
random_forest,1607,0,198,0.008653882282230001,0.0,0.6398305084745763
random_forest,1608,0,198,0.008653882282230001,0.0,0.6398305084745763
random_forest,1609,0,199,0.007628127430486145,0.0,0.5847457627118644
random_forest,1610,0,199,0.007628127430486145,0.0,0.5847457627118644
random_forest,1611,0,200,0.005728114306578396,0.0,0.7627118644067796
random_forest,1612,0,200,0.005728114306578396,0.0,0.7627118644067796
random_forest,1613,0,201,0.014036582384225066,0.0,0.2997080188007406
random_forest,1614,0,201,0.014036582384225066,0.0,0.2997080188007406
random_forest,1615,0,202,0.0019354913324674493,0.0,0.9789203817120069
random_forest,1616,0,202,0.0019354913324674493,0.0,0.9789203817120069
random_forest,1617,0,203,0.003841794432602473,0.0,0.826271186440678
random_forest,1618,1,203,0.003841794432602473,0.0,0.826271186440678
random_forest,1619,0,204,0.015486270364424074,0.0,0.2627118644067796
random_forest,1620,0,204,0.015486270364424074,0.0,0.2627118644067796
random_forest,1621,1,205,0.009544680434781046,0.0,0.4830508474576271
random_forest,1622,0,205,0.009544680434781046,0.0,0.4830508474576271
random_forest,1623,0,206,0.006728520214357185,0.0,0.6974789915966386
random_forest,1624,0,206,0.006728520214357185,0.0,0.6974789915966386
random_forest,1625,0,207,0.022833610683503383,0.1,0.1398305084745763
random_forest,1626,0,207,0.022833610683503383,0.1,0.1398305084745763
random_forest,1627,0,208,0.003919142009392654,0.0,0.8940677966101696
random_forest,1628,0,208,0.003919142009392654,0.0,0.8940677966101696
random_forest,1629,0,209,0.007681140678271835,0.0,0.5635593220338984
random_forest,1630,0,209,0.007681140678271835,0.0,0.5635593220338984
random_forest,1631,0,210,0.007741465763332329,0.0,0.5084745762711864
random_forest,1632,0,210,0.007741465763332329,0.0,0.5084745762711864
random_forest,1633,0,211,0.013809113105454593,0.0,0.4661016949152542
random_forest,1634,0,211,0.013809113105454593,0.0,0.4661016949152542
random_forest,1635,0,212,0.017399845261112514,0.2,0.35593220338983056
random_forest,1636,0,212,0.017399845261112514,0.2,0.35593220338983056
random_forest,1637,0,213,0.008910045735924427,0.0,0.6483050847457628
random_forest,1638,0,213,0.008910045735924427,0.0,0.6483050847457628
random_forest,1639,0,214,0.013867489983231363,0.0,0.3907563025210084
random_forest,1640,0,214,0.013867489983231363,0.0,0.3907563025210084
random_forest,1641,0,215,0.005071022593371582,0.0,0.8571428571428572
random_forest,1642,0,215,0.005071022593371582,0.0,0.8571428571428572
random_forest,1643,0,216,0.004510027737513326,0.0,0.923728813559322
random_forest,1644,0,216,0.004510027737513326,0.0,0.923728813559322
random_forest,1645,0,217,0.009840712955060841,0.0,0.5593220338983051
random_forest,1646,0,217,0.009840712955060841,0.0,0.5593220338983051
random_forest,1647,0,218,0.027949910512535158,0.5,0.01691354507904857
random_forest,1648,0,218,0.027949910512535158,0.5,0.01691354507904857
random_forest,1649,0,219,0.01045663598635343,0.0,0.5604970801880074
random_forest,1650,0,219,0.01045663598635343,0.0,0.5604970801880074
random_forest,1651,0,220,0.004996660991203444,0.0,0.8177966101694916
random_forest,1652,0,220,0.004996660991203444,0.0,0.8177966101694916
random_forest,1653,0,221,0.007262733223162322,0.0,0.7298461757584389
random_forest,1654,0,221,0.007262733223162322,0.0,0.7298461757584389
random_forest,1655,0,222,0.007504359330474779,0.0,0.6501922803019513
random_forest,1656,0,222,0.007504359330474779,0.0,0.6501922803019513
random_forest,1657,0,223,0.006830080707171423,0.0,0.6694915254237288
random_forest,1658,0,223,0.006830080707171423,0.0,0.6694915254237288
random_forest,1659,0,224,0.009333124533463504,0.0,0.4872881355932204
random_forest,1660,0,224,0.009333124533463504,0.0,0.4872881355932204
random_forest,1661,0,225,0.011805055392704409,0.0,0.5020652328728101
random_forest,1662,0,225,0.011805055392704409,0.0,0.5020652328728101
random_forest,1663,0,226,0.00394695602286981,0.0,0.9152542372881356
random_forest,1664,0,226,0.00394695602286981,0.0,0.9152542372881356
random_forest,1665,0,227,0.005330903632597981,0.0,0.780622418458909
random_forest,1666,0,227,0.005330903632597981,0.0,0.780622418458909
random_forest,1667,0,228,0.004403107207179237,0.0,0.8728813559322034
random_forest,1668,0,228,0.004403107207179237,0.0,0.8728813559322034
random_forest,1669,0,229,0.01350190481220916,0.0,0.4556687081612306
random_forest,1670,0,229,0.01350190481220916,0.0,0.4556687081612306
random_forest,1671,0,230,0.007371937664945283,0.0,0.6483050847457628
random_forest,1672,0,230,0.007371937664945283,0.0,0.6483050847457628
random_forest,1673,0,231,0.008606569174989444,0.0,0.5169491525423728
random_forest,1674,1,231,0.008606569174989444,0.0,0.5169491525423728
random_forest,1675,0,232,0.00784642363944714,0.0,0.847457627118644
random_forest,1676,0,232,0.00784642363944714,0.0,0.847457627118644
random_forest,1677,0,233,0.010824278700852258,0.0,0.45556188577125767
random_forest,1678,0,233,0.010824278700852258,0.0,0.45556188577125767
random_forest,1679,0,234,0.014340599143705881,0.0,0.2659521435692921
random_forest,1680,0,234,0.014340599143705881,0.0,0.2659521435692921
random_forest,1681,0,235,0.008217986289425171,0.0,0.6652542372881356
random_forest,1682,0,235,0.008217986289425171,0.0,0.6652542372881356
random_forest,1683,0,236,0.012702198007823556,0.0,0.32509614015097565
random_forest,1684,0,236,0.012702198007823556,0.0,0.32509614015097565
random_forest,1685,0,237,0.010273114443271742,0.0,0.615546218487395
random_forest,1686,0,237,0.010273114443271742,0.0,0.615546218487395
random_forest,1687,0,238,0.008199706198844274,0.0,0.6483050847457628
random_forest,1688,0,238,0.008199706198844274,0.0,0.6483050847457628
random_forest,1689,0,239,0.013976241415787006,0.0,0.3686440677966102
random_forest,1690,0,239,0.013976241415787006,0.0,0.3686440677966102
random_forest,1691,0,240,0.00825889032188511,0.0,0.6694915254237288
random_forest,1692,0,240,0.00825889032188511,0.0,0.6694915254237288
random_forest,1693,0,241,0.012040670811816923,0.0,0.47457627118644063
random_forest,1694,0,241,0.012040670811816923,0.0,0.47457627118644063
random_forest,1695,0,242,0.00716518644641063,0.0,0.711864406779661
random_forest,1696,0,242,0.00716518644641063,0.0,0.711864406779661
random_forest,1697,0,243,0.016337608786422715,0.0,0.22033898305084748
random_forest,1698,0,243,0.016337608786422715,0.0,0.22033898305084748
random_forest,1699,0,244,0.011320860260278544,0.0,0.47243982338698187
random_forest,1700,0,244,0.011320860260278544,0.0,0.47243982338698187
random_forest,1701,0,245,0.003140707154111977,0.0,0.9067796610169492
random_forest,1702,0,245,0.003140707154111977,0.0,0.9067796610169492
random_forest,1703,0,246,0.005018617270332153,0.0,0.7941176470588236
random_forest,1704,0,246,0.005018617270332153,0.0,0.7941176470588236
random_forest,1705,0,247,0.005522137021519323,0.0,0.7542372881355932
random_forest,1706,0,247,0.005522137021519323,0.0,0.7542372881355932
random_forest,1707,0,248,0.007342980263597873,0.0,0.6751531120922944
random_forest,1708,0,249,0.005259468978248772,0.0,0.8305084745762712
random_forest,1709,0,249,0.005259468978248772,0.0,0.8305084745762712
random_forest,1710,0,248,0.007342980263597873,0.0,0.6751531120922944
random_forest,1711,0,250,0.008223224247987198,0.0,0.6202464036462043
random_forest,1712,0,250,0.008223224247987198,0.0,0.6202464036462043
random_forest,1713,0,251,0.004691783377558162,0.0,0.8389830508474576
random_forest,1714,0,252,0.008236711148566934,0.0,0.7762070930066942
random_forest,1715,0,252,0.008236711148566934,0.0,0.7762070930066942
random_forest,1716,0,251,0.004691783377558162,0.0,0.8389830508474576
random_forest,1717,0,253,0.013634483036003143,0.0,0.3771186440677966
random_forest,1718,0,253,0.013634483036003143,0.0,0.3771186440677966
random_forest,1719,0,254,0.011565091552420102,0.0,0.461864406779661
random_forest,1720,0,255,0.006201896134151107,0.0,0.7563025210084033
random_forest,1721,0,254,0.011565091552420102,0.0,0.461864406779661
random_forest,1722,0,255,0.006201896134151107,0.0,0.7563025210084033
random_forest,1723,0,256,0.006731966117074159,0.0,0.6991525423728814
random_forest,1724,0,256,0.006731966117074159,0.0,0.6991525423728814
random_forest,1725,0,257,0.012801116943154703,0.0,0.4011180743483834
random_forest,1726,0,257,0.012801116943154703,0.0,0.4011180743483834
random_forest,1727,0,258,0.0065148714623096725,0.0,0.7330508474576272
random_forest,1728,0,258,0.0065148714623096725,0.0,0.7330508474576272
random_forest,1729,0,259,0.013007424493837946,0.0,0.3771186440677966
random_forest,1730,0,259,0.013007424493837946,0.0,0.3771186440677966
random_forest,1731,0,260,0.011684821859901443,0.0,0.4915254237288136
random_forest,1732,0,260,0.011684821859901443,0.0,0.4915254237288136
random_forest,1733,0,261,0.004995948234830642,0.0,0.8608104258652614
random_forest,1734,0,261,0.004995948234830642,0.0,0.8608104258652614
random_forest,1735,0,262,0.004777454488314665,0.0,0.8728813559322034
random_forest,1736,0,262,0.004777454488314665,0.0,0.8728813559322034
random_forest,1737,0,263,0.012926899255253994,0.0,0.3587451929924512
random_forest,1738,0,263,0.012926899255253994,0.0,0.3587451929924512
random_forest,1739,0,264,0.0031250605018079873,0.0,0.9491525423728814
random_forest,1740,0,264,0.0031250605018079873,0.0,0.9491525423728814
random_forest,1741,0,265,0.006505089692540033,0.0,0.641397236860846
random_forest,1742,0,265,0.006505089692540033,0.0,0.641397236860846
random_forest,1743,0,266,0.01811423381142469,0.1,0.1864406779661017
random_forest,1744,0,266,0.01811423381142469,0.1,0.1864406779661017
random_forest,1745,0,267,0.010582072422711057,0.0,0.47457627118644063
random_forest,1746,0,267,0.010582072422711057,0.0,0.47457627118644063
random_forest,1747,0,268,0.004252667876171543,0.0,0.9194915254237288
random_forest,1748,0,268,0.004252667876171543,0.0,0.9194915254237288
random_forest,1749,0,269,0.007489080278576877,0.0,0.6483050847457628
random_forest,1750,0,269,0.007489080278576877,0.0,0.6483050847457628
random_forest,1751,0,270,0.008299824009276046,0.0,0.6101694915254237
random_forest,1752,0,270,0.008299824009276046,0.0,0.6101694915254237
random_forest,1753,0,271,0.006473744336536821,0.0,0.6694915254237288
random_forest,1754,0,271,0.006473744336536821,0.0,0.6694915254237288
random_forest,1755,0,272,0.009045004304190984,0.0,0.5483193277310925
random_forest,1756,0,272,0.009045004304190984,0.0,0.5483193277310925
random_forest,1757,0,273,0.020381126650906325,0.2,0.2033898305084746
random_forest,1758,0,273,0.020381126650906325,0.2,0.2033898305084746
random_forest,1759,0,274,0.007489019534370029,0.0,0.6906779661016949
random_forest,1760,0,274,0.007489019534370029,0.0,0.6906779661016949
random_forest,1761,1,275,0.00862160661964561,0.0,0.586632958268053
random_forest,1762,0,275,0.00862160661964561,0.0,0.586632958268053
random_forest,1763,0,276,0.01886249792859354,0.1,0.2754237288135593
random_forest,1764,0,276,0.01886249792859354,0.1,0.2754237288135593
random_forest,1765,0,277,0.010133076613115565,0.0,0.5296610169491525
random_forest,1766,0,277,0.010133076613115565,0.0,0.5296610169491525
random_forest,1767,0,278,0.013692900098678967,0.0,0.3050847457627119
random_forest,1768,0,278,0.013692900098678967,0.0,0.3050847457627119
random_forest,1769,0,279,0.01172583514105339,0.0,0.3813559322033898
random_forest,1770,0,279,0.01172583514105339,0.0,0.3813559322033898
random_forest,1771,0,280,0.00508532346775084,0.0,0.788135593220339
random_forest,1772,0,280,0.00508532346775084,0.0,0.788135593220339
random_forest,1773,0,281,0.013179570655148168,0.0,0.3503062241845891
random_forest,1774,0,281,0.013179570655148168,0.0,0.3503062241845891
random_forest,1775,0,282,0.009372082799182762,0.0,0.5932203389830508
random_forest,1776,0,282,0.009372082799182762,0.0,0.5932203389830508
random_forest,1777,0,283,0.021909661757040656,0.3,0.15254237288135594
random_forest,1778,0,283,0.021909661757040656,0.3,0.15254237288135594
random_forest,1779,0,284,0.013298447022951026,0.0,0.40254237288135597
random_forest,1780,0,284,0.013298447022951026,0.0,0.40254237288135597
random_forest,1781,0,285,0.006480768533337395,0.0,0.8017376442102264
random_forest,1782,0,285,0.006480768533337395,0.0,0.8017376442102264
random_forest,1783,0,286,0.003748421621949591,0.0,0.865546218487395
random_forest,1784,0,286,0.003748421621949591,0.0,0.865546218487395
random_forest,1785,0,287,0.015587113706383021,0.0,0.2669491525423729
random_forest,1786,0,287,0.015587113706383021,0.0,0.2669491525423729
random_forest,1787,0,288,0.007499494735551107,0.0,0.6483050847457628
random_forest,1788,0,288,0.007499494735551107,0.0,0.6483050847457628
random_forest,1789,0,289,0.015183226538013619,0.0,0.3305084745762712
random_forest,1790,0,290,0.009542749722337334,0.0,0.5466101694915254
random_forest,1791,0,290,0.009542749722337334,0.0,0.5466101694915254
random_forest,1792,0,289,0.015183226538013619,0.0,0.3305084745762712
random_forest,1793,0,291,0.003648058167005313,0.0,0.9621848739495797
random_forest,1794,0,291,0.003648058167005313,0.0,0.9621848739495797
random_forest,1795,0,292,0.004725481174151133,0.0,0.8227816550348953
random_forest,1796,0,292,0.004725481174151133,0.0,0.8227816550348953
random_forest,1797,0,293,0.020296819558217504,0.0,0.16436405070502777
random_forest,1798,0,293,0.020296819558217504,0.0,0.16436405070502777
random_forest,1799,0,294,0.010994903690963027,0.0,0.47457627118644063
random_forest,1800,0,294,0.010994903690963027,0.0,0.47457627118644063
random_forest,1801,0,295,0.01072974339518087,0.0,0.43220338983050843
random_forest,1802,0,295,0.01072974339518087,0.0,0.43220338983050843
random_forest,1803,0,296,0.0033202916374323703,0.0,0.9156459193847031
random_forest,1804,0,296,0.0033202916374323703,0.0,0.9156459193847031
random_forest,1805,0,297,0.009102946491542795,0.0,0.5720338983050848
random_forest,1806,0,297,0.009102946491542795,0.0,0.5720338983050848
random_forest,1807,0,298,0.006590253666783452,0.0,0.6991525423728813
random_forest,1808,0,298,0.006590253666783452,0.0,0.6991525423728813
random_forest,1809,0,299,0.004041189859187559,0.0,0.8776171485543369
random_forest,1810,0,299,0.004041189859187559,0.0,0.8776171485543369
random_forest,1811,0,300,0.007390270505450494,0.0,0.6200683663295827
random_forest,1812,0,300,0.007390270505450494,0.0,0.6200683663295827
random_forest,1813,0,301,0.011438357004074568,0.0,0.4533898305084746
random_forest,1814,0,301,0.011438357004074568,0.0,0.4533898305084746
random_forest,1815,0,302,0.028341489303679225,0.4,0.05508474576271187
random_forest,1816,0,302,0.028341489303679225,0.4,0.05508474576271187
random_forest,1817,0,303,0.004800769832604511,0.0,0.7923728813559322
random_forest,1818,0,303,0.004800769832604511,0.0,0.7923728813559322
random_forest,1819,0,304,0.007372915347675174,0.0,0.6906779661016949
random_forest,1820,0,304,0.007372915347675174,0.0,0.6906779661016949
random_forest,1821,0,305,0.018126849621821328,0.2,0.3093220338983051
random_forest,1822,0,305,0.018126849621821328,0.2,0.3093220338983051
random_forest,1823,0,306,0.010927693095821474,0.0,0.49825523429710866
random_forest,1824,0,306,0.010927693095821474,0.0,0.49825523429710866
random_forest,1825,0,307,0.025101834703219833,0.3,0.046218487394957986
random_forest,1826,0,307,0.025101834703219833,0.3,0.046218487394957986
random_forest,1827,0,308,0.010579860421561404,0.0,0.3771186440677966
random_forest,1828,0,308,0.010579860421561404,0.0,0.3771186440677966
random_forest,1829,0,309,0.020487723990810038,0.1,0.2033898305084746
random_forest,1830,0,309,0.020487723990810038,0.1,0.2033898305084746
random_forest,1831,1,310,0.013475437355075736,0.0,0.39406779661016944
random_forest,1832,0,310,0.013475437355075736,0.0,0.39406779661016944
random_forest,1833,0,311,0.01911909355398471,0.0,0.16479134026491954
random_forest,1834,0,311,0.01911909355398471,0.0,0.16479134026491954
random_forest,1835,0,312,0.008744089187758599,0.0,0.5274177467597209
random_forest,1836,0,312,0.008744089187758599,0.0,0.5274177467597209
random_forest,1837,0,313,0.013517187841969027,0.0,0.30508474576271183
random_forest,1838,0,313,0.013517187841969027,0.0,0.30508474576271183
random_forest,1839,0,314,0.003910181252916536,0.0,0.8516949152542372
random_forest,1840,0,314,0.003910181252916536,0.0,0.8516949152542372
random_forest,1841,0,315,0.014548770865086786,0.0,0.3416892180601054
random_forest,1842,0,315,0.014548770865086786,0.0,0.3416892180601054
random_forest,1843,0,316,0.011939164881319676,0.0,0.39830508474576276
random_forest,1844,0,316,0.011939164881319676,0.0,0.39830508474576276
random_forest,1845,0,317,0.010927657993451908,0.0,0.6949152542372881
random_forest,1846,0,317,0.010927657993451908,0.0,0.6949152542372881
random_forest,1847,0,318,0.017029194664518257,0.0,0.2754237288135593
random_forest,1848,0,318,0.017029194664518257,0.0,0.2754237288135593
random_forest,1849,0,319,0.017588034419317326,0.0,0.27542372881355937
random_forest,1850,0,319,0.017588034419317326,0.0,0.27542372881355937
random_forest,1851,0,320,0.011815818169030184,0.0,0.423728813559322
random_forest,1852,0,320,0.011815818169030184,0.0,0.423728813559322
random_forest,1853,0,321,0.0034195841749930117,0.0,0.9579831932773109
random_forest,1854,0,321,0.0034195841749930117,0.0,0.9579831932773109
random_forest,1855,0,322,0.002945406159171942,0.0,0.8898305084745762
random_forest,1856,0,322,0.002945406159171942,0.0,0.8898305084745762
random_forest,1857,0,323,0.005893187627184551,0.0,0.7966101694915255
random_forest,1858,0,323,0.005893187627184551,0.0,0.7966101694915255
random_forest,1859,0,324,0.00393478818232121,0.0,0.8987679817689789
random_forest,1860,0,324,0.00393478818232121,0.0,0.8987679817689789
random_forest,1861,0,325,0.004042326666958284,0.0,0.8601694915254237
random_forest,1862,0,325,0.004042326666958284,0.0,0.8601694915254237
random_forest,1863,0,326,0.00579118705655151,0.0,0.7415254237288136
random_forest,1864,0,326,0.00579118705655151,0.0,0.7415254237288136
random_forest,1865,0,327,0.012893898658828498,0.0,0.44722973935336846
random_forest,1866,0,327,0.012893898658828498,0.0,0.44722973935336846
random_forest,1867,0,328,0.00821796863036477,0.0,0.6483050847457628
random_forest,1868,0,328,0.00821796863036477,0.0,0.6483050847457628
random_forest,1869,0,329,0.02316801428714981,0.2,0.05479988605611736
random_forest,1870,0,329,0.02316801428714981,0.2,0.05479988605611736
random_forest,1871,0,330,0.016753962547320842,0.0,0.3389830508474576
random_forest,1872,0,330,0.016753962547320842,0.0,0.3389830508474576
random_forest,1873,0,331,0.0022508141768215395,0.0,0.9745762711864406
random_forest,1874,0,331,0.0022508141768215395,0.0,0.9745762711864406
random_forest,1875,0,332,0.0064287424999086365,0.0,0.7627118644067796
random_forest,1876,0,332,0.0064287424999086365,0.0,0.7627118644067796
random_forest,1877,0,333,0.013576286931486603,0.0,0.4322033898305085
random_forest,1878,0,333,0.013576286931486603,0.0,0.4322033898305085
random_forest,1879,0,334,0.008539396473707104,0.0,0.6101694915254237
random_forest,1880,0,334,0.008539396473707104,0.0,0.6101694915254237
random_forest,1881,0,335,0.0033441226313989797,0.0,0.9366899302093719
random_forest,1882,0,335,0.0033441226313989797,0.0,0.9366899302093719
random_forest,1883,0,336,0.014723310889642242,0.0,0.2868181170773394
random_forest,1884,0,336,0.014723310889642242,0.0,0.2868181170773394
random_forest,1885,0,337,0.00498033070389149,0.0,0.826271186440678
random_forest,1886,0,337,0.00498033070389149,0.0,0.826271186440678
random_forest,1887,0,338,0.010423988673173446,0.0,0.5466101694915254
random_forest,1888,0,338,0.010423988673173446,0.0,0.5466101694915254
random_forest,1889,0,339,0.007781489724884137,0.0,0.6101694915254238
random_forest,1890,0,339,0.007781489724884137,0.0,0.6101694915254238
random_forest,1891,0,340,0.013688456997863516,0.0,0.2796610169491526
random_forest,1892,0,340,0.013688456997863516,0.0,0.2796610169491526
random_forest,1893,0,341,0.010455489583282598,0.0,0.4745762711864407
random_forest,1894,0,341,0.010455489583282598,0.0,0.4745762711864407
random_forest,1895,0,342,0.01803013423231841,0.0,0.13135593220338984
random_forest,1896,0,342,0.01803013423231841,0.0,0.13135593220338984
random_forest,1897,1,343,0.004619241105545688,0.0,0.8050847457627119
random_forest,1898,0,343,0.004619241105545688,0.0,0.8050847457627119
random_forest,1899,0,344,0.01937347266291219,0.0,0.1652542372881356
random_forest,1900,0,344,0.01937347266291219,0.0,0.1652542372881356
random_forest,1901,0,345,0.010978400258252561,0.0,0.44067796610169496
random_forest,1902,0,345,0.010978400258252561,0.0,0.44067796610169496
random_forest,1903,0,346,0.006883380445823499,0.0,0.8361344537815125
random_forest,1904,0,346,0.006883380445823499,0.0,0.8361344537815125
random_forest,1905,0,347,0.013240534432555582,0.0,0.2584745762711864
random_forest,1906,0,347,0.013240534432555582,0.0,0.2584745762711864
random_forest,1907,0,348,0.017601683089158583,0.0,0.2584745762711864
random_forest,1908,0,348,0.017601683089158583,0.0,0.2584745762711864
random_forest,1909,0,349,0.015497566497922971,0.0,0.25
random_forest,1910,0,349,0.015497566497922971,0.0,0.25
random_forest,1911,0,350,0.00670519382812777,0.0,0.7255376726961971
random_forest,1912,0,350,0.00670519382812777,0.0,0.7255376726961971
random_forest,1913,0,351,0.01200457718476573,0.0,0.3389830508474576
random_forest,1914,0,351,0.01200457718476573,0.0,0.3389830508474576
random_forest,1915,0,352,0.011445237662493066,0.0,0.4935550491382994
random_forest,1916,0,352,0.011445237662493066,0.0,0.4935550491382994
random_forest,1917,0,353,0.010635744954355968,0.0,0.36693490955704317
random_forest,1918,0,353,0.010635744954355968,0.0,0.36693490955704317
random_forest,1919,0,354,0.023764775301698654,0.2,0.0886269762142145
random_forest,1920,0,354,0.023764775301698654,0.2,0.0886269762142145
random_forest,1921,0,355,0.018654407609344538,0.0,0.20663010967098705
random_forest,1922,0,355,0.018654407609344538,0.0,0.20663010967098705
random_forest,1923,0,356,0.007256096544194531,0.0,0.6271186440677966
random_forest,1924,0,356,0.007256096544194531,0.0,0.6271186440677966
random_forest,1925,0,357,0.007171608055448213,0.0,0.711864406779661
random_forest,1926,0,357,0.007171608055448213,0.0,0.711864406779661
random_forest,1927,0,358,0.013154351608192796,0.0,0.3813559322033898
random_forest,1928,0,358,0.013154351608192796,0.0,0.3813559322033898
random_forest,1929,0,359,0.010366171500149655,0.0,0.4957627118644068
random_forest,1930,0,359,0.010366171500149655,0.0,0.4957627118644068
random_forest,1931,0,360,0.020632486395949574,0.0,0.19915254237288138
random_forest,1932,0,360,0.020632486395949574,0.0,0.19915254237288138
random_forest,1933,0,361,0.009509430322685341,0.0,0.5230380287708304
random_forest,1934,0,361,0.009509430322685341,0.0,0.5230380287708304
random_forest,1935,0,362,0.014767257701926023,0.0,0.28268765133171914
random_forest,1936,0,362,0.014767257701926023,0.0,0.28268765133171914
random_forest,1937,1,363,0.004752721876932297,0.0,0.7627118644067796
random_forest,1938,0,363,0.004752721876932297,0.0,0.7627118644067796
random_forest,1939,0,364,0.012208759948927677,0.0,0.35016379433129186
random_forest,1940,0,364,0.012208759948927677,0.0,0.35016379433129186
random_forest,1941,0,365,0.008161923965757054,0.0,0.5932203389830508
random_forest,1942,0,365,0.008161923965757054,0.0,0.5932203389830508
random_forest,1943,0,366,0.012789884982518115,0.0,0.46862982481128046
random_forest,1944,0,366,0.012789884982518115,0.0,0.46862982481128046
random_forest,1945,0,367,0.012596073129334043,0.0,0.3925722831505484
random_forest,1946,0,368,0.011224494948113952,0.0,0.4411764705882353
random_forest,1947,0,368,0.011224494948113952,0.0,0.4411764705882353
random_forest,1948,0,367,0.012596073129334043,0.0,0.3925722831505484
random_forest,1949,0,369,0.011928559526789647,0.0,0.38983050847457623
random_forest,1950,0,369,0.011928559526789647,0.0,0.38983050847457623
random_forest,1951,0,370,0.008916089073904006,0.0,0.5593220338983051
random_forest,1952,0,370,0.008916089073904006,0.0,0.5593220338983051
random_forest,1953,0,371,0.0143955606259716,0.0,0.44302805868109957
random_forest,1954,0,371,0.0143955606259716,0.0,0.44302805868109957
random_forest,1955,0,372,0.020158657055474823,0.0,0.11810995584674547
random_forest,1956,0,372,0.020158657055474823,0.0,0.11810995584674547
random_forest,1957,0,373,0.012991388901069368,0.0,0.37170630964250106
random_forest,1958,0,373,0.012991388901069368,0.0,0.37170630964250106
random_forest,1959,0,374,0.020105204535296146,0.0,0.11016949152542373
random_forest,1960,0,374,0.020105204535296146,0.0,0.11016949152542373
random_forest,1961,0,375,0.015495698548450437,0.0,0.30373166215638797
random_forest,1962,0,375,0.015495698548450437,0.0,0.30373166215638797
random_forest,1963,0,376,0.01572316748951124,0.0,0.26189289275032046
random_forest,1964,0,376,0.01572316748951124,0.0,0.26189289275032046
random_forest,1965,0,377,0.013826992857712822,0.0,0.2838983050847458
random_forest,1966,0,377,0.013826992857712822,0.0,0.2838983050847458
random_forest,1967,0,378,0.021755142884204843,0.2,0.05063381284717277
random_forest,1968,0,378,0.021755142884204843,0.2,0.05063381284717277
random_forest,1969,0,379,0.012697443734984045,0.0,0.2627118644067797
random_forest,1970,0,379,0.012697443734984045,0.0,0.2627118644067797
random_forest,1971,0,380,0.02224819597640491,0.0,0.12241845890898732
random_forest,1972,0,380,0.02224819597640491,0.0,0.12241845890898732
random_forest,1973,1,381,0.005763271789992025,0.0,0.788135593220339
random_forest,1974,0,381,0.005763271789992025,0.0,0.788135593220339
random_forest,1975,0,382,0.012804061893156854,0.0,0.34745762711864403
random_forest,1976,0,383,0.023363892106257823,0.1,0.096994730095428
random_forest,1977,0,383,0.023363892106257823,0.1,0.096994730095428
random_forest,1978,0,382,0.012804061893156854,0.0,0.34745762711864403
random_forest,1979,0,384,0.012571080656756753,0.0,0.3559322033898305
random_forest,1980,0,384,0.012571080656756753,0.0,0.3559322033898305
random_forest,1981,0,385,0.021165945645524407,0.0,0.11864406779661017
random_forest,1982,0,385,0.021165945645524407,0.0,0.11864406779661017
random_forest,1983,0,386,0.008665801480985863,0.0,0.5720338983050848
random_forest,1984,0,386,0.008665801480985863,0.0,0.5720338983050848
random_forest,1985,0,387,0.020084259708192602,0.1,0.1228813559322034
random_forest,1986,0,387,0.020084259708192602,0.1,0.1228813559322034
random_forest,1987,0,388,0.0065373805315301235,0.0,0.6906779661016949
random_forest,1988,0,388,0.0065373805315301235,0.0,0.6906779661016949
random_forest,1989,0,389,0.01071020120648716,0.0,0.5084745762711864
random_forest,1990,0,389,0.01071020120648716,0.0,0.5084745762711864
random_forest,1991,0,390,0.013748184623000207,0.0,0.47881355932203384
random_forest,1992,0,390,0.013748184623000207,0.0,0.47881355932203384
random_forest,1993,0,391,0.01969846644394028,0.1,0.16450648055832504
random_forest,1994,0,391,0.01969846644394028,0.1,0.16450648055832504
random_forest,1995,0,392,0.019147414327002735,0.1,0.17796610169491525
random_forest,1996,0,392,0.019147414327002735,0.1,0.17796610169491525
random_forest,1997,0,393,0.023681596625210386,0.2,0.06779661016949153
random_forest,1998,0,393,0.023681596625210386,0.2,0.06779661016949153
random_forest,1999,0,394,0.020216200413778744,0.1,0.1822033898305085
random_forest,2000,0,395,0.012788774560870344,0.0,0.4067796610169492
random_forest,2001,0,395,0.012788774560870344,0.0,0.4067796610169492
random_forest,2002,0,394,0.020216200413778744,0.1,0.1822033898305085
random_forest,2003,0,396,0.010859744601612792,0.0,0.4110169491525424
random_forest,2004,0,396,0.010859744601612792,0.0,0.4110169491525424
random_forest,2005,0,397,0.023120135762251505,0.0,0.0805084745762712
random_forest,2006,0,397,0.023120135762251505,0.0,0.0805084745762712
random_forest,2007,0,398,0.025395875113976472,0.4,0.06779661016949153
random_forest,2008,0,398,0.025395875113976472,0.4,0.06779661016949153
random_forest,2009,0,399,0.01805910153990737,0.0,0.21610169491525424
random_forest,2010,0,399,0.01805910153990737,0.0,0.21610169491525424
random_forest,2011,0,400,0.01504945052819972,0.0,0.15677966101694915
random_forest,2012,0,400,0.01504945052819972,0.0,0.15677966101694915
random_forest,2013,0,401,0.010401816647717636,0.0,0.4830508474576271
random_forest,2014,0,401,0.010401816647717636,0.0,0.4830508474576271
random_forest,2015,0,402,0.009734871530144944,0.0,0.5338983050847458
random_forest,2016,0,402,0.009734871530144944,0.0,0.5338983050847458
random_forest,2017,0,403,0.01942912582808601,0.0,0.18551488391966958
random_forest,2018,0,403,0.01942912582808601,0.0,0.18551488391966958
random_forest,2019,0,404,0.012219697865938104,0.0,0.4788135593220339
random_forest,2020,0,404,0.012219697865938104,0.0,0.4788135593220339
random_forest,2021,1,405,0.004553958001304982,0.0,0.8691069648198262
random_forest,2022,0,405,0.004553958001304982,0.0,0.8691069648198262
random_forest,2023,0,406,0.02215748437192911,0.2,0.08898305084745763
random_forest,2024,0,406,0.02215748437192911,0.2,0.08898305084745763
random_forest,2025,0,407,0.019483372062747122,0.1,0.15677966101694915
random_forest,2026,0,407,0.019483372062747122,0.1,0.15677966101694915
random_forest,2027,0,408,0.015362568052978642,0.0,0.2288135593220339
random_forest,2028,0,408,0.015362568052978642,0.0,0.2288135593220339
random_forest,2029,0,409,0.020571919117030345,0.0,0.1228813559322034
random_forest,2030,0,409,0.020571919117030345,0.0,0.1228813559322034
random_forest,2031,0,410,0.011072127159828762,0.0,0.4152542372881356
random_forest,2032,0,410,0.011072127159828762,0.0,0.4152542372881356
random_forest,2033,0,411,0.023086382246641907,0.0,0.0847457627118644
random_forest,2034,0,411,0.023086382246641907,0.0,0.0847457627118644
random_forest,2035,0,412,0.010681345847157343,0.0,0.4025423728813559
random_forest,2036,0,412,0.010681345847157343,0.0,0.4025423728813559
random_forest,2037,0,413,0.01849811059316847,0.0,0.1822033898305085
random_forest,2038,0,413,0.01849811059316847,0.0,0.1822033898305085
random_forest,2039,0,414,0.013829652221013441,0.0,0.326271186440678
random_forest,2040,0,414,0.013829652221013441,0.0,0.326271186440678
random_forest,2041,0,415,0.008552423421017252,0.0,0.6228813559322034
random_forest,2042,0,416,0.012875046983087252,0.0,0.3728813559322034
random_forest,2043,0,415,0.008552423421017252,0.0,0.6228813559322034
random_forest,2044,0,416,0.012875046983087252,0.0,0.3728813559322034
random_forest,2045,0,417,0.007172022169435285,0.0,0.6398305084745762
random_forest,2046,0,417,0.007172022169435285,0.0,0.6398305084745762
random_forest,2047,0,418,0.011252421987118304,0.0,0.4745762711864407
random_forest,2048,0,418,0.011252421987118304,0.0,0.4745762711864407
random_forest,2049,0,419,0.012056810582374924,0.0,0.4726890756302521
random_forest,2050,0,419,0.012056810582374924,0.0,0.4726890756302521
random_forest,2051,0,420,0.005755891641588925,0.0,0.7300598205383848
random_forest,2052,0,420,0.005755891641588925,0.0,0.7300598205383848
random_forest,2053,0,421,0.019295361970710863,0.0,0.11016949152542373
random_forest,2054,0,421,0.019295361970710863,0.0,0.11016949152542373
random_forest,2055,0,422,0.02693535869708012,0.4,0.046610169491525424
random_forest,2056,0,422,0.02693535869708012,0.4,0.046610169491525424
random_forest,2057,0,423,0.009769799555322168,0.0,0.5042372881355932
random_forest,2058,0,423,0.009769799555322168,0.0,0.5042372881355932
random_forest,2059,0,424,0.014051683762658446,0.0,0.3220338983050848
random_forest,2060,0,424,0.014051683762658446,0.0,0.3220338983050848
random_forest,2061,0,425,0.016817272406755294,0.0,0.1822033898305085
random_forest,2062,0,425,0.016817272406755294,0.0,0.1822033898305085
random_forest,2063,0,426,0.005901820195079675,0.0,0.7384275744195983
random_forest,2064,0,426,0.005901820195079675,0.0,0.7384275744195983
random_forest,2065,0,427,0.00906578043619318,0.0,0.6440677966101696
random_forest,2066,0,427,0.00906578043619318,0.0,0.6440677966101696
random_forest,2067,0,428,0.013876219782081558,0.0,0.3008474576271186
random_forest,2068,0,428,0.013876219782081558,0.0,0.3008474576271186
random_forest,2069,0,429,0.01744229936111984,0.0,0.21610169491525422
random_forest,2070,0,429,0.01744229936111984,0.0,0.21610169491525422
random_forest,2071,0,430,0.0033654712149575835,0.0,0.923728813559322
random_forest,2072,0,430,0.0033654712149575835,0.0,0.923728813559322
random_forest,2073,0,431,0.01251449681944887,0.0,0.37815126050420167
random_forest,2074,0,431,0.01251449681944887,0.0,0.37815126050420167
random_forest,2075,0,432,0.017538124411411636,0.0,0.211864406779661
random_forest,2076,0,432,0.017538124411411636,0.0,0.211864406779661
random_forest,2077,0,433,0.014164931351402038,0.0,0.3559322033898305
random_forest,2078,0,433,0.014164931351402038,0.0,0.3559322033898305
random_forest,2079,0,434,0.006232073074635755,0.0,0.7088733798604188
random_forest,2080,0,434,0.006232073074635755,0.0,0.7088733798604188
random_forest,2081,0,435,0.007661419367267927,0.0,0.7245762711864407
random_forest,2082,0,435,0.007661419367267927,0.0,0.7245762711864407
random_forest,2083,0,436,0.005804471487479911,0.0,0.7923728813559322
random_forest,2084,0,436,0.005804471487479911,0.0,0.7923728813559322
random_forest,2085,0,437,0.00954741033954971,0.0,0.5169491525423728
random_forest,2086,0,437,0.00954741033954971,0.0,0.5169491525423728
random_forest,2087,0,438,0.0032055215362050463,0.0,0.9110169491525424
random_forest,2088,0,438,0.0032055215362050463,0.0,0.9110169491525424
random_forest,2089,0,439,0.0031980262917909743,0.0,0.902542372881356
random_forest,2090,0,439,0.0031980262917909743,0.0,0.902542372881356
random_forest,2091,0,440,0.025275094631035465,0.1,0.08022361486967669
random_forest,2092,0,440,0.025275094631035465,0.1,0.08022361486967669
random_forest,2093,0,441,0.011843727250454093,0.0,0.4406779661016949
random_forest,2094,0,441,0.011843727250454093,0.0,0.4406779661016949
random_forest,2095,0,442,0.004076867098301088,0.0,0.8728813559322034
random_forest,2096,0,442,0.004076867098301088,0.0,0.8728813559322034
random_forest,2097,0,443,0.00716070194081569,0.0,0.6793547927645635
random_forest,2098,0,443,0.00716070194081569,0.0,0.6793547927645635
random_forest,2099,0,444,0.010830358955779376,0.0,0.461864406779661
random_forest,2100,0,444,0.010830358955779376,0.0,0.461864406779661
random_forest,2101,0,445,0.01389175428772289,0.0,0.3432203389830508
random_forest,2102,0,445,0.01389175428772289,0.0,0.3432203389830508
random_forest,2103,0,446,0.010466636217044033,0.0,0.5127118644067796
random_forest,2104,0,446,0.010466636217044033,0.0,0.5127118644067796
random_forest,2105,1,447,0.017354272548176862,0.0,0.21610169491525424
random_forest,2106,0,447,0.017354272548176862,0.0,0.21610169491525424
random_forest,2107,0,448,0.00710326497422598,0.0,0.6963039453069364
random_forest,2108,0,448,0.00710326497422598,0.0,0.6963039453069364
random_forest,2109,0,449,0.014914582911810867,0.0,0.3037672696197123
random_forest,2110,0,449,0.014914582911810867,0.0,0.3037672696197123
random_forest,2111,0,450,0.01598908080035614,0.0,0.2288135593220339
random_forest,2112,0,450,0.01598908080035614,0.0,0.2288135593220339
random_forest,2113,0,451,0.00923841026973147,0.0,0.5550847457627118
random_forest,2114,0,451,0.00923841026973147,0.0,0.5550847457627118
random_forest,2115,0,452,0.017775978372598825,0.0,0.21919954422446944
random_forest,2116,0,452,0.017775978372598825,0.0,0.21919954422446944
random_forest,2117,0,453,0.024065171738724363,0.2,0.05508474576271187
random_forest,2118,0,453,0.024065171738724363,0.2,0.05508474576271187
random_forest,2119,0,454,0.005490994586244987,0.0,0.7161016949152542
random_forest,2120,0,454,0.005490994586244987,0.0,0.7161016949152542
random_forest,2121,0,455,0.006175143777394997,0.0,0.7627118644067796
random_forest,2122,0,455,0.006175143777394997,0.0,0.7627118644067796
random_forest,2123,0,456,0.01655270841049211,0.0,0.21610169491525422
random_forest,2124,0,456,0.01655270841049211,0.0,0.21610169491525422
random_forest,2125,0,457,0.01437357133688082,0.0,0.29935194416749755
random_forest,2126,0,457,0.01437357133688082,0.0,0.29935194416749755
random_forest,2127,0,458,0.018698586028127195,0.0,0.1228813559322034
random_forest,2128,0,459,0.014944735924808172,0.0,0.326271186440678
random_forest,2129,0,459,0.014944735924808172,0.0,0.326271186440678
random_forest,2130,0,458,0.018698586028127195,0.0,0.1228813559322034
random_forest,2131,0,460,0.011312719671433932,0.0,0.461864406779661
random_forest,2132,0,460,0.011312719671433932,0.0,0.461864406779661
random_forest,2133,0,461,0.007296085133925873,0.0,0.6864406779661016
random_forest,2134,0,461,0.007296085133925873,0.0,0.6864406779661016
random_forest,2135,0,462,0.016408883180812333,0.0,0.3008474576271186
random_forest,2136,0,462,0.016408883180812333,0.0,0.3008474576271186
random_forest,2137,0,463,0.0026554159237873803,0.0,0.9282865688648341
random_forest,2138,0,463,0.0026554159237873803,0.0,0.9282865688648341
random_forest,2139,0,464,0.01694658609126188,0.0,0.2033898305084746
random_forest,2140,0,464,0.01694658609126188,0.0,0.2033898305084746
random_forest,2141,0,465,0.01286312873314632,0.0,0.3474576271186441
random_forest,2142,0,465,0.01286312873314632,0.0,0.3474576271186441
random_forest,2143,0,466,0.00741649818909199,0.0,0.6906779661016949
random_forest,2144,0,466,0.00741649818909199,0.0,0.6906779661016949
random_forest,2145,0,467,0.00813650857247651,0.0,0.6368750890186583
random_forest,2146,0,467,0.00813650857247651,0.0,0.6368750890186583
random_forest,2147,0,468,0.014342599299147881,0.1,0.40895171627973226
random_forest,2148,0,469,0.00613680715247086,0.0,0.711864406779661
random_forest,2149,0,469,0.00613680715247086,0.0,0.711864406779661
random_forest,2150,0,468,0.014342599299147881,0.1,0.40895171627973226
random_forest,2151,0,470,0.010531273307962557,0.0,0.7005056259792053
random_forest,2152,0,470,0.010531273307962557,0.0,0.7005056259792053
random_forest,2153,0,471,0.02384093403891973,0.1,0.10963537957555904
random_forest,2154,0,471,0.02384093403891973,0.1,0.10963537957555904
random_forest,2155,0,472,0.006623500666226542,0.0,0.652542372881356
random_forest,2156,0,472,0.006623500666226542,0.0,0.652542372881356
random_forest,2157,0,473,0.0057095531708915214,0.0,0.7076271186440678
random_forest,2158,0,473,0.0057095531708915214,0.0,0.7076271186440678
random_forest,2159,0,474,0.01854395191242752,0.1,0.1313559322033898
random_forest,2160,0,474,0.01854395191242752,0.1,0.1313559322033898
random_forest,2161,0,475,0.013172092317856302,0.0,0.3644067796610169
random_forest,2162,0,475,0.013172092317856302,0.0,0.3644067796610169
random_forest,2163,1,476,0.0073156586347094986,0.0,0.7089445947870674
random_forest,2164,0,476,0.0073156586347094986,0.0,0.7089445947870674
random_forest,2165,0,477,0.007252877313415002,0.0,0.7330508474576272
random_forest,2166,0,477,0.007252877313415002,0.0,0.7330508474576272
random_forest,2167,0,478,0.013141928266685537,0.0,0.3305084745762712
random_forest,2168,0,478,0.013141928266685537,0.0,0.3305084745762712
random_forest,2169,0,479,0.006801611688702266,0.0,0.7046004842615012
random_forest,2170,0,479,0.006801611688702266,0.0,0.7046004842615012
random_forest,2171,0,480,0.010410819090156504,0.0,0.4491525423728814
random_forest,2172,0,480,0.010410819090156504,0.0,0.4491525423728814
random_forest,2173,0,481,0.012340837055625695,0.0,0.35475715710012823
random_forest,2174,0,481,0.012340837055625695,0.0,0.35475715710012823
random_forest,2175,0,482,0.011862765483438488,0.0,0.4261857285286996
random_forest,2176,0,482,0.011862765483438488,0.0,0.4261857285286996
random_forest,2177,1,483,0.01340125343779792,0.0,0.288135593220339
random_forest,2178,0,483,0.01340125343779792,0.0,0.288135593220339
random_forest,2179,0,484,0.013357359763506452,0.0,0.3940677966101695
random_forest,2180,0,484,0.013357359763506452,0.0,0.3940677966101695
random_forest,2181,0,485,0.013127544224185505,0.0,0.3940677966101695
random_forest,2182,0,485,0.013127544224185505,0.0,0.3940677966101695
random_forest,2183,1,486,0.004494254286004773,0.0,0.8093220338983051
random_forest,2184,0,486,0.004494254286004773,0.0,0.8093220338983051
random_forest,2185,0,487,0.01929657211181402,0.0,0.16454208802164932
random_forest,2186,0,487,0.01929657211181402,0.0,0.16454208802164932
random_forest,2187,0,488,0.014428637942919492,0.0,0.3389830508474576
random_forest,2188,0,488,0.014428637942919492,0.0,0.3389830508474576
random_forest,2189,0,489,0.006574047658568741,0.0,0.7118644067796611
random_forest,2190,0,489,0.006574047658568741,0.0,0.7118644067796611
random_forest,2191,0,490,0.007923659705098833,0.0,0.6228813559322034
random_forest,2192,0,490,0.007923659705098833,0.0,0.6228813559322034
random_forest,2193,0,491,0.010613882965369864,0.0,0.4745762711864407
random_forest,2194,0,491,0.010613882965369864,0.0,0.4745762711864407
random_forest,2195,0,492,0.008289190939628335,0.0,0.6059322033898304
random_forest,2196,0,492,0.008289190939628335,0.0,0.6059322033898304
random_forest,2197,0,493,0.018108651563877896,0.0,0.2076271186440678
random_forest,2198,0,493,0.018108651563877896,0.0,0.2076271186440678
random_forest,2199,0,494,0.007344491910221509,0.0,0.559322033898305
random_forest,2200,0,494,0.007344491910221509,0.0,0.559322033898305
random_forest,2201,0,495,0.007545845622936152,0.0,0.755341119498647
random_forest,2202,0,495,0.007545845622936152,0.0,0.755341119498647
random_forest,2203,0,496,0.016212654963886068,0.0,0.3559322033898305
random_forest,2204,0,496,0.016212654963886068,0.0,0.3559322033898305
random_forest,2205,0,497,0.009910791607513306,0.0,0.48511608033043724
random_forest,2206,0,497,0.009910791607513306,0.0,0.48511608033043724
random_forest,2207,0,498,0.006258881282515394,0.0,0.728813559322034
random_forest,2208,0,498,0.006258881282515394,0.0,0.728813559322034
random_forest,2209,0,499,0.022081649378749235,0.0,0.13926078906138728
random_forest,2210,0,499,0.022081649378749235,0.0,0.13926078906138728
random_forest,2211,0,500,0.011211739685282513,0.0,0.4872881355932204
random_forest,2212,0,500,0.011211739685282513,0.0,0.4872881355932204
random_forest,2213,0,501,0.01459009808568008,0.0,0.2796610169491525
random_forest,2214,0,501,0.01459009808568008,0.0,0.2796610169491525
random_forest,2215,0,502,0.005838213458053194,0.0,0.7383919669562741
random_forest,2216,0,502,0.005838213458053194,0.0,0.7383919669562741
random_forest,2217,0,503,0.008050269204191985,0.0,0.7033898305084746
random_forest,2218,0,503,0.008050269204191985,0.0,0.7033898305084746
random_forest,2219,0,504,0.01802143585386633,0.0,0.1313559322033898
random_forest,2220,0,504,0.01802143585386633,0.0,0.1313559322033898
random_forest,2221,0,505,0.012718763643620715,0.0,0.40756302521008403
random_forest,2222,0,505,0.012718763643620715,0.0,0.40756302521008403
random_forest,2223,0,506,0.009034327318872352,0.0,0.5696125907990315
random_forest,2224,0,506,0.009034327318872352,0.0,0.5696125907990315
random_forest,2225,0,507,0.008474154572433437,0.0,0.6455633100697906
random_forest,2226,0,507,0.008474154572433437,0.0,0.6455633100697906
random_forest,2227,0,508,0.018971014544240886,0.0,0.19491525423728814
random_forest,2228,0,508,0.018971014544240886,0.0,0.19491525423728814
random_forest,2229,0,509,0.006712361431436445,0.0,0.7509257940464321
random_forest,2230,0,509,0.006712361431436445,0.0,0.7509257940464321
random_forest,2231,0,510,0.006659854905815737,0.0,0.7848597065945022
random_forest,2232,0,510,0.006659854905815737,0.0,0.7848597065945022
random_forest,2233,0,511,0.010875117425257107,0.0,0.5635593220338984
random_forest,2234,0,511,0.010875117425257107,0.0,0.5635593220338984
random_forest,2235,0,512,0.01388038532059475,0.0,0.2966101694915254
random_forest,2236,0,512,0.01388038532059475,0.0,0.2966101694915254
random_forest,2237,0,513,0.012108141210444553,0.0,0.4576271186440678
random_forest,2238,0,513,0.012108141210444553,0.0,0.4576271186440678
random_forest,2239,0,514,0.009778098729362309,0.0,0.5042372881355932
random_forest,2240,0,514,0.009778098729362309,0.0,0.5042372881355932
random_forest,2241,0,515,0.01768224125346782,0.0,0.2330508474576271
random_forest,2242,0,515,0.01768224125346782,0.0,0.2330508474576271
random_forest,2243,0,516,0.005513689795735891,0.0,0.8305084745762712
random_forest,2244,0,516,0.005513689795735891,0.0,0.8305084745762712
random_forest,2245,0,517,0.0030438095310493718,0.0,0.9199188149836206
random_forest,2246,0,518,0.014881374601573235,0.0,0.2627118644067796
random_forest,2247,0,518,0.014881374601573235,0.0,0.2627118644067796
random_forest,2248,0,517,0.0030438095310493718,0.0,0.9199188149836206
random_forest,2249,0,519,0.005441201723578978,0.0,0.7245762711864407
random_forest,2250,0,519,0.005441201723578978,0.0,0.7245762711864407
random_forest,2251,0,520,0.01580920415535736,0.0,0.2838983050847458
random_forest,2252,0,520,0.01580920415535736,0.0,0.2838983050847458
random_forest,2253,0,521,0.007155128025122984,0.0,0.6331006979062812
random_forest,2254,0,521,0.007155128025122984,0.0,0.6331006979062812
random_forest,2255,0,522,0.006972401577513544,0.0,0.6779661016949152
random_forest,2256,0,522,0.006972401577513544,0.0,0.6779661016949152
random_forest,2257,0,523,0.013734441531403097,0.0,0.3728813559322034
random_forest,2258,0,523,0.013734441531403097,0.0,0.3728813559322034
random_forest,2259,0,524,0.0030090891387129833,0.0,0.9327731092436975
random_forest,2260,0,524,0.0030090891387129833,0.0,0.9327731092436975
random_forest,2261,0,525,0.011471336523671065,0.0,0.5840336134453781
random_forest,2262,0,525,0.011471336523671065,0.0,0.5840336134453781
random_forest,2263,0,526,0.006359096354091515,0.0,0.6918530123913973
random_forest,2264,0,526,0.006359096354091515,0.0,0.6918530123913973
random_forest,2265,0,527,0.007544247171608252,0.0,0.8559322033898304
random_forest,2266,0,527,0.007544247171608252,0.0,0.8559322033898304
random_forest,2267,0,528,0.016884784497398376,0.0,0.21955561885771258
random_forest,2268,0,529,0.020310913104271033,0.0,0.15254237288135591
random_forest,2269,0,528,0.016884784497398376,0.0,0.21955561885771258
random_forest,2270,0,529,0.020310913104271033,0.0,0.15254237288135591
random_forest,2271,0,530,0.00516526504476558,0.0,0.776741204956559
random_forest,2272,0,530,0.00516526504476558,0.0,0.776741204956559
random_forest,2273,0,531,0.014349910377187336,0.0,0.371243412619285
random_forest,2274,0,531,0.014349910377187336,0.0,0.371243412619285
random_forest,2275,0,532,0.007513202600542682,0.0,0.6694915254237288
random_forest,2276,0,532,0.007513202600542682,0.0,0.6694915254237288
random_forest,2277,0,533,0.00683242896653196,0.0,0.6371599487252528
random_forest,2278,0,533,0.00683242896653196,0.0,0.6371599487252528
random_forest,2279,0,534,0.011253438864379201,0.0,0.4194915254237288
random_forest,2280,0,534,0.011253438864379201,0.0,0.4194915254237288
random_forest,2281,0,535,0.0073395288129115025,0.0,0.7469021506907847
random_forest,2282,0,535,0.0073395288129115025,0.0,0.7469021506907847
random_forest,2283,0,536,0.01750224108996478,0.0,0.1864406779661017
random_forest,2284,0,536,0.01750224108996478,0.0,0.1864406779661017
random_forest,2285,0,537,0.007476540305199857,0.0,0.6287209799173907
random_forest,2286,0,537,0.007476540305199857,0.0,0.6287209799173907
random_forest,2287,0,538,0.014825626115390792,0.0,0.326271186440678
random_forest,2288,0,538,0.014825626115390792,0.0,0.326271186440678
random_forest,2289,0,539,0.010397083064223113,0.0,0.5169491525423728
random_forest,2290,0,539,0.010397083064223113,0.0,0.5169491525423728
random_forest,2291,0,540,0.006998832544604347,0.0,0.6610169491525424
random_forest,2292,0,540,0.006998832544604347,0.0,0.6610169491525424
random_forest,2293,0,541,0.00888032893058522,0.0,0.5932203389830508
random_forest,2294,0,541,0.00888032893058522,0.0,0.5932203389830508
random_forest,2295,0,542,0.004174556643382699,0.0,0.8686440677966102
random_forest,2296,0,542,0.004174556643382699,0.0,0.8686440677966102
random_forest,2297,0,543,0.008330821166487902,0.0,0.6186440677966102
random_forest,2298,0,543,0.008330821166487902,0.0,0.6186440677966102
random_forest,2299,0,544,0.015440013651282638,0.0,0.26573849878934624
random_forest,2300,0,544,0.015440013651282638,0.0,0.26573849878934624
random_forest,2301,0,545,0.007241976753406795,0.0,0.673728813559322
random_forest,2302,0,545,0.007241976753406795,0.0,0.673728813559322
random_forest,2303,0,546,0.008448041728922832,0.0,0.586632958268053
random_forest,2304,0,546,0.008448041728922832,0.0,0.586632958268053
random_forest,2305,0,547,0.013662963442806184,0.0,0.3038384845463609
random_forest,2306,0,547,0.013662963442806184,0.0,0.3038384845463609
random_forest,2307,0,548,0.006334676792875289,0.0,0.771186440677966
random_forest,2308,0,548,0.006334676792875289,0.0,0.771186440677966
random_forest,2309,0,549,0.008850752961732083,0.0,0.5737074490813274
random_forest,2310,0,549,0.008850752961732083,0.0,0.5737074490813274
random_forest,2311,0,550,0.005844819848903299,0.0,0.7457627118644068
random_forest,2312,0,550,0.005844819848903299,0.0,0.7457627118644068
random_forest,2313,0,551,0.010313574355389,0.0,0.4830508474576271
random_forest,2314,0,551,0.010313574355389,0.0,0.4830508474576271
random_forest,2315,0,552,0.007095718242750251,0.0,0.670880216493377
random_forest,2316,0,552,0.007095718242750251,0.0,0.670880216493377
random_forest,2317,0,553,0.0044799096199185946,0.0,0.8389830508474576
random_forest,2318,0,553,0.0044799096199185946,0.0,0.8389830508474576
random_forest,2319,0,554,0.004252220147439207,0.0,0.8559322033898304
random_forest,2320,0,554,0.004252220147439207,0.0,0.8559322033898304
random_forest,2321,0,555,0.005696230219958848,0.0,0.8050847457627119
random_forest,2322,0,555,0.005696230219958848,0.0,0.8050847457627119
random_forest,2323,0,556,0.018759263993402445,0.0,0.16034040734938043
random_forest,2324,0,556,0.018759263993402445,0.0,0.16034040734938043
random_forest,2325,0,557,0.010872629673798357,0.0,0.4533898305084746
random_forest,2326,0,557,0.010872629673798357,0.0,0.4533898305084746
random_forest,2327,0,558,0.006869299875794243,0.0,0.6483050847457628
random_forest,2328,0,558,0.006869299875794243,0.0,0.6483050847457628
random_forest,2329,0,559,0.018468527905986937,0.0,0.13559322033898305
random_forest,2330,0,559,0.018468527905986937,0.0,0.13559322033898305
random_forest,2331,1,560,0.005228597792115139,0.0,0.7966101694915255
random_forest,2332,0,560,0.005228597792115139,0.0,0.7966101694915255
random_forest,2333,0,561,0.004124366791768001,0.0,0.8647984617575843
random_forest,2334,0,561,0.004124366791768001,0.0,0.8647984617575843
random_forest,2335,0,562,0.004846355815901084,0.0,0.8183307221193562
random_forest,2336,0,562,0.004846355815901084,0.0,0.8183307221193562
random_forest,2337,0,563,0.015698604921677302,0.0,0.288135593220339
random_forest,2338,0,563,0.015698604921677302,0.0,0.288135593220339
random_forest,2339,0,564,0.013918761039147017,0.0,0.24152542372881358
random_forest,2340,0,564,0.013918761039147017,0.0,0.24152542372881358
random_forest,2341,0,565,0.008085623347660489,0.0,0.7245762711864407
random_forest,2342,0,565,0.008085623347660489,0.0,0.7245762711864407
random_forest,2343,1,566,0.00505562065094711,0.0,0.8601694915254238
random_forest,2344,0,566,0.00505562065094711,0.0,0.8601694915254238
random_forest,2345,0,567,0.01313539376149965,0.0,0.4263637658453212
random_forest,2346,0,567,0.01313539376149965,0.0,0.4263637658453212
random_forest,2347,0,568,0.012295889793472152,0.0,0.27542372881355937
random_forest,2348,0,568,0.012295889793472152,0.0,0.27542372881355937
random_forest,2349,0,569,0.012999504730816461,0.0,0.341760432986754
random_forest,2350,0,569,0.012999504730816461,0.0,0.341760432986754
random_forest,2351,0,570,0.003378759414042195,0.0,0.9067796610169492
random_forest,2352,0,570,0.003378759414042195,0.0,0.9067796610169492
random_forest,2353,0,571,0.00607204716340367,0.0,0.7033898305084745
random_forest,2354,0,571,0.00607204716340367,0.0,0.7033898305084745
random_forest,2355,0,572,0.0022924313856055264,0.0,0.9703389830508474
random_forest,2356,0,572,0.0022924313856055264,0.0,0.9703389830508474
random_forest,2357,0,573,0.003702111512231436,0.0,0.8776527560176612
random_forest,2358,0,573,0.003702111512231436,0.0,0.8776527560176612
random_forest,2359,0,574,0.017866367029693554,0.1,0.21524711579547073
random_forest,2360,0,574,0.017866367029693554,0.1,0.21524711579547073
random_forest,2361,0,575,0.008305176147790654,0.0,0.6313559322033898
random_forest,2362,0,575,0.008305176147790654,0.0,0.6313559322033898
random_forest,2363,0,576,0.006325363644953173,0.0,0.7245762711864407
random_forest,2364,0,576,0.006325363644953173,0.0,0.7245762711864407
random_forest,2365,0,577,0.007252060324643372,0.0,0.6949152542372882
random_forest,2366,0,577,0.007252060324643372,0.0,0.6949152542372882
random_forest,2367,0,578,0.006463867713628899,0.0,0.7076271186440678
random_forest,2368,0,578,0.006463867713628899,0.0,0.7076271186440678
random_forest,2369,0,579,0.005492398010783854,0.0,0.8691781797464748
random_forest,2370,0,579,0.005492398010783854,0.0,0.8691781797464748
random_forest,2371,0,580,0.0037911873478700528,0.0,0.8480985614584817
random_forest,2372,0,580,0.0037911873478700528,0.0,0.8480985614584817
random_forest,2373,0,581,0.009022578619004896,0.0,0.5272753169064236
random_forest,2374,0,581,0.009022578619004896,0.0,0.5272753169064236
random_forest,2375,0,582,0.01716435633643123,0.0,0.22033898305084745
random_forest,2376,0,582,0.01716435633643123,0.0,0.22033898305084745
random_forest,2377,0,583,0.005652825712982909,0.0,0.7838983050847458
random_forest,2378,0,583,0.005652825712982909,0.0,0.7838983050847458
random_forest,2379,0,584,0.006094657436223001,0.0,0.7754237288135593
random_forest,2380,0,584,0.006094657436223001,0.0,0.7754237288135593
random_forest,2381,0,585,0.013609788930795248,0.0,0.423728813559322
random_forest,2382,0,585,0.013609788930795248,0.0,0.423728813559322
random_forest,2383,0,586,0.005604103280832994,0.0,0.7118644067796611
random_forest,2384,0,586,0.005604103280832994,0.0,0.7118644067796611
random_forest,2385,0,587,0.012496000836214431,0.0,0.401296111665005
random_forest,2386,0,587,0.012496000836214431,0.0,0.401296111665005
random_forest,2387,0,588,0.010555881021300787,0.0,0.4788135593220339
random_forest,2388,0,588,0.010555881021300787,0.0,0.4788135593220339
random_forest,2389,0,589,0.0028539830925910386,0.0,0.9325594644637516
random_forest,2390,0,589,0.0028539830925910386,0.0,0.9325594644637516
random_forest,2391,0,590,0.01359514604449969,0.0,0.3177966101694915
random_forest,2392,0,590,0.01359514604449969,0.0,0.3177966101694915
hist_gb,1211,0,0,4.15058263347254e-05,0.0,0.8305084745762712
hist_gb,1212,0,0,4.15058263347254e-05,0.0,0.8305084745762712
hist_gb,1213,0,1,0.00076716059314041,0.0,0.32064520723543655
hist_gb,1214,0,1,0.00076716059314041,0.0,0.32064520723543655
hist_gb,1215,0,2,0.0005812110315354794,0.0,0.5423728813559322
hist_gb,1216,0,2,0.0005812110315354794,0.0,0.5423728813559322
hist_gb,1217,0,3,0.0005808579668807234,0.0,0.46396524711579545
hist_gb,1218,0,3,0.0005808579668807234,0.0,0.46396524711579545
hist_gb,1219,0,4,0.00013127197929219264,0.0,0.826271186440678
hist_gb,1220,0,4,0.00013127197929219264,0.0,0.826271186440678
hist_gb,1221,0,5,2.6638273161196985e-05,0.0,0.8692493946731235
hist_gb,1222,0,5,2.6638273161196985e-05,0.0,0.8692493946731235
hist_gb,1223,0,6,7.56629469736564e-06,0.0,0.9661016949152542
hist_gb,1224,0,6,7.56629469736564e-06,0.0,0.9661016949152542
hist_gb,1225,0,7,1.64232372170726e-05,0.0,0.9279661016949152
hist_gb,1226,0,7,1.64232372170726e-05,0.0,0.9279661016949152
hist_gb,1227,0,8,0.00019018009653952488,0.0,0.635593220338983
hist_gb,1228,0,8,0.00019018009653952488,0.0,0.635593220338983
hist_gb,1229,0,9,0.00019073181080300387,0.0,0.5635593220338984
hist_gb,1230,0,9,0.00019073181080300387,0.0,0.5635593220338984
hist_gb,1231,0,10,0.0004564723873338827,0.0,0.4110169491525424
hist_gb,1232,0,10,0.0004564723873338827,0.0,0.4110169491525424
hist_gb,1233,0,11,0.0004668593065631856,0.0,0.4110169491525424
hist_gb,1234,0,11,0.0004668593065631856,0.0,0.4110169491525424
hist_gb,1235,0,12,0.00038356268166132564,0.0,0.5635593220338984
hist_gb,1236,0,12,0.00038356268166132564,0.0,0.5635593220338984
hist_gb,1237,0,13,0.0006578175558721278,0.0,0.5338983050847458
hist_gb,1238,0,13,0.0006578175558721278,0.0,0.5338983050847458
hist_gb,1239,0,14,2.165295564911041e-05,0.0,0.8898305084745763
hist_gb,1240,0,14,2.165295564911041e-05,0.0,0.8898305084745763
hist_gb,1241,0,15,0.0002652416488105367,0.0,0.5127118644067796
hist_gb,1242,0,15,0.0002652416488105367,0.0,0.5127118644067796
hist_gb,1243,0,16,0.001640456796446961,0.0,0.2614299957271044
hist_gb,1244,0,16,0.001640456796446961,0.0,0.2614299957271044
hist_gb,1245,0,17,9.331304375544227e-05,0.0,0.7268907563025211
hist_gb,1246,0,17,9.331304375544227e-05,0.0,0.7268907563025211
hist_gb,1247,0,18,2.8460486043154118e-05,0.0,0.902542372881356
hist_gb,1248,0,18,2.8460486043154118e-05,0.0,0.902542372881356
hist_gb,1249,0,19,0.0022013386047706218,0.0,0.2584745762711864
hist_gb,1250,0,19,0.0022013386047706218,0.0,0.2584745762711864
hist_gb,1251,0,20,0.0024592399072714257,0.0,0.1822033898305085
hist_gb,1252,0,20,0.0024592399072714257,0.0,0.1822033898305085
hist_gb,1253,0,21,0.0008813433263587507,0.0,0.3813559322033898
hist_gb,1254,0,21,0.0008813433263587507,0.0,0.3813559322033898
hist_gb,1255,0,22,3.434381193827806e-05,0.0,0.8267696909272184
hist_gb,1256,0,22,3.434381193827806e-05,0.0,0.8267696909272184
hist_gb,1257,0,23,8.416413487053255e-05,0.0,0.7966101694915254
hist_gb,1258,0,23,8.416413487053255e-05,0.0,0.7966101694915254
hist_gb,1259,0,24,7.05089370638173e-05,0.0,0.8559322033898304
hist_gb,1260,0,24,7.05089370638173e-05,0.0,0.8559322033898304
hist_gb,1261,0,25,0.00149933412628569,0.0,0.4661016949152542
hist_gb,1262,0,25,0.00149933412628569,0.0,0.4661016949152542
hist_gb,1263,0,26,0.00031085150910240884,0.0,0.5863124910981341
hist_gb,1264,0,26,0.00031085150910240884,0.0,0.5863124910981341
hist_gb,1265,0,27,0.0004078450509422401,0.0,0.42625694345534826
hist_gb,1266,0,27,0.0004078450509422401,0.0,0.42625694345534826
hist_gb,1267,0,28,5.689839098713173e-05,0.0,0.7796610169491525
hist_gb,1268,0,28,5.689839098713173e-05,0.0,0.7796610169491525
hist_gb,1269,0,29,0.0005567982395253217,0.0,0.5508474576271186
hist_gb,1270,0,29,0.0005567982395253217,0.0,0.5508474576271186
hist_gb,1271,0,30,0.00032764775669382937,0.0,0.7941176470588236
hist_gb,1272,0,30,0.00032764775669382937,0.0,0.7941176470588236
hist_gb,1273,0,31,3.0695549866958264e-05,0.0,0.9110169491525424
hist_gb,1274,0,31,3.0695549866958264e-05,0.0,0.9110169491525424
hist_gb,1275,0,32,7.201355497596935e-06,0.0,0.9745762711864407
hist_gb,1276,0,32,7.201355497596935e-06,0.0,0.9745762711864407
hist_gb,1277,0,33,0.00015400272386137745,0.0,0.603261643640507
hist_gb,1278,0,33,0.00015400272386137745,0.0,0.603261643640507
hist_gb,1279,0,34,0.0009249107347371951,0.0,0.4576271186440678
hist_gb,1280,0,34,0.0009249107347371951,0.0,0.4576271186440678
hist_gb,1281,0,35,1.3400039954451549e-05,0.0,0.9327731092436975
hist_gb,1282,0,35,1.3400039954451549e-05,0.0,0.9327731092436975
hist_gb,1283,0,36,6.419162006995503e-05,0.0,0.7478991596638656
hist_gb,1284,0,36,6.419162006995503e-05,0.0,0.7478991596638656
hist_gb,1285,0,37,0.00018322221610682184,0.0,0.5932203389830508
hist_gb,1286,0,37,0.00018322221610682184,0.0,0.5932203389830508
hist_gb,1287,0,38,0.0001955143835772376,0.0,0.7681241988320753
hist_gb,1288,0,38,0.0001955143835772376,0.0,0.7681241988320753
hist_gb,1289,0,39,0.0002683973233086508,0.0,0.5357855006409343
hist_gb,1290,0,39,0.0002683973233086508,0.0,0.5357855006409343
hist_gb,1291,0,40,0.0007807618102808296,0.0,0.4449152542372881
hist_gb,1292,0,40,0.0007807618102808296,0.0,0.4449152542372881
hist_gb,1293,0,41,0.003790287566970747,0.0,0.1730166642928358
hist_gb,1294,0,41,0.003790287566970747,0.0,0.1730166642928358
hist_gb,1295,0,42,6.375448507596532e-05,0.0,0.711864406779661
hist_gb,1296,0,42,6.375448507596532e-05,0.0,0.711864406779661
hist_gb,1297,0,43,0.0016300566512482174,0.0,0.3673265916536106
hist_gb,1298,0,43,0.0016300566512482174,0.0,0.3673265916536106
hist_gb,1299,0,44,0.006969177197542584,0.1,0.1059322033898305
hist_gb,1300,0,44,0.006969177197542584,0.1,0.1059322033898305
hist_gb,1301,0,45,0.00013116762940666482,0.0,0.6991525423728813
hist_gb,1302,0,45,0.00013116762940666482,0.0,0.6991525423728813
hist_gb,1303,0,46,0.0008775082719715158,0.0,0.3686440677966102
hist_gb,1304,0,46,0.0008775082719715158,0.0,0.3686440677966102
hist_gb,1305,0,47,0.002434529703074608,0.0,0.30800455775530555
hist_gb,1306,0,47,0.002434529703074608,0.0,0.30800455775530555
hist_gb,1307,0,48,0.0009909152471883841,0.0,0.2994231590941462
hist_gb,1308,0,48,0.0009909152471883841,0.0,0.2994231590941462
hist_gb,1309,0,49,0.02579625074139009,0.4,0.03375587523144851
hist_gb,1310,0,49,0.02579625074139009,0.4,0.03375587523144851
hist_gb,1311,0,50,0.00581367201569978,0.0,0.1228813559322034
hist_gb,1312,0,50,0.00581367201569978,0.0,0.1228813559322034
hist_gb,1313,0,51,0.0007165306564526142,0.0,0.2966101694915254
hist_gb,1314,0,51,0.0007165306564526142,0.0,0.2966101694915254
hist_gb,1315,0,52,0.00011983040329303975,0.0,0.6313559322033898
hist_gb,1316,0,52,0.00011983040329303975,0.0,0.6313559322033898
hist_gb,1317,0,53,0.006452172707305979,0.0,0.11016949152542374
hist_gb,1318,0,53,0.006452172707305979,0.0,0.11016949152542374
hist_gb,1319,0,54,0.002615156497294173,0.0,0.15677966101694915
hist_gb,1320,0,54,0.002615156497294173,0.0,0.15677966101694915
hist_gb,1321,0,55,0.0005167643710917846,0.0,0.5084745762711864
hist_gb,1322,0,55,0.0005167643710917846,0.0,0.5084745762711864
hist_gb,1323,0,56,0.00030590875641826524,0.0,0.6285429426007692
hist_gb,1324,0,56,0.00030590875641826524,0.0,0.6285429426007692
hist_gb,1325,0,57,0.004953443900993495,0.0,0.11864406779661016
hist_gb,1326,0,57,0.004953443900993495,0.0,0.11864406779661016
hist_gb,1327,0,58,0.0075431666003417915,0.2,0.09745762711864406
hist_gb,1328,0,58,0.0075431666003417915,0.2,0.09745762711864406
hist_gb,1329,0,59,0.012864237678692537,0.2,0.07587950434411053
hist_gb,1330,0,59,0.012864237678692537,0.2,0.07587950434411053
hist_gb,1331,0,60,0.00011412809299016647,0.0,0.771186440677966
hist_gb,1332,0,60,0.00011412809299016647,0.0,0.771186440677966
hist_gb,1333,0,61,0.0020718380980899896,0.0,0.2627118644067796
hist_gb,1334,0,61,0.0020718380980899896,0.0,0.2627118644067796
hist_gb,1335,0,62,0.002054686072749861,0.0,0.21610169491525422
hist_gb,1336,0,62,0.002054686072749861,0.0,0.21610169491525422
hist_gb,1337,0,63,0.0004472379551615101,0.0,0.4364406779661017
hist_gb,1338,0,63,0.0004472379551615101,0.0,0.4364406779661017
hist_gb,1339,0,64,0.005080545704014391,0.0,0.13559322033898305
hist_gb,1340,0,64,0.005080545704014391,0.0,0.13559322033898305
hist_gb,1341,0,65,0.0003813867551413084,0.0,0.4533898305084746
hist_gb,1342,0,65,0.0003813867551413084,0.0,0.4533898305084746
hist_gb,1343,0,66,0.0005858597711912968,0.0,0.4048924654607606
hist_gb,1344,0,66,0.0005858597711912968,0.0,0.4048924654607606
hist_gb,1345,0,67,0.0025483906560309906,0.0,0.2533114940891611
hist_gb,1346,0,67,0.0025483906560309906,0.0,0.2533114940891611
hist_gb,1347,1,68,1.8314790142718223e-05,0.0,0.9281797464748611
hist_gb,1348,0,68,1.8314790142718223e-05,0.0,0.9281797464748611
hist_gb,1349,0,69,0.0009464308561445084,0.0,0.48532972511038314
hist_gb,1350,0,69,0.0009464308561445084,0.0,0.48532972511038314
hist_gb,1351,0,70,0.00045132626951866134,0.0,0.597457627118644
hist_gb,1352,0,71,0.015433608685405614,0.2,0.11390827517447658
hist_gb,1353,0,70,0.00045132626951866134,0.0,0.597457627118644
hist_gb,1354,0,71,0.015433608685405614,0.2,0.11390827517447658
hist_gb,1355,0,72,0.00041600335608575807,0.0,0.4345178749465888
hist_gb,1356,0,72,0.00041600335608575807,0.0,0.4345178749465888
hist_gb,1357,0,73,0.0027404894553952155,0.1,0.3249893177610027
hist_gb,1358,0,73,0.0027404894553952155,0.1,0.3249893177610027
hist_gb,1359,0,74,0.010778806801497048,0.1,0.08898305084745763
hist_gb,1360,0,74,0.010778806801497048,0.1,0.08898305084745763
hist_gb,1361,0,75,0.005033129856376451,0.0,0.17647058823529413
hist_gb,1362,0,75,0.005033129856376451,0.0,0.17647058823529413
hist_gb,1363,0,76,0.009827707224715413,0.3,0.12220481412904144
hist_gb,1364,0,76,0.009827707224715413,0.3,0.12220481412904144
hist_gb,1365,0,77,4.6470629265439764e-05,0.0,0.8050847457627119
hist_gb,1366,0,77,4.6470629265439764e-05,0.0,0.8050847457627119
hist_gb,1367,0,78,7.342554362385495e-05,0.0,0.7341546788206808
hist_gb,1368,0,78,7.342554362385495e-05,0.0,0.7341546788206808
hist_gb,1369,0,79,0.0030637207497898507,0.0,0.4915254237288136
hist_gb,1370,0,79,0.0030637207497898507,0.0,0.4915254237288136
hist_gb,1371,1,80,0.00011632178681724786,0.0,0.6483050847457628
hist_gb,1372,0,80,0.00011632178681724786,0.0,0.6483050847457628
hist_gb,1373,0,81,0.00013043026842542735,0.0,0.5906566016237003
hist_gb,1374,0,81,0.00013043026842542735,0.0,0.5906566016237003
hist_gb,1375,0,82,7.475022463390544e-05,0.0,0.7638513032331576
hist_gb,1376,0,82,7.475022463390544e-05,0.0,0.7638513032331576
hist_gb,1377,0,83,0.02433040454299449,0.4,0.029661016949152543
hist_gb,1378,0,83,0.02433040454299449,0.4,0.029661016949152543
hist_gb,1379,0,84,0.007998161253540647,0.0,0.08015239994302806
hist_gb,1380,0,84,0.007998161253540647,0.0,0.08015239994302806
hist_gb,1381,1,85,0.012366316876274576,0.1,0.06331006979062812
hist_gb,1382,0,85,0.012366316876274576,0.1,0.06331006979062812
hist_gb,1383,0,86,9.344536617942719e-05,0.0,0.7584745762711864
hist_gb,1384,0,86,9.344536617942719e-05,0.0,0.7584745762711864
hist_gb,1385,0,87,6.490439217419209e-05,0.0,0.7173123486682809
hist_gb,1386,0,87,6.490439217419209e-05,0.0,0.7173123486682809
hist_gb,1387,0,88,0.009751893074140098,0.3,0.1271186440677966
hist_gb,1388,0,88,0.009751893074140098,0.3,0.1271186440677966
hist_gb,1389,0,89,9.170926762217796e-05,0.0,0.7542372881355932
hist_gb,1390,0,89,9.170926762217796e-05,0.0,0.7542372881355932
hist_gb,1391,0,90,4.8205495465225004e-05,0.0,0.7627118644067796
hist_gb,1392,0,90,4.8205495465225004e-05,0.0,0.7627118644067796
hist_gb,1393,0,91,0.004105328687655811,0.0,0.2033898305084746
hist_gb,1394,0,91,0.004105328687655811,0.0,0.2033898305084746
hist_gb,1395,0,92,0.0009525321274809213,0.0,0.2796610169491526
hist_gb,1396,0,92,0.0009525321274809213,0.0,0.2796610169491526
hist_gb,1397,0,93,0.000770452774745404,0.0,0.364406779661017
hist_gb,1398,0,93,0.000770452774745404,0.0,0.364406779661017
hist_gb,1399,0,94,0.03466514934247817,0.4,0.0337202677681242
hist_gb,1400,0,94,0.03466514934247817,0.4,0.0337202677681242
hist_gb,1401,0,95,0.008014667118075738,0.1,0.0847457627118644
hist_gb,1402,0,95,0.008014667118075738,0.1,0.0847457627118644
hist_gb,1403,0,96,0.001896985167895518,0.0,0.211864406779661
hist_gb,1404,0,96,0.001896985167895518,0.0,0.211864406779661
hist_gb,1405,0,97,0.000537371929859454,0.0,0.5338983050847458
hist_gb,1406,0,97,0.000537371929859454,0.0,0.5338983050847458
hist_gb,1407,0,98,0.024962203578288558,0.2,0.0805084745762712
hist_gb,1408,0,98,0.024962203578288558,0.2,0.0805084745762712
hist_gb,1409,0,99,0.012219449193960539,0.2,0.1610169491525424
hist_gb,1410,0,99,0.012219449193960539,0.2,0.1610169491525424
hist_gb,1411,0,100,0.0011639069484155017,0.0,0.326271186440678
hist_gb,1412,0,100,0.0011639069484155017,0.0,0.326271186440678
hist_gb,1413,0,101,0.002460398411314269,0.0,0.2033898305084746
hist_gb,1414,0,101,0.002460398411314269,0.0,0.2033898305084746
hist_gb,1415,1,102,0.0011525291113930875,0.0,0.4621848739495798
hist_gb,1416,0,102,0.0011525291113930875,0.0,0.4621848739495798
hist_gb,1417,0,103,0.0217006514147426,0.3,0.07203389830508475
hist_gb,1418,0,103,0.0217006514147426,0.3,0.07203389830508475
hist_gb,1419,0,104,0.00012248387320453743,0.0,0.7161016949152542
hist_gb,1420,0,104,0.00012248387320453743,0.0,0.7161016949152542
hist_gb,1421,0,105,0.0014172112111646,0.0,0.2796610169491525
hist_gb,1422,0,105,0.0014172112111646,0.0,0.2796610169491525
hist_gb,1423,0,106,2.008065082945617e-05,0.0,0.9491525423728814
hist_gb,1424,0,106,2.008065082945617e-05,0.0,0.9491525423728814
hist_gb,1425,0,107,0.0008536744059582194,0.0,0.37555191568152685
hist_gb,1426,0,107,0.0008536744059582194,0.0,0.37555191568152685
hist_gb,1427,0,108,0.00932642668730635,0.2,0.1906779661016949
hist_gb,1428,0,108,0.00932642668730635,0.2,0.1906779661016949
hist_gb,1429,0,109,0.00011288436604105978,0.0,0.6186440677966102
hist_gb,1430,0,109,0.00011288436604105978,0.0,0.6186440677966102
hist_gb,1431,0,110,0.00969074157749059,0.0,0.0635593220338983
hist_gb,1432,0,110,0.00969074157749059,0.0,0.0635593220338983
hist_gb,1433,0,111,0.004571002872197988,0.0,0.09703033755875232
hist_gb,1434,0,111,0.004571002872197988,0.0,0.09703033755875232
hist_gb,1435,0,112,0.002868437873685513,0.0,0.2288135593220339
hist_gb,1436,0,112,0.002868437873685513,0.0,0.2288135593220339
hist_gb,1437,0,113,0.0008390654474989262,0.0,0.47667711152257514
hist_gb,1438,0,113,0.0008390654474989262,0.0,0.47667711152257514
hist_gb,1439,0,114,0.0002635725771757059,0.0,0.5714285714285714
hist_gb,1440,0,114,0.0002635725771757059,0.0,0.5714285714285714
hist_gb,1441,0,115,2.8154755275122116e-05,0.0,0.8940677966101696
hist_gb,1442,0,115,2.8154755275122116e-05,0.0,0.8940677966101696
hist_gb,1443,0,116,0.000845202189365242,0.0,0.3728813559322034
hist_gb,1444,0,116,0.000845202189365242,0.0,0.3728813559322034
hist_gb,1445,0,117,0.0001634629710042384,0.0,0.7796610169491526
hist_gb,1446,0,117,0.0001634629710042384,0.0,0.7796610169491526
hist_gb,1447,0,118,0.0019392690537201902,0.0,0.288135593220339
hist_gb,1448,0,118,0.0019392690537201902,0.0,0.288135593220339
hist_gb,1449,0,119,0.0010191714038119601,0.0,0.2966101694915254
hist_gb,1450,0,119,0.0010191714038119601,0.0,0.2966101694915254
hist_gb,1451,0,120,0.006573307669826242,0.0,0.1398305084745763
hist_gb,1452,0,120,0.006573307669826242,0.0,0.1398305084745763
hist_gb,1453,0,121,0.00727182572175059,0.0,0.0635593220338983
hist_gb,1454,0,121,0.00727182572175059,0.0,0.0635593220338983
hist_gb,1455,1,122,0.0003139319345919498,0.0,0.5023144851160803
hist_gb,1456,0,122,0.0003139319345919498,0.0,0.5023144851160803
hist_gb,1457,0,123,0.00019560271640331315,0.0,0.4957627118644068
hist_gb,1458,0,123,0.00019560271640331315,0.0,0.4957627118644068
hist_gb,1459,0,124,5.9675920868072016e-05,0.0,0.8177966101694916
hist_gb,1460,0,124,5.9675920868072016e-05,0.0,0.8177966101694916
hist_gb,1461,0,125,3.918998143727339e-05,0.0,0.8389830508474576
hist_gb,1462,0,125,3.918998143727339e-05,0.0,0.8389830508474576
hist_gb,1463,0,126,0.00017623441803933497,0.0,0.711864406779661
hist_gb,1464,0,126,0.00017623441803933497,0.0,0.711864406779661
hist_gb,1465,0,127,6.392687128180064e-05,0.0,0.7923728813559322
hist_gb,1466,0,127,6.392687128180064e-05,0.0,0.7923728813559322
hist_gb,1467,0,128,0.0024506460706890452,0.0,0.211864406779661
hist_gb,1468,0,128,0.0024506460706890452,0.0,0.211864406779661
hist_gb,1469,0,129,0.00029766385557364404,0.0,0.5484973650477141
hist_gb,1470,0,129,0.00029766385557364404,0.0,0.5484973650477141
hist_gb,1471,0,130,0.0006073928899929021,0.0,0.38983050847457623
hist_gb,1472,0,130,0.0006073928899929021,0.0,0.38983050847457623
hist_gb,1473,0,131,0.03568222655909152,0.6,0.01694915254237288
hist_gb,1474,0,131,0.03568222655909152,0.6,0.01694915254237288
hist_gb,1475,0,132,0.000512558997930935,0.0,0.4406779661016949
hist_gb,1476,0,132,0.000512558997930935,0.0,0.4406779661016949
hist_gb,1477,0,133,0.00019589175175206857,0.0,0.5677966101694916
hist_gb,1478,0,133,0.00019589175175206857,0.0,0.5677966101694916
hist_gb,1479,0,134,0.005587937801199237,0.1,0.1181811707733941
hist_gb,1480,0,134,0.005587937801199237,0.1,0.1181811707733941
hist_gb,1481,0,135,0.001656834311882562,0.0,0.3079689502919812
hist_gb,1482,0,135,0.001656834311882562,0.0,0.3079689502919812
hist_gb,1483,0,136,0.0009273769946711918,0.0,0.3389830508474576
hist_gb,1484,0,136,0.0009273769946711918,0.0,0.3389830508474576
hist_gb,1485,0,137,0.007722648153459193,0.0,0.16450648055832504
hist_gb,1486,0,137,0.007722648153459193,0.0,0.16450648055832504
hist_gb,1487,0,138,0.00017768064059965605,0.0,0.673728813559322
hist_gb,1488,0,138,0.00017768064059965605,0.0,0.673728813559322
hist_gb,1489,0,139,0.0009170268825022509,0.0,0.36016949152542377
hist_gb,1490,0,139,0.0009170268825022509,0.0,0.36016949152542377
hist_gb,1491,0,140,0.02845908709430452,0.4,0.029661016949152543
hist_gb,1492,0,140,0.02845908709430452,0.4,0.029661016949152543
hist_gb,1493,0,141,0.0043005594764296195,0.0,0.13933200398803589
hist_gb,1494,0,141,0.0043005594764296195,0.0,0.13933200398803589
hist_gb,1495,0,142,0.002710329459868518,0.0,0.1906779661016949
hist_gb,1496,0,142,0.002710329459868518,0.0,0.1906779661016949
hist_gb,1497,0,143,0.0005972435666852986,0.0,0.5021364477994588
hist_gb,1498,0,143,0.0005972435666852986,0.0,0.5021364477994588
hist_gb,1499,0,144,0.007075880060762825,0.1,0.09322033898305085
hist_gb,1500,0,144,0.007075880060762825,0.1,0.09322033898305085
hist_gb,1501,0,145,0.007173286979612961,0.1,0.22457627118644066
hist_gb,1502,0,145,0.007173286979612961,0.1,0.22457627118644066
hist_gb,1503,0,146,7.065299250540558e-05,0.0,0.6864406779661016
hist_gb,1504,0,146,7.065299250540558e-05,0.0,0.6864406779661016
hist_gb,1505,0,147,0.0016890504478598994,0.0,0.23728813559322035
hist_gb,1506,0,147,0.0016890504478598994,0.0,0.23728813559322035
hist_gb,1507,0,148,8.588530522249971e-05,0.0,0.7203389830508474
hist_gb,1508,0,148,8.588530522249971e-05,0.0,0.7203389830508474
hist_gb,1509,0,149,0.004531104708856941,0.0,0.11864406779661017
hist_gb,1510,0,149,0.004531104708856941,0.0,0.11864406779661017
hist_gb,1511,1,150,0.039585302400372585,0.6,0.012711864406779662
hist_gb,1512,0,150,0.039585302400372585,0.6,0.012711864406779662
hist_gb,1513,0,151,0.00033220423407621095,0.0,0.48305084745762716
hist_gb,1514,0,151,0.00033220423407621095,0.0,0.48305084745762716
hist_gb,1515,1,152,0.006791154815032091,0.3,0.11390827517447658
hist_gb,1516,0,152,0.006791154815032091,0.3,0.11390827517447658
hist_gb,1517,0,153,0.0009215349254274807,0.0,0.5107178464606181
hist_gb,1518,0,153,0.0009215349254274807,0.0,0.5107178464606181
hist_gb,1519,0,154,0.0008226226749292371,0.0,0.4110169491525424
hist_gb,1520,0,154,0.0008226226749292371,0.0,0.4110169491525424
hist_gb,1521,1,155,0.0004317479899433894,0.0,0.3983050847457627
hist_gb,1522,0,155,0.0004317479899433894,0.0,0.3983050847457627
hist_gb,1523,0,156,0.026485709819791516,0.2,0.07627118644067797
hist_gb,1524,0,156,0.026485709819791516,0.2,0.07627118644067797
hist_gb,1525,0,157,9.798729635904731e-06,0.0,0.9745762711864406
hist_gb,1526,0,157,9.798729635904731e-06,0.0,0.9745762711864406
hist_gb,1527,0,158,0.06473850040075968,0.7,0.00847457627118644
hist_gb,1528,0,158,0.06473850040075968,0.7,0.00847457627118644
hist_gb,1529,0,159,0.00010280330328597195,0.0,0.711864406779661
hist_gb,1530,0,159,0.00010280330328597195,0.0,0.711864406779661
hist_gb,1531,0,160,0.0004245370816368405,0.0,0.5720338983050848
hist_gb,1532,0,160,0.0004245370816368405,0.0,0.5720338983050848
hist_gb,1533,1,161,0.0004978522032771817,0.0,0.4745762711864407
hist_gb,1534,0,161,0.0004978522032771817,0.0,0.4745762711864407
hist_gb,1535,0,162,0.01197621806655371,0.2,0.07627118644067797
hist_gb,1536,0,162,0.01197621806655371,0.2,0.07627118644067797
hist_gb,1537,0,163,4.3025629461368915e-05,0.0,0.7838983050847457
hist_gb,1538,0,163,4.3025629461368915e-05,0.0,0.7838983050847457
hist_gb,1539,0,164,0.00018794709823669593,0.0,0.6202820111095286
hist_gb,1540,0,164,0.00018794709823669593,0.0,0.6202820111095286
hist_gb,1541,0,165,0.0002864907068553852,0.0,0.5654109101267626
hist_gb,1542,0,165,0.0002864907068553852,0.0,0.5654109101267626
hist_gb,1543,0,166,0.0017635637052942868,0.0,0.2870673693206096
hist_gb,1544,0,166,0.0017635637052942868,0.0,0.2870673693206096
hist_gb,1545,0,167,0.03298736314488855,0.5,0.03389830508474576
hist_gb,1546,0,167,0.03298736314488855,0.5,0.03389830508474576
hist_gb,1547,0,168,0.009366282287365215,0.0,0.18907563025210083
hist_gb,1548,0,168,0.009366282287365215,0.0,0.18907563025210083
hist_gb,1549,0,169,0.00017280297291906893,0.0,0.7427716849451645
hist_gb,1550,0,169,0.00017280297291906893,0.0,0.7427716849451645
hist_gb,1551,0,170,0.00018501859173700093,0.0,0.652542372881356
hist_gb,1552,0,170,0.00018501859173700093,0.0,0.652542372881356
hist_gb,1553,0,171,0.006769366836638452,0.2,0.1440677966101695
hist_gb,1554,0,171,0.006769366836638452,0.2,0.1440677966101695
hist_gb,1555,0,172,6.287172102058913e-05,0.0,0.7457627118644068
hist_gb,1556,0,172,6.287172102058913e-05,0.0,0.7457627118644068
hist_gb,1557,1,173,0.011001677981707831,0.0,0.05084745762711865
hist_gb,1558,0,173,0.011001677981707831,0.0,0.05084745762711865
hist_gb,1559,0,174,0.007275913720665402,0.1,0.1822033898305085
hist_gb,1560,0,174,0.007275913720665402,0.1,0.1822033898305085
hist_gb,1561,0,175,0.0018550454411490462,0.0,0.3813559322033898
hist_gb,1562,0,175,0.0018550454411490462,0.0,0.3813559322033898
hist_gb,1563,0,176,9.105061174509663e-05,0.0,0.75
hist_gb,1564,0,176,9.105061174509663e-05,0.0,0.75
hist_gb,1565,0,177,0.0009964191081509306,0.0,0.31779661016949157
hist_gb,1566,0,177,0.0009964191081509306,0.0,0.31779661016949157
hist_gb,1567,0,178,0.019384340098513256,0.4,0.025316906423586385
hist_gb,1568,0,178,0.019384340098513256,0.4,0.025316906423586385
hist_gb,1569,0,179,0.0011157907315692088,0.0,0.44067796610169496
hist_gb,1570,0,179,0.0011157907315692088,0.0,0.44067796610169496
hist_gb,1571,0,180,0.0012339117359717996,0.0,0.3686440677966102
hist_gb,1572,0,180,0.0012339117359717996,0.0,0.3686440677966102
hist_gb,1573,0,181,0.000939661369885308,0.0,0.38983050847457623
hist_gb,1574,0,181,0.000939661369885308,0.0,0.38983050847457623
hist_gb,1575,0,182,0.0011005544185605303,0.0,0.2923728813559322
hist_gb,1576,0,182,0.0011005544185605303,0.0,0.2923728813559322
hist_gb,1577,0,183,0.007437010106850865,0.1,0.1059322033898305
hist_gb,1578,0,183,0.007437010106850865,0.1,0.1059322033898305
hist_gb,1579,0,184,0.0005713417095292481,0.0,0.43045862412761715
hist_gb,1580,0,184,0.0005713417095292481,0.0,0.43045862412761715
hist_gb,1581,0,185,0.0010504714790264028,0.0,0.3220338983050848
hist_gb,1582,0,185,0.0010504714790264028,0.0,0.3220338983050848
hist_gb,1583,0,186,0.0020161726346038023,0.0,0.23728813559322032
hist_gb,1584,0,186,0.0020161726346038023,0.0,0.23728813559322032
hist_gb,1585,0,187,7.372129256222866e-05,0.0,0.711864406779661
hist_gb,1586,0,187,7.372129256222866e-05,0.0,0.711864406779661
hist_gb,1587,0,188,2.3063970013377092e-05,0.0,0.9152542372881356
hist_gb,1588,0,188,2.3063970013377092e-05,0.0,0.9152542372881356
hist_gb,1589,0,189,0.0016354912002212382,0.0,0.35051986896453496
hist_gb,1590,0,189,0.0016354912002212382,0.0,0.35051986896453496
hist_gb,1591,0,190,0.0003480697930911386,0.0,0.5932203389830508
hist_gb,1592,0,190,0.0003480697930911386,0.0,0.5932203389830508
hist_gb,1593,0,191,1.2446685891922129e-05,0.0,0.9491525423728813
hist_gb,1594,0,191,1.2446685891922129e-05,0.0,0.9491525423728813
hist_gb,1595,0,192,0.00031071647389983463,0.0,0.519014385415183
hist_gb,1596,0,192,0.00031071647389983463,0.0,0.519014385415183
hist_gb,1597,0,193,0.0008212347238848508,0.0,0.6016949152542372
hist_gb,1598,0,193,0.0008212347238848508,0.0,0.6016949152542372
hist_gb,1599,0,194,0.00020948139284770252,0.0,0.5950007121492665
hist_gb,1600,0,194,0.00020948139284770252,0.0,0.5950007121492665
hist_gb,1601,0,195,0.0003567806095001511,0.0,0.5168067226890756
hist_gb,1602,0,195,0.0003567806095001511,0.0,0.5168067226890756
hist_gb,1603,0,196,0.0013249181816213226,0.0,0.4093433983762996
hist_gb,1604,0,196,0.0013249181816213226,0.0,0.4093433983762996
hist_gb,1605,0,197,6.516979573712987e-05,0.0,0.7627118644067796
hist_gb,1606,0,197,6.516979573712987e-05,0.0,0.7627118644067796
hist_gb,1607,0,198,0.00022206802032845107,0.0,0.6652542372881356
hist_gb,1608,0,198,0.00022206802032845107,0.0,0.6652542372881356
hist_gb,1609,0,199,0.00014441743360940496,0.0,0.5254237288135594
hist_gb,1610,0,199,0.00014441743360940496,0.0,0.5254237288135594
hist_gb,1611,0,200,3.785278223967901e-05,0.0,0.8135593220338984
hist_gb,1612,0,200,3.785278223967901e-05,0.0,0.8135593220338984
hist_gb,1613,0,201,0.002615204308205303,0.0,0.3037672696197123
hist_gb,1614,0,201,0.002615204308205303,0.0,0.3037672696197123
hist_gb,1615,0,202,2.046977556770228e-05,0.0,0.902542372881356
hist_gb,1616,0,202,2.046977556770228e-05,0.0,0.902542372881356
hist_gb,1617,0,203,0.00011223453355006789,0.0,0.6694915254237288
hist_gb,1618,1,203,0.00011223453355006789,0.0,0.6694915254237288
hist_gb,1619,0,204,0.006234167917709215,0.0,0.13559322033898305
hist_gb,1620,0,204,0.006234167917709215,0.0,0.13559322033898305
hist_gb,1621,1,205,0.002399991094939094,0.0,0.21610169491525422
hist_gb,1622,0,205,0.002399991094939094,0.0,0.21610169491525422
hist_gb,1623,0,206,6.562562308507877e-05,0.0,0.7468665432274605
hist_gb,1624,0,206,6.562562308507877e-05,0.0,0.7468665432274605
hist_gb,1625,0,207,0.012369612951219217,0.1,0.1059322033898305
hist_gb,1626,0,207,0.012369612951219217,0.1,0.1059322033898305
hist_gb,1627,0,208,1.3230062250577576e-05,0.0,0.9662441247685515
hist_gb,1628,0,208,1.3230062250577576e-05,0.0,0.9662441247685515
hist_gb,1629,0,209,0.00018433884533528876,0.0,0.576271186440678
hist_gb,1630,0,209,0.00018433884533528876,0.0,0.576271186440678
hist_gb,1631,0,210,0.0002635402372933069,0.0,0.538135593220339
hist_gb,1632,0,210,0.0002635402372933069,0.0,0.538135593220339
hist_gb,1633,0,211,0.0011505244892940215,0.0,0.4322033898305085
hist_gb,1634,0,211,0.0011505244892940215,0.0,0.4322033898305085
hist_gb,1635,0,212,0.0028861659503064798,0.0,0.1610169491525424
hist_gb,1636,0,212,0.0028861659503064798,0.0,0.1610169491525424
hist_gb,1637,0,213,0.000276349241231998,0.0,0.5443312918387694
hist_gb,1638,0,213,0.000276349241231998,0.0,0.5443312918387694
hist_gb,1639,0,214,0.0021182662110447808,0.0,0.21531833072211937
hist_gb,1640,0,214,0.0021182662110447808,0.0,0.21531833072211937
hist_gb,1641,0,215,7.861092831491303e-05,0.0,0.8135593220338984
hist_gb,1642,0,215,7.861092831491303e-05,0.0,0.8135593220338984
hist_gb,1643,0,216,0.00012579832314684133,0.0,0.8396239851872953
hist_gb,1644,0,216,0.00012579832314684133,0.0,0.8396239851872953
hist_gb,1645,0,217,0.00041396547580460836,0.0,0.521186440677966
hist_gb,1646,0,217,0.00041396547580460836,0.0,0.521186440677966
hist_gb,1647,0,218,0.018925037629706758,0.4,0.03799316336704173
hist_gb,1648,0,218,0.018925037629706758,0.4,0.03799316336704173
hist_gb,1649,0,219,0.0007085053033413401,0.0,0.31662156387978924
hist_gb,1650,0,219,0.0007085053033413401,0.0,0.31662156387978924
hist_gb,1651,0,220,1.4878735267515857e-05,0.0,0.9110169491525424
hist_gb,1652,0,220,1.4878735267515857e-05,0.0,0.9110169491525424
hist_gb,1653,0,221,6.0951307626705325e-05,0.0,0.6596638655462185
hist_gb,1654,0,221,6.0951307626705325e-05,0.0,0.6596638655462185
hist_gb,1655,0,222,0.0003012569173516974,0.0,0.4491525423728814
hist_gb,1656,0,222,0.0003012569173516974,0.0,0.4491525423728814
hist_gb,1657,0,223,0.0002355759014088886,0.0,0.6412548070075488
hist_gb,1658,0,223,0.0002355759014088886,0.0,0.6412548070075488
hist_gb,1659,0,224,0.0002453071217766825,0.0,0.5550847457627119
hist_gb,1660,0,224,0.0002453071217766825,0.0,0.5550847457627119
hist_gb,1661,0,225,0.0005006850825040168,0.0,0.4851872952570859
hist_gb,1662,0,225,0.0005006850825040168,0.0,0.4851872952570859
hist_gb,1663,0,226,7.478382497875194e-05,0.0,0.7203389830508474
hist_gb,1664,0,226,7.478382497875194e-05,0.0,0.7203389830508474
hist_gb,1665,0,227,6.938588268612919e-05,0.0,0.7203389830508474
hist_gb,1666,0,227,6.938588268612919e-05,0.0,0.7203389830508474
hist_gb,1667,0,228,3.397986811727413e-05,0.0,0.8650833214641789
hist_gb,1668,0,228,3.397986811727413e-05,0.0,0.8650833214641789
hist_gb,1669,0,229,0.002147471333773282,0.0,0.39915966386554624
hist_gb,1670,0,229,0.002147471333773282,0.0,0.39915966386554624
hist_gb,1671,0,230,6.295887899736024e-05,0.0,0.7542372881355932
hist_gb,1672,0,230,6.295887899736024e-05,0.0,0.7542372881355932
hist_gb,1673,0,231,0.000734829175288858,0.0,0.47457627118644063
hist_gb,1674,1,231,0.000734829175288858,0.0,0.47457627118644063
hist_gb,1675,0,232,0.0006909032246276655,0.0,0.5635593220338984
hist_gb,1676,0,232,0.0006909032246276655,0.0,0.5635593220338984
hist_gb,1677,0,233,0.00038869943340963246,0.0,0.4830508474576271
hist_gb,1678,0,233,0.00038869943340963246,0.0,0.4830508474576271
hist_gb,1679,0,234,0.004217154785980894,0.0,0.13559322033898305
hist_gb,1680,0,234,0.004217154785980894,0.0,0.13559322033898305
hist_gb,1681,0,235,0.000575453544387433,0.0,0.461864406779661
hist_gb,1682,0,235,0.000575453544387433,0.0,0.461864406779661
hist_gb,1683,0,236,0.0015088135814079607,0.0,0.2923728813559322
hist_gb,1684,0,236,0.0015088135814079607,0.0,0.2923728813559322
hist_gb,1685,0,237,0.0010097105581074156,0.0,0.45556188577125767
hist_gb,1686,0,237,0.0010097105581074156,0.0,0.45556188577125767
hist_gb,1687,0,238,0.00011481955556817932,0.0,0.7542372881355932
hist_gb,1688,0,238,0.00011481955556817932,0.0,0.7542372881355932
hist_gb,1689,0,239,0.00081632249955782,0.0,0.3547927645634525
hist_gb,1690,0,239,0.00081632249955782,0.0,0.3547927645634525
hist_gb,1691,0,240,0.0004396248801881715,0.0,0.5696481982623558
hist_gb,1692,0,240,0.0004396248801881715,0.0,0.5696481982623558
hist_gb,1693,0,241,0.0002034505267042029,0.0,0.5932203389830508
hist_gb,1694,0,241,0.0002034505267042029,0.0,0.5932203389830508
hist_gb,1695,0,242,9.698559949105846e-05,0.0,0.7330508474576272
hist_gb,1696,0,242,9.698559949105846e-05,0.0,0.7330508474576272
hist_gb,1697,0,243,0.0026006879139823485,0.0,0.17796610169491525
hist_gb,1698,0,243,0.0026006879139823485,0.0,0.17796610169491525
hist_gb,1699,0,244,0.0005755774994502216,0.0,0.51502634952286
hist_gb,1700,0,244,0.0005755774994502216,0.0,0.51502634952286
hist_gb,1701,0,245,7.838206099092642e-05,0.0,0.8692137872097991
hist_gb,1702,0,245,7.838206099092642e-05,0.0,0.8692137872097991
hist_gb,1703,0,246,0.00010756447008665781,0.0,0.7372881355932204
hist_gb,1704,0,246,0.00010756447008665781,0.0,0.7372881355932204
hist_gb,1705,0,247,4.4474147129791865e-05,0.0,0.8008474576271187
hist_gb,1706,0,247,4.4474147129791865e-05,0.0,0.8008474576271187
hist_gb,1707,0,248,0.00015567188362500115,0.0,0.7549138299387552
hist_gb,1708,0,249,3.147426302049741e-05,0.0,0.8487394957983194
hist_gb,1709,0,249,3.147426302049741e-05,0.0,0.8487394957983194
hist_gb,1710,0,248,0.00015567188362500115,0.0,0.7549138299387552
hist_gb,1711,0,250,0.00034091241106370355,0.0,0.673728813559322
hist_gb,1712,0,250,0.00034091241106370355,0.0,0.673728813559322
hist_gb,1713,0,251,2.3330399948715875e-05,0.0,0.9364406779661016
hist_gb,1714,0,252,0.00014116314238424912,0.0,0.7627118644067796
hist_gb,1715,0,252,0.00014116314238424912,0.0,0.7627118644067796
hist_gb,1716,0,251,2.3330399948715875e-05,0.0,0.9364406779661016
hist_gb,1717,0,253,0.00047079496819754684,0.0,0.3983050847457627
hist_gb,1718,0,253,0.00047079496819754684,0.0,0.3983050847457627
hist_gb,1719,0,254,0.0004080376348990984,0.0,0.4491525423728814
hist_gb,1720,0,255,6.450111709731116e-05,0.0,0.7469021506907847
hist_gb,1721,0,254,0.0004080376348990984,0.0,0.4491525423728814
hist_gb,1722,0,255,6.450111709731116e-05,0.0,0.7469021506907847
hist_gb,1723,0,256,8.957428504597826e-05,0.0,0.6949152542372881
hist_gb,1724,0,256,8.957428504597826e-05,0.0,0.6949152542372881
hist_gb,1725,0,257,0.0015499180933211032,0.0,0.2993875516308218
hist_gb,1726,0,257,0.0015499180933211032,0.0,0.2993875516308218
hist_gb,1727,0,258,0.0001363946795661541,0.0,0.654037886340977
hist_gb,1728,0,258,0.0001363946795661541,0.0,0.654037886340977
hist_gb,1729,0,259,0.004398855733603975,0.0,0.24152542372881355
hist_gb,1730,0,259,0.004398855733603975,0.0,0.24152542372881355
hist_gb,1731,0,260,0.0009498111355105965,0.0,0.5169491525423728
hist_gb,1732,0,260,0.0009498111355105965,0.0,0.5169491525423728
hist_gb,1733,0,261,5.876667096122583e-05,0.0,0.7203389830508475
hist_gb,1734,0,261,5.876667096122583e-05,0.0,0.7203389830508475
hist_gb,1735,0,262,3.485774351384375e-05,0.0,0.8102478279447372
hist_gb,1736,0,262,3.485774351384375e-05,0.0,0.8102478279447372
hist_gb,1737,0,263,0.00041433136745944014,0.0,0.4491525423728814
hist_gb,1738,0,263,0.00041433136745944014,0.0,0.4491525423728814
hist_gb,1739,0,264,2.294722451921722e-05,0.0,0.907100128186868
hist_gb,1740,0,264,2.294722451921722e-05,0.0,0.907100128186868
hist_gb,1741,0,265,4.797307929036827e-05,0.0,0.819327731092437
hist_gb,1742,0,265,4.797307929036827e-05,0.0,0.819327731092437
hist_gb,1743,0,266,0.002610212615666241,0.0,0.2076271186440678
hist_gb,1744,0,266,0.002610212615666241,0.0,0.2076271186440678
hist_gb,1745,0,267,0.0005367810042211218,0.0,0.4576271186440678
hist_gb,1746,0,267,0.0005367810042211218,0.0,0.4576271186440678
hist_gb,1747,0,268,4.940601751191455e-05,0.0,0.8177966101694916
hist_gb,1748,0,268,4.940601751191455e-05,0.0,0.8177966101694916
hist_gb,1749,0,269,0.00016311081119551088,0.0,0.7542372881355932
hist_gb,1750,0,269,0.00016311081119551088,0.0,0.7542372881355932
hist_gb,1751,0,270,0.000498271580339044,0.0,0.5466101694915254
hist_gb,1752,0,270,0.000498271580339044,0.0,0.5466101694915254
hist_gb,1753,0,271,0.00011167865667307416,0.0,0.711864406779661
hist_gb,1754,0,271,0.00011167865667307416,0.0,0.711864406779661
hist_gb,1755,0,272,0.0005311426734929633,0.0,0.3686440677966102
hist_gb,1756,0,272,0.0005311426734929633,0.0,0.3686440677966102
hist_gb,1757,0,273,0.014956033794837523,0.2,0.0635593220338983
hist_gb,1758,0,273,0.014956033794837523,0.2,0.0635593220338983
hist_gb,1759,0,274,0.00032650899237650566,0.0,0.46638655462184875
hist_gb,1760,0,274,0.00032650899237650566,0.0,0.46638655462184875
hist_gb,1761,1,275,0.0007485784427630367,0.0,0.4260789061387267
hist_gb,1762,0,275,0.0007485784427630367,0.0,0.4260789061387267
hist_gb,1763,0,276,0.006587043685336141,0.1,0.0927930494231591
hist_gb,1764,0,276,0.006587043685336141,0.1,0.0927930494231591
hist_gb,1765,0,277,0.0010060622649584357,0.0,0.364406779661017
hist_gb,1766,0,277,0.0010060622649584357,0.0,0.364406779661017
hist_gb,1767,0,278,0.0024626996292008603,0.0,0.1856217063096425
hist_gb,1768,0,278,0.0024626996292008603,0.0,0.1856217063096425
hist_gb,1769,0,279,0.0004214284412859326,0.0,0.5169491525423728
hist_gb,1770,0,279,0.0004214284412859326,0.0,0.5169491525423728
hist_gb,1771,0,280,6.242198421678123e-05,0.0,0.7669491525423728
hist_gb,1772,0,280,6.242198421678123e-05,0.0,0.7669491525423728
hist_gb,1773,0,281,0.0010665104968860823,0.0,0.3008474576271186
hist_gb,1774,0,281,0.0010665104968860823,0.0,0.3008474576271186
hist_gb,1775,0,282,0.0005581208781154088,0.0,0.39495798319327735
hist_gb,1776,0,282,0.0005581208781154088,0.0,0.39495798319327735
hist_gb,1777,0,283,0.008639593147887197,0.2,0.18576413616293974
hist_gb,1778,0,283,0.008639593147887197,0.2,0.18576413616293974
hist_gb,1779,0,284,0.00024044471459773502,0.0,0.5466101694915254
hist_gb,1780,0,284,0.00024044471459773502,0.0,0.5466101694915254
hist_gb,1781,0,285,5.545624441037477e-05,0.0,0.7796610169491525
hist_gb,1782,0,285,5.545624441037477e-05,0.0,0.7796610169491525
hist_gb,1783,0,286,2.1271378801110108e-05,0.0,0.8907563025210083
hist_gb,1784,0,286,2.1271378801110108e-05,0.0,0.8907563025210083
hist_gb,1785,0,287,0.0006835129065831726,0.0,0.41350947158524426
hist_gb,1786,0,287,0.0006835129065831726,0.0,0.41350947158524426
hist_gb,1787,0,288,0.0003730445351788418,0.0,0.5550847457627118
hist_gb,1788,0,288,0.0003730445351788418,0.0,0.5550847457627118
hist_gb,1789,0,289,0.005338264696706832,0.0,0.16101694915254236
hist_gb,1790,0,290,0.0016278829859115817,0.0,0.288135593220339
hist_gb,1791,0,290,0.0016278829859115817,0.0,0.288135593220339
hist_gb,1792,0,289,0.005338264696706832,0.0,0.16101694915254236
hist_gb,1793,0,291,4.4118150796439965e-05,0.0,0.8567155675829654
hist_gb,1794,0,291,4.4118150796439965e-05,0.0,0.8567155675829654
hist_gb,1795,0,292,8.282007572599292e-05,0.0,0.7807648483122063
hist_gb,1796,0,292,8.282007572599292e-05,0.0,0.7807648483122063
hist_gb,1797,0,293,0.012694275748637702,0.1,0.059322033898305086
hist_gb,1798,0,293,0.012694275748637702,0.1,0.059322033898305086
hist_gb,1799,0,294,0.000905940608055115,0.0,0.3686440677966102
hist_gb,1800,0,294,0.000905940608055115,0.0,0.3686440677966102
hist_gb,1801,0,295,0.00032686853903146607,0.0,0.5230380287708304
hist_gb,1802,0,295,0.00032686853903146607,0.0,0.5230380287708304
hist_gb,1803,0,296,2.0504031287704038e-05,0.0,0.8686440677966102
hist_gb,1804,0,296,2.0504031287704038e-05,0.0,0.8686440677966102
hist_gb,1805,0,297,0.0004354201466635842,0.0,0.4364406779661017
hist_gb,1806,0,297,0.0004354201466635842,0.0,0.4364406779661017
hist_gb,1807,0,298,0.0002748360075600276,0.0,0.5169491525423728
hist_gb,1808,0,298,0.0002748360075600276,0.0,0.5169491525423728
hist_gb,1809,0,299,4.650728315289338e-05,0.0,0.8389830508474576
hist_gb,1810,0,299,4.650728315289338e-05,0.0,0.8389830508474576
hist_gb,1811,0,300,0.0003260174911285384,0.0,0.5610667996011964
hist_gb,1812,0,300,0.0003260174911285384,0.0,0.5610667996011964
hist_gb,1813,0,301,0.0005681222365055449,0.0,0.4558467454778522
hist_gb,1814,0,301,0.0005681222365055449,0.0,0.4558467454778522
hist_gb,1815,0,302,0.01024558370991118,0.2,0.1483050847457627
hist_gb,1816,0,302,0.01024558370991118,0.2,0.1483050847457627
hist_gb,1817,0,303,2.708224850052851e-05,0.0,0.8347457627118644
hist_gb,1818,0,303,2.708224850052851e-05,0.0,0.8347457627118644
hist_gb,1819,0,304,0.00032733163267057575,0.0,0.6428571428571428
hist_gb,1820,0,304,0.00032733163267057575,0.0,0.6428571428571428
hist_gb,1821,0,305,0.00903498721252675,0.1,0.0847457627118644
hist_gb,1822,0,305,0.00903498721252675,0.1,0.0847457627118644
hist_gb,1823,0,306,0.0004782351976412051,0.0,0.385593220338983
hist_gb,1824,0,306,0.0004782351976412051,0.0,0.385593220338983
hist_gb,1825,0,307,0.01861850683297105,0.3,0.04219484403931064
hist_gb,1826,0,307,0.01861850683297105,0.3,0.04219484403931064
hist_gb,1827,0,308,0.0006603752133595653,0.0,0.5550847457627119
hist_gb,1828,0,308,0.0006603752133595653,0.0,0.5550847457627119
hist_gb,1829,0,309,0.0036666534620796998,0.0,0.2966101694915254
hist_gb,1830,0,309,0.0036666534620796998,0.0,0.2966101694915254
hist_gb,1831,1,310,0.0066333060675112816,0.2,0.1652542372881356
hist_gb,1832,0,310,0.0066333060675112816,0.2,0.1652542372881356
hist_gb,1833,0,311,0.006292045038451571,0.0,0.10970659450220765
hist_gb,1834,0,311,0.006292045038451571,0.0,0.10970659450220765
hist_gb,1835,0,312,6.345923434479627e-05,0.0,0.7330508474576272
hist_gb,1836,0,312,6.345923434479627e-05,0.0,0.7330508474576272
hist_gb,1837,0,313,0.0010587488934524427,0.0,0.3347457627118644
hist_gb,1838,0,313,0.0010587488934524427,0.0,0.3347457627118644
hist_gb,1839,0,314,6.50666314216053e-05,0.0,0.788135593220339
hist_gb,1840,0,314,6.50666314216053e-05,0.0,0.788135593220339
hist_gb,1841,0,315,0.0027947749202727424,0.0,0.288135593220339
hist_gb,1842,0,315,0.0027947749202727424,0.0,0.288135593220339
hist_gb,1843,0,316,0.005224128161856075,0.0,0.17796610169491525
hist_gb,1844,0,316,0.005224128161856075,0.0,0.17796610169491525
hist_gb,1845,0,317,0.0056715094857594005,0.1,0.3305084745762712
hist_gb,1846,0,317,0.0056715094857594005,0.1,0.3305084745762712
hist_gb,1847,0,318,0.004746991752927987,0.1,0.409379005839624
hist_gb,1848,0,318,0.004746991752927987,0.1,0.409379005839624
hist_gb,1849,0,319,0.002443975737862655,0.0,0.25
hist_gb,1850,0,319,0.002443975737862655,0.0,0.25
hist_gb,1851,0,320,0.00028643554761525504,0.0,0.5611380145278451
hist_gb,1852,0,320,0.00028643554761525504,0.0,0.5611380145278451
hist_gb,1853,0,321,5.2364290661427424e-05,0.0,0.8353866970517021
hist_gb,1854,0,321,5.2364290661427424e-05,0.0,0.8353866970517021
hist_gb,1855,0,322,1.2629691650412815e-05,0.0,0.961971229169634
hist_gb,1856,0,322,1.2629691650412815e-05,0.0,0.961971229169634
hist_gb,1857,0,323,0.00011779936556960634,0.0,0.7245762711864407
hist_gb,1858,0,323,0.00011779936556960634,0.0,0.7245762711864407
hist_gb,1859,0,324,1.113479249253375e-05,0.0,0.9282865688648341
hist_gb,1860,0,324,1.113479249253375e-05,0.0,0.9282865688648341
hist_gb,1861,0,325,1.6814057602042695e-05,0.0,0.9364406779661016
hist_gb,1862,0,325,1.6814057602042695e-05,0.0,0.9364406779661016
hist_gb,1863,0,326,4.255477387828944e-05,0.0,0.8319327731092436
hist_gb,1864,0,326,4.255477387828944e-05,0.0,0.8319327731092436
hist_gb,1865,0,327,0.004421689242875054,0.0,0.29539951573849876
hist_gb,1866,0,327,0.004421689242875054,0.0,0.29539951573849876
hist_gb,1867,0,328,0.00010833817990060992,0.0,0.7796610169491526
hist_gb,1868,0,328,0.00010833817990060992,0.0,0.7796610169491526
hist_gb,1869,0,329,0.012995706828550058,0.3,0.04215923657598633
hist_gb,1870,0,329,0.012995706828550058,0.3,0.04215923657598633
hist_gb,1871,0,330,0.0054345671430863435,0.0,0.16464891041162227
hist_gb,1872,0,330,0.0054345671430863435,0.0,0.16464891041162227
hist_gb,1873,0,331,7.830439341909042e-06,0.0,0.9745762711864406
hist_gb,1874,0,331,7.830439341909042e-06,0.0,0.9745762711864406
hist_gb,1875,0,332,0.00042557963231853216,0.0,0.4788135593220339
hist_gb,1876,0,332,0.00042557963231853216,0.0,0.4788135593220339
hist_gb,1877,0,333,0.0031676055095143526,0.1,0.25
hist_gb,1878,0,333,0.0031676055095143526,0.1,0.25
hist_gb,1879,0,334,7.22791376712695e-05,0.0,0.8898305084745762
hist_gb,1880,0,334,7.22791376712695e-05,0.0,0.8898305084745762
hist_gb,1881,0,335,5.075085837029093e-05,0.0,0.902542372881356
hist_gb,1882,0,335,5.075085837029093e-05,0.0,0.902542372881356
hist_gb,1883,0,336,0.004720609802150339,0.1,0.19915254237288135
hist_gb,1884,0,336,0.004720609802150339,0.1,0.19915254237288135
hist_gb,1885,0,337,2.6463612716090752e-05,0.0,0.8898305084745763
hist_gb,1886,0,337,2.6463612716090752e-05,0.0,0.8898305084745763
hist_gb,1887,0,338,0.001008152285883982,0.0,0.32068081469876086
hist_gb,1888,0,338,0.001008152285883982,0.0,0.32068081469876086
hist_gb,1889,0,339,0.00020059513459111763,0.0,0.6313559322033898
hist_gb,1890,0,339,0.00020059513459111763,0.0,0.6313559322033898
hist_gb,1891,0,340,0.0022315300281944826,0.0,0.30508474576271183
hist_gb,1892,0,340,0.0022315300281944826,0.0,0.30508474576271183
hist_gb,1893,0,341,0.00013423314435848365,0.0,0.788135593220339
hist_gb,1894,0,341,0.00013423314435848365,0.0,0.788135593220339
hist_gb,1895,0,342,0.012637937591153484,0.1,0.15677966101694915
hist_gb,1896,0,342,0.012637937591153484,0.1,0.15677966101694915
hist_gb,1897,1,343,7.791739302529298e-05,0.0,0.7847528842045293
hist_gb,1898,0,343,7.791739302529298e-05,0.0,0.7847528842045293
hist_gb,1899,0,344,0.0002939333818105131,0.0,0.5042372881355932
hist_gb,1900,0,344,0.0002939333818105131,0.0,0.5042372881355932
hist_gb,1901,0,345,0.0002563141099286321,0.0,0.5550847457627119
hist_gb,1902,0,345,0.0002563141099286321,0.0,0.5550847457627119
hist_gb,1903,0,346,4.7309037168288e-05,0.0,0.7923728813559322
hist_gb,1904,0,346,4.7309037168288e-05,0.0,0.7923728813559322
hist_gb,1905,0,347,0.0006040251160990197,0.0,0.3837060247827945
hist_gb,1906,0,347,0.0006040251160990197,0.0,0.3837060247827945
hist_gb,1907,0,348,0.00436122838853132,0.1,0.1822033898305085
hist_gb,1908,0,348,0.00436122838853132,0.1,0.1822033898305085
hist_gb,1909,0,349,0.00275946493721851,0.0,0.27827232587950435
hist_gb,1910,0,349,0.00275946493721851,0.0,0.27827232587950435
hist_gb,1911,0,350,9.112821390783243e-05,0.0,0.7890257798034468
hist_gb,1912,0,350,9.112821390783243e-05,0.0,0.7890257798034468
hist_gb,1913,0,351,0.00029417553730683675,0.0,0.6949152542372882
hist_gb,1914,0,351,0.00029417553730683675,0.0,0.6949152542372882
hist_gb,1915,0,352,0.0003838551592936116,0.0,0.44302805868109957
hist_gb,1916,0,352,0.0003838551592936116,0.0,0.44302805868109957
hist_gb,1917,0,353,0.00045282412554422237,0.0,0.4132958268052984
hist_gb,1918,0,353,0.00045282412554422237,0.0,0.4132958268052984
hist_gb,1919,0,354,0.008834548353480094,0.1,0.12665574704458055
hist_gb,1920,0,354,0.008834548353480094,0.1,0.12665574704458055
hist_gb,1921,0,355,0.002144234303391388,0.0,0.3050847457627119
hist_gb,1922,0,355,0.002144234303391388,0.0,0.3050847457627119
hist_gb,1923,0,356,9.386022725728217e-05,0.0,0.8813559322033898
hist_gb,1924,0,356,9.386022725728217e-05,0.0,0.8813559322033898
hist_gb,1925,0,357,0.00023589119149260124,0.0,0.8395171627973224
hist_gb,1926,0,357,0.00023589119149260124,0.0,0.8395171627973224
hist_gb,1927,0,358,0.0010584977917103846,0.0,0.3008474576271186
hist_gb,1928,0,358,0.0010584977917103846,0.0,0.3008474576271186
hist_gb,1929,0,359,0.000596414818171313,0.0,0.5254237288135593
hist_gb,1930,0,359,0.000596414818171313,0.0,0.5254237288135593
hist_gb,1931,0,360,0.007040352734254136,0.0,0.14346246973365617
hist_gb,1932,0,360,0.007040352734254136,0.0,0.14346246973365617
hist_gb,1933,0,361,0.00040932144619754173,0.0,0.6455989175331149
hist_gb,1934,0,361,0.00040932144619754173,0.0,0.6455989175331149
hist_gb,1935,0,362,0.0004787454437685136,0.0,0.576271186440678
hist_gb,1936,0,362,0.0004787454437685136,0.0,0.576271186440678
hist_gb,1937,1,363,0.0001098148104147592,0.0,0.7669491525423728
hist_gb,1938,0,363,0.0001098148104147592,0.0,0.7669491525423728
hist_gb,1939,0,364,0.0009209430326260539,0.0,0.6160803304372596
hist_gb,1940,0,364,0.0009209430326260539,0.0,0.6160803304372596
hist_gb,1941,0,365,0.00012477812845363627,0.0,0.6652542372881356
hist_gb,1942,0,365,0.00012477812845363627,0.0,0.6652542372881356
hist_gb,1943,0,366,0.0002298033137382013,0.0,0.6016949152542372
hist_gb,1944,0,366,0.0002298033137382013,0.0,0.6016949152542372
hist_gb,1945,0,367,0.0010230448175844382,0.0,0.3813559322033898
hist_gb,1946,0,368,5.010139699602689e-05,0.0,0.902542372881356
hist_gb,1947,0,368,5.010139699602689e-05,0.0,0.902542372881356
hist_gb,1948,0,367,0.0010230448175844382,0.0,0.3813559322033898
hist_gb,1949,0,369,0.0011801365214974134,0.0,0.44491525423728817
hist_gb,1950,0,369,0.0011801365214974134,0.0,0.44491525423728817
hist_gb,1951,0,370,0.00019352336285735036,0.0,0.6016949152542372
hist_gb,1952,0,370,0.00019352336285735036,0.0,0.6016949152542372
hist_gb,1953,0,371,0.0008664303624536504,0.0,0.5106466315339695
hist_gb,1954,0,371,0.0008664303624536504,0.0,0.5106466315339695
hist_gb,1955,0,372,0.0012909034431833756,0.0,0.3686440677966102
hist_gb,1956,0,372,0.0012909034431833756,0.0,0.3686440677966102
hist_gb,1957,0,373,0.0008466481745062532,0.0,0.39677396382281727
hist_gb,1958,0,373,0.0008466481745062532,0.0,0.39677396382281727
hist_gb,1959,0,374,0.001567023484624172,0.0,0.31779661016949157
hist_gb,1960,0,374,0.001567023484624172,0.0,0.31779661016949157
hist_gb,1961,0,375,0.0004964252910147553,0.0,0.5847457627118644
hist_gb,1962,0,375,0.0004964252910147553,0.0,0.5847457627118644
hist_gb,1963,0,376,0.0011994141866257778,0.0,0.28275886625836777
hist_gb,1964,0,376,0.0011994141866257778,0.0,0.28275886625836777
hist_gb,1965,0,377,0.0005132886344287216,0.0,0.4576271186440678
hist_gb,1966,0,377,0.0005132886344287216,0.0,0.4576271186440678
hist_gb,1967,0,378,0.011435678805195422,0.1,0.1016949152542373
hist_gb,1968,0,378,0.011435678805195422,0.1,0.1016949152542373
hist_gb,1969,0,379,0.0004654140480113339,0.0,0.5677966101694916
hist_gb,1970,0,379,0.0004654140480113339,0.0,0.5677966101694916
hist_gb,1971,0,380,0.002610992237332957,0.0,0.1856217063096425
hist_gb,1972,0,380,0.002610992237332957,0.0,0.1856217063096425
hist_gb,1973,1,381,2.6960820247713212e-05,0.0,0.9067796610169492
hist_gb,1974,0,381,2.6960820247713212e-05,0.0,0.9067796610169492
hist_gb,1975,0,382,0.0004925412909965992,0.0,0.44491525423728817
hist_gb,1976,0,383,0.006768495908573155,0.1,0.09706594502207663
hist_gb,1977,0,383,0.006768495908573155,0.1,0.09706594502207663
hist_gb,1978,0,382,0.0004925412909965992,0.0,0.44491525423728817
hist_gb,1979,0,384,0.0001634744735021797,0.0,0.6779661016949152
hist_gb,1980,0,384,0.0001634744735021797,0.0,0.6779661016949152
hist_gb,1981,0,385,0.025624177604438008,0.4,0.11793191853012391
hist_gb,1982,0,385,0.025624177604438008,0.4,0.11793191853012391
hist_gb,1983,0,386,0.00011095013667610938,0.0,0.6991525423728814
hist_gb,1984,0,386,0.00011095013667610938,0.0,0.6991525423728814
hist_gb,1985,0,387,0.0010605283960285414,0.0,0.3884062099416038
hist_gb,1986,0,387,0.0010605283960285414,0.0,0.3884062099416038
hist_gb,1987,0,388,4.054550590963294e-05,0.0,0.8057612875658738
hist_gb,1988,0,388,4.054550590963294e-05,0.0,0.8057612875658738
hist_gb,1989,0,389,0.00012787000620983794,0.0,0.6101694915254237
hist_gb,1990,0,389,0.00012787000620983794,0.0,0.6101694915254237
hist_gb,1991,0,390,0.0005654419404366028,0.0,0.4215211508332146
hist_gb,1992,0,390,0.0005654419404366028,0.0,0.4215211508332146
hist_gb,1993,0,391,0.0013961721011043913,0.0,0.3093220338983051
hist_gb,1994,0,391,0.0013961721011043913,0.0,0.3093220338983051
hist_gb,1995,0,392,0.01360606755980919,0.3,0.08898305084745763
hist_gb,1996,0,392,0.01360606755980919,0.3,0.08898305084745763
hist_gb,1997,0,393,0.0124022836988118,0.1,0.08438968807862128
hist_gb,1998,0,393,0.0124022836988118,0.1,0.08438968807862128
hist_gb,1999,0,394,0.004881546342527053,0.0,0.1906779661016949
hist_gb,2000,0,395,0.0002662150600100851,0.0,0.6285073351374448
hist_gb,2001,0,395,0.0002662150600100851,0.0,0.6285073351374448
hist_gb,2002,0,394,0.004881546342527053,0.0,0.1906779661016949
hist_gb,2003,0,396,0.0004146350173387447,0.0,0.4915254237288136
hist_gb,2004,0,396,0.0004146350173387447,0.0,0.4915254237288136
hist_gb,2005,0,397,0.0011123742583689935,0.0,0.2796610169491526
hist_gb,2006,0,397,0.0011123742583689935,0.0,0.2796610169491526
hist_gb,2007,0,398,0.005688916430886248,0.1,0.09745762711864407
hist_gb,2008,0,398,0.005688916430886248,0.1,0.09745762711864407
hist_gb,2009,0,399,0.001604648725549674,0.0,0.2923728813559322
hist_gb,2010,0,399,0.001604648725549674,0.0,0.2923728813559322
hist_gb,2011,0,400,0.002543981673405559,0.0,0.2754237288135593
hist_gb,2012,0,400,0.002543981673405559,0.0,0.2754237288135593
hist_gb,2013,0,401,0.0030118974102160806,0.0,0.2711864406779661
hist_gb,2014,0,401,0.0030118974102160806,0.0,0.2711864406779661
hist_gb,2015,0,402,0.0006782859153740313,0.0,0.40496368038740915
hist_gb,2016,0,402,0.0006782859153740313,0.0,0.40496368038740915
hist_gb,2017,0,403,0.0006864722004212715,0.0,0.35019940179461617
hist_gb,2018,0,403,0.0006864722004212715,0.0,0.35019940179461617
hist_gb,2019,0,404,0.0002619469492852426,0.0,0.6748682523857
hist_gb,2020,0,404,0.0002619469492852426,0.0,0.6748682523857
hist_gb,2021,1,405,6.608171725531545e-05,0.0,0.8353866970517021
hist_gb,2022,0,405,6.608171725531545e-05,0.0,0.8353866970517021
hist_gb,2023,0,406,0.0057239867148266635,0.1,0.1059322033898305
hist_gb,2024,0,406,0.0057239867148266635,0.1,0.1059322033898305
hist_gb,2025,0,407,0.003195106906376155,0.0,0.2330508474576271
hist_gb,2026,0,407,0.003195106906376155,0.0,0.2330508474576271
hist_gb,2027,0,408,0.0004502829119011592,0.0,0.538135593220339
hist_gb,2028,0,408,0.0004502829119011592,0.0,0.538135593220339
hist_gb,2029,0,409,0.009431144669727958,0.1,0.1483050847457627
hist_gb,2030,0,409,0.009431144669727958,0.1,0.1483050847457627
hist_gb,2031,0,410,0.0001651269487205861,0.0,0.7381071072496795
hist_gb,2032,0,410,0.0001651269487205861,0.0,0.7381071072496795
hist_gb,2033,0,411,0.01115461270243334,0.0,0.10546930636661445
hist_gb,2034,0,411,0.01115461270243334,0.0,0.10546930636661445
hist_gb,2035,0,412,0.00018724434956005564,0.0,0.6793547927645635
hist_gb,2036,0,412,0.00018724434956005564,0.0,0.6793547927645635
hist_gb,2037,0,413,0.003326772611129877,0.0,0.17372881355932204
hist_gb,2038,0,413,0.003326772611129877,0.0,0.17372881355932204
hist_gb,2039,0,414,0.0016694988881765763,0.0,0.40072639225181594
hist_gb,2040,0,414,0.0016694988881765763,0.0,0.40072639225181594
hist_gb,2041,0,415,0.00030801164898546705,0.0,0.614406779661017
hist_gb,2042,0,416,0.0031868947191300012,0.0,0.3008474576271186
hist_gb,2043,0,415,0.00030801164898546705,0.0,0.614406779661017
hist_gb,2044,0,416,0.0031868947191300012,0.0,0.3008474576271186
hist_gb,2045,0,417,6.010704537476158e-05,0.0,0.7415254237288136
hist_gb,2046,0,417,6.010704537476158e-05,0.0,0.7415254237288136
hist_gb,2047,0,418,0.00043081562992298923,0.0,0.5127118644067796
hist_gb,2048,0,418,0.00043081562992298923,0.0,0.5127118644067796
hist_gb,2049,0,419,0.0006303173541543173,0.0,0.4322033898305085
hist_gb,2050,0,419,0.0006303173541543173,0.0,0.4322033898305085
hist_gb,2051,0,420,1.8751924116785923e-05,0.0,0.8940677966101696
hist_gb,2052,0,420,1.8751924116785923e-05,0.0,0.8940677966101696
hist_gb,2053,0,421,0.003492240935884581,0.0,0.15677966101694915
hist_gb,2054,0,421,0.003492240935884581,0.0,0.15677966101694915
hist_gb,2055,0,422,0.011107262753233167,0.2,0.10970659450220765
hist_gb,2056,0,422,0.011107262753233167,0.2,0.10970659450220765
hist_gb,2057,0,423,0.0012058351306949515,0.0,0.4094858282295969
hist_gb,2058,0,423,0.0012058351306949515,0.0,0.4094858282295969
hist_gb,2059,0,424,0.00030052692516761295,0.0,0.5485685799743626
hist_gb,2060,0,424,0.00030052692516761295,0.0,0.5485685799743626
hist_gb,2061,0,425,0.0031686088714563618,0.0,0.2711864406779661
hist_gb,2062,0,425,0.0031686088714563618,0.0,0.2711864406779661
hist_gb,2063,0,426,2.6207320633157945e-05,0.0,0.8516949152542372
hist_gb,2064,0,426,2.6207320633157945e-05,0.0,0.8516949152542372
hist_gb,2065,0,427,0.00012275130581403977,0.0,0.673728813559322
hist_gb,2066,0,427,0.00012275130581403977,0.0,0.673728813559322
hist_gb,2067,0,428,0.004076799637918937,0.1,0.5
hist_gb,2068,0,428,0.004076799637918937,0.1,0.5
hist_gb,2069,0,429,0.004087249106689679,0.0,0.21610169491525424
hist_gb,2070,0,429,0.004087249106689679,0.0,0.21610169491525424
hist_gb,2071,0,430,6.976221547019162e-05,0.0,0.8220338983050848
hist_gb,2072,0,430,6.976221547019162e-05,0.0,0.8220338983050848
hist_gb,2073,0,431,0.001033085358568974,0.0,0.3559322033898305
hist_gb,2074,0,431,0.001033085358568974,0.0,0.3559322033898305
hist_gb,2075,0,432,0.0008698942554734157,0.0,0.3926078906138727
hist_gb,2076,0,432,0.0008698942554734157,0.0,0.3926078906138727
hist_gb,2077,0,433,0.00031493994573159615,0.0,0.5254237288135594
hist_gb,2078,0,433,0.00031493994573159615,0.0,0.5254237288135594
hist_gb,2079,0,434,7.470450006720498e-05,0.0,0.728813559322034
hist_gb,2080,0,434,7.470450006720498e-05,0.0,0.728813559322034
hist_gb,2081,0,435,0.00021423702871970298,0.0,0.5737074490813274
hist_gb,2082,0,435,0.00021423702871970298,0.0,0.5737074490813274
hist_gb,2083,0,436,6.785558607376547e-05,0.0,0.7426648625551915
hist_gb,2084,0,436,6.785558607376547e-05,0.0,0.7426648625551915
hist_gb,2085,0,437,0.0004112986102054217,0.0,0.4788135593220339
hist_gb,2086,0,437,0.0004112986102054217,0.0,0.4788135593220339
hist_gb,2087,0,438,1.6542070172167958e-05,0.0,0.923728813559322
hist_gb,2088,0,438,1.6542070172167958e-05,0.0,0.923728813559322
hist_gb,2089,0,439,9.350835691116983e-06,0.0,0.9662441247685515
hist_gb,2090,0,439,9.350835691116983e-06,0.0,0.9662441247685515
hist_gb,2091,0,440,0.019679644072487585,0.2,0.05084745762711865
hist_gb,2092,0,440,0.019679644072487585,0.2,0.05084745762711865
hist_gb,2093,0,441,0.00197188724145682,0.0,0.23611308930351804
hist_gb,2094,0,441,0.00197188724145682,0.0,0.23611308930351804
hist_gb,2095,0,442,3.742380516533959e-05,0.0,0.8855932203389831
hist_gb,2096,0,442,3.742380516533959e-05,0.0,0.8855932203389831
hist_gb,2097,0,443,0.0004661397664755082,0.0,0.5593220338983051
hist_gb,2098,0,443,0.0004661397664755082,0.0,0.5593220338983051
hist_gb,2099,0,444,0.00030220102319357606,0.0,0.6411479846175758
hist_gb,2100,0,444,0.00030220102319357606,0.0,0.6411479846175758
hist_gb,2101,0,445,0.0007333366782402114,0.0,0.3907563025210084
hist_gb,2102,0,445,0.0007333366782402114,0.0,0.3907563025210084
hist_gb,2103,0,446,0.0005259399364577404,0.0,0.4745762711864407
hist_gb,2104,0,446,0.0005259399364577404,0.0,0.4745762711864407
hist_gb,2105,1,447,0.008864896989889823,0.2,0.1483050847457627
hist_gb,2106,0,447,0.008864896989889823,0.2,0.1483050847457627
hist_gb,2107,0,448,5.6418688341874935e-05,0.0,0.8652257513174761
hist_gb,2108,0,448,5.6418688341874935e-05,0.0,0.8652257513174761
hist_gb,2109,0,449,0.001490590408223301,0.0,0.4810568295114656
hist_gb,2110,0,449,0.001490590408223301,0.0,0.4810568295114656
hist_gb,2111,0,450,0.009156122891617071,0.1,0.0847457627118644
hist_gb,2112,0,450,0.009156122891617071,0.1,0.0847457627118644
hist_gb,2113,0,451,0.00044440262473555614,0.0,0.5805084745762712
hist_gb,2114,0,451,0.00044440262473555614,0.0,0.5805084745762712
hist_gb,2115,0,452,0.0007580247566454439,0.0,0.3432203389830508
hist_gb,2116,0,452,0.0007580247566454439,0.0,0.3432203389830508
hist_gb,2117,0,453,0.03268547121999575,0.6,0.01694915254237288
hist_gb,2118,0,453,0.03268547121999575,0.6,0.01694915254237288
hist_gb,2119,0,454,0.00014804356151474116,0.0,0.6398305084745763
hist_gb,2120,0,454,0.00014804356151474116,0.0,0.6398305084745763
hist_gb,2121,0,455,9.552073162119614e-05,0.0,0.7457627118644068
hist_gb,2122,0,455,9.552073162119614e-05,0.0,0.7457627118644068
hist_gb,2123,0,456,0.0014210276723722636,0.0,0.3813559322033898
hist_gb,2124,0,456,0.0014210276723722636,0.0,0.3813559322033898
hist_gb,2125,0,457,0.0014738864835110842,0.0,0.35169491525423724
hist_gb,2126,0,457,0.0014738864835110842,0.0,0.35169491525423724
hist_gb,2127,0,458,0.008200585477364944,0.0,0.10557612875658738
hist_gb,2128,0,459,0.0013671554600282218,0.0,0.5466101694915254
hist_gb,2129,0,459,0.0013671554600282218,0.0,0.5466101694915254
hist_gb,2130,0,458,0.008200585477364944,0.0,0.10557612875658738
hist_gb,2131,0,460,0.000501592848316281,0.0,0.4491525423728814
hist_gb,2132,0,460,0.000501592848316281,0.0,0.4491525423728814
hist_gb,2133,0,461,0.000130282398297631,0.0,0.7288135593220338
hist_gb,2134,0,461,0.000130282398297631,0.0,0.7288135593220338
hist_gb,2135,0,462,0.004727302321976186,0.0,0.1440677966101695
hist_gb,2136,0,462,0.004727302321976186,0.0,0.1440677966101695
hist_gb,2137,0,463,7.13528720849168e-06,0.0,0.9830508474576272
hist_gb,2138,0,463,7.13528720849168e-06,0.0,0.9830508474576272
hist_gb,2139,0,464,0.00431795938097816,0.1,0.2923728813559322
hist_gb,2140,0,464,0.00431795938097816,0.1,0.2923728813559322
hist_gb,2141,0,465,0.002934385598317957,0.0,0.193989460190856
hist_gb,2142,0,465,0.002934385598317957,0.0,0.193989460190856
hist_gb,2143,0,466,0.0003757882783701985,0.0,0.5084745762711864
hist_gb,2144,0,466,0.0003757882783701985,0.0,0.5084745762711864
hist_gb,2145,0,467,0.000890533101887034,0.0,0.6638655462184875
hist_gb,2146,0,467,0.000890533101887034,0.0,0.6638655462184875
hist_gb,2147,0,468,0.00302346860038213,0.0,0.35824668850591085
hist_gb,2148,0,469,0.00011014373287005878,0.0,0.6610169491525424
hist_gb,2149,0,469,0.00011014373287005878,0.0,0.6610169491525424
hist_gb,2150,0,468,0.00302346860038213,0.0,0.35824668850591085
hist_gb,2151,0,470,0.0008356772619780763,0.0,0.385593220338983
hist_gb,2152,0,470,0.0008356772619780763,0.0,0.385593220338983
hist_gb,2153,0,471,0.005407174163125848,0.0,0.1483050847457627
hist_gb,2154,0,471,0.005407174163125848,0.0,0.1483050847457627
hist_gb,2155,0,472,3.320527757182529e-05,0.0,0.8347457627118644
hist_gb,2156,0,472,3.320527757182529e-05,0.0,0.8347457627118644
hist_gb,2157,0,473,6.24035091362024e-05,0.0,0.7330508474576272
hist_gb,2158,0,473,6.24035091362024e-05,0.0,0.7330508474576272
hist_gb,2159,0,474,0.003388049553954037,0.1,0.326271186440678
hist_gb,2160,0,474,0.003388049553954037,0.1,0.326271186440678
hist_gb,2161,0,475,0.0007158526290869379,0.0,0.5
hist_gb,2162,0,475,0.0007158526290869379,0.0,0.5
hist_gb,2163,1,476,0.00031113479309758784,0.0,0.4684873949579832
hist_gb,2164,0,476,0.00031113479309758784,0.0,0.4684873949579832
hist_gb,2165,0,477,0.00011729342617455045,0.0,0.7033898305084746
hist_gb,2166,0,477,0.00011729342617455045,0.0,0.7033898305084746
hist_gb,2167,0,478,0.0021023219889186673,0.0,0.3293690357498932
hist_gb,2168,0,478,0.0021023219889186673,0.0,0.3293690357498932
hist_gb,2169,0,479,0.0003033952742833019,0.0,0.5338983050847458
hist_gb,2170,0,479,0.0003033952742833019,0.0,0.5338983050847458
hist_gb,2171,0,480,0.0007327463992977186,0.0,0.4576271186440678
hist_gb,2172,0,480,0.0007327463992977186,0.0,0.4576271186440678
hist_gb,2173,0,481,0.0059072453112699215,0.1,0.32904856857997433
hist_gb,2174,0,481,0.0059072453112699215,0.1,0.32904856857997433
hist_gb,2175,0,482,0.0005751394992103521,0.0,0.5084745762711864
hist_gb,2176,0,482,0.0005751394992103521,0.0,0.5084745762711864
hist_gb,2177,1,483,0.0034676096525661218,0.0,0.22774533542230452
hist_gb,2178,0,483,0.0034676096525661218,0.0,0.22774533542230452
hist_gb,2179,0,484,0.0022537466270472818,0.0,0.4067796610169492
hist_gb,2180,0,484,0.0022537466270472818,0.0,0.4067796610169492
hist_gb,2181,0,485,0.0003458879312466163,0.0,0.5889830508474576
hist_gb,2182,0,485,0.0003458879312466163,0.0,0.5889830508474576
hist_gb,2183,1,486,0.00031734601056314924,0.0,0.5864905284147557
hist_gb,2184,0,486,0.00031734601056314924,0.0,0.5864905284147557
hist_gb,2185,0,487,0.0005552179942497309,0.0,0.4117647058823529
hist_gb,2186,0,487,0.0005552179942497309,0.0,0.4117647058823529
hist_gb,2187,0,488,0.0015958255160211793,0.0,0.24152542372881355
hist_gb,2188,0,488,0.0015958255160211793,0.0,0.24152542372881355
hist_gb,2189,0,489,0.0002291077623597111,0.0,0.7173123486682809
hist_gb,2190,0,489,0.0002291077623597111,0.0,0.7173123486682809
hist_gb,2191,0,490,0.0007497122911509505,0.0,0.3686440677966102
hist_gb,2192,0,490,0.0007497122911509505,0.0,0.3686440677966102
hist_gb,2193,0,491,0.0025915346736561503,0.0,0.1652542372881356
hist_gb,2194,0,491,0.0025915346736561503,0.0,0.1652542372881356
hist_gb,2195,0,492,7.594266510361879e-05,0.0,0.8389830508474576
hist_gb,2196,0,492,7.594266510361879e-05,0.0,0.8389830508474576
hist_gb,2197,0,493,0.004309671038181049,0.0,0.2033898305084746
hist_gb,2198,0,493,0.004309671038181049,0.0,0.2033898305084746
hist_gb,2199,0,494,0.0004727950992008417,0.0,0.7161016949152542
hist_gb,2200,0,494,0.0004727950992008417,0.0,0.7161016949152542
hist_gb,2201,0,495,8.195403891647456e-05,0.0,0.7669491525423728
hist_gb,2202,0,495,8.195403891647456e-05,0.0,0.7669491525423728
hist_gb,2203,0,496,0.006003629625243203,0.0,0.3220338983050848
hist_gb,2204,0,496,0.006003629625243203,0.0,0.3220338983050848
hist_gb,2205,0,497,0.00014999258062136611,0.0,0.5780515596068936
hist_gb,2206,0,497,0.00014999258062136611,0.0,0.5780515596068936
hist_gb,2207,0,498,0.0001610058745191281,0.0,0.7076271186440678
hist_gb,2208,0,498,0.0001610058745191281,0.0,0.7076271186440678
hist_gb,2209,0,499,0.007065956703725869,0.0,0.10977780942885629
hist_gb,2210,0,499,0.007065956703725869,0.0,0.10977780942885629
hist_gb,2211,0,500,0.0023173856866302123,0.0,0.1906779661016949
hist_gb,2212,0,500,0.0023173856866302123,0.0,0.1906779661016949
hist_gb,2213,0,501,0.005428456782962908,0.0,0.17796610169491525
hist_gb,2214,0,501,0.005428456782962908,0.0,0.17796610169491525
hist_gb,2215,0,502,0.00014229650691243497,0.0,0.6398305084745763
hist_gb,2216,0,502,0.00014229650691243497,0.0,0.6398305084745763
hist_gb,2217,0,503,0.0007304725424567204,0.0,0.461864406779661
hist_gb,2218,0,503,0.0007304725424567204,0.0,0.461864406779661
hist_gb,2219,0,504,0.010395169596018054,0.1,0.1228813559322034
hist_gb,2220,0,504,0.010395169596018054,0.1,0.1228813559322034
hist_gb,2221,0,505,0.002279753352244816,0.0,0.1906779661016949
hist_gb,2222,0,505,0.002279753352244816,0.0,0.1906779661016949
hist_gb,2223,0,506,0.00023953135127497397,0.0,0.6286853724540664
hist_gb,2224,0,506,0.00023953135127497397,0.0,0.6286853724540664
hist_gb,2225,0,507,0.0008203074522261059,0.0,0.3671129468736647
hist_gb,2226,0,507,0.0008203074522261059,0.0,0.3671129468736647
hist_gb,2227,0,508,0.004232677676384783,0.0,0.14356929212362912
hist_gb,2228,0,508,0.004232677676384783,0.0,0.14356929212362912
hist_gb,2229,0,509,3.7613584852736465e-05,0.0,0.8649764990742059
hist_gb,2230,0,509,3.7613584852736465e-05,0.0,0.8649764990742059
hist_gb,2231,0,510,0.00010831350995251013,0.0,0.6876869391824527
hist_gb,2232,0,510,0.00010831350995251013,0.0,0.6876869391824527
hist_gb,2233,0,511,0.0009250268713350901,0.0,0.3093220338983051
hist_gb,2234,0,511,0.0009250268713350901,0.0,0.3093220338983051
hist_gb,2235,0,512,0.001473500464130932,0.0,0.3008474576271186
hist_gb,2236,0,512,0.001473500464130932,0.0,0.3008474576271186
hist_gb,2237,0,513,0.0007817018439489343,0.0,0.3728813559322034
hist_gb,2238,0,513,0.0007817018439489343,0.0,0.3728813559322034
hist_gb,2239,0,514,0.00240864282868001,0.0,0.2966101694915254
hist_gb,2240,0,514,0.00240864282868001,0.0,0.2966101694915254
hist_gb,2241,0,515,0.004342433213822805,0.0,0.1398305084745763
hist_gb,2242,0,515,0.004342433213822805,0.0,0.1398305084745763
hist_gb,2243,0,516,0.00027277640495197806,0.0,0.6186440677966101
hist_gb,2244,0,516,0.00027277640495197806,0.0,0.6186440677966101
hist_gb,2245,0,517,1.1020088675949922e-05,0.0,0.9282509614015098
hist_gb,2246,0,518,0.007070544554301336,0.1,0.24152542372881355
hist_gb,2247,0,518,0.007070544554301336,0.1,0.24152542372881355
hist_gb,2248,0,517,1.1020088675949922e-05,0.0,0.9282509614015098
hist_gb,2249,0,519,2.848133884717431e-05,0.0,0.8940677966101696
hist_gb,2250,0,519,2.848133884717431e-05,0.0,0.8940677966101696
hist_gb,2251,0,520,0.005504914191259827,0.1,0.2033898305084746
hist_gb,2252,0,520,0.005504914191259827,0.1,0.2033898305084746
hist_gb,2253,0,521,0.0001849137451677964,0.0,0.652542372881356
hist_gb,2254,0,521,0.0001849137451677964,0.0,0.652542372881356
hist_gb,2255,0,522,0.0003518051751704026,0.0,0.6144067796610169
hist_gb,2256,0,522,0.0003518051751704026,0.0,0.6144067796610169
hist_gb,2257,0,523,0.00028936327247981475,0.0,0.5569363338555762
hist_gb,2258,0,523,0.00028936327247981475,0.0,0.5569363338555762
hist_gb,2259,0,524,8.715859269754386e-06,0.0,0.9703389830508474
hist_gb,2260,0,524,8.715859269754386e-06,0.0,0.9703389830508474
hist_gb,2261,0,525,0.0005772453468081038,0.0,0.5065161657883492
hist_gb,2262,0,525,0.0005772453468081038,0.0,0.5065161657883492
hist_gb,2263,0,526,8.741110935565842e-05,0.0,0.7217276741204957
hist_gb,2264,0,526,8.741110935565842e-05,0.0,0.7217276741204957
hist_gb,2265,0,527,0.0005224992738605409,0.0,0.6033328585671557
hist_gb,2266,0,527,0.0005224992738605409,0.0,0.6033328585671557
hist_gb,2267,0,528,0.004714427308777524,0.1,0.2033898305084746
hist_gb,2268,0,529,0.00949901618403369,0.0,0.05084745762711865
hist_gb,2269,0,528,0.004714427308777524,0.1,0.2033898305084746
hist_gb,2270,0,529,0.00949901618403369,0.0,0.05084745762711865
hist_gb,2271,0,530,9.238767041428922e-05,0.0,0.7762070930066942
hist_gb,2272,0,530,9.238767041428922e-05,0.0,0.7762070930066942
hist_gb,2273,0,531,0.004088905725737165,0.1,0.3474576271186441
hist_gb,2274,0,531,0.004088905725737165,0.1,0.3474576271186441
hist_gb,2275,0,532,0.00013263354047680969,0.0,0.6538954564876798
hist_gb,2276,0,532,0.00013263354047680969,0.0,0.6538954564876798
hist_gb,2277,0,533,0.00012056071241370856,0.0,0.652542372881356
hist_gb,2278,0,533,0.00012056071241370856,0.0,0.652542372881356
hist_gb,2279,0,534,0.0004134279060057358,0.0,0.4661016949152542
hist_gb,2280,0,534,0.0004134279060057358,0.0,0.4661016949152542
hist_gb,2281,0,535,0.00014836875463205374,0.0,0.6864406779661016
hist_gb,2282,0,535,0.00014836875463205374,0.0,0.6864406779661016
hist_gb,2283,0,536,0.002503594965390004,0.0,0.2457627118644068
hist_gb,2284,0,536,0.002503594965390004,0.0,0.2457627118644068
hist_gb,2285,0,537,0.00015114388367757086,0.0,0.6906779661016949
hist_gb,2286,0,537,0.00015114388367757086,0.0,0.6906779661016949
hist_gb,2287,0,538,0.002282396464280475,0.0,0.24483691781797465
hist_gb,2288,0,538,0.002282396464280475,0.0,0.24483691781797465
hist_gb,2289,0,539,0.0012211929995741087,0.0,0.5441176470588236
hist_gb,2290,0,539,0.0012211929995741087,0.0,0.5441176470588236
hist_gb,2291,0,540,0.0002496604567869973,0.0,0.5296610169491525
hist_gb,2292,0,540,0.0002496604567869973,0.0,0.5296610169491525
hist_gb,2293,0,541,0.000597853318839388,0.0,0.614406779661017
hist_gb,2294,0,541,0.000597853318839388,0.0,0.614406779661017
hist_gb,2295,0,542,2.349483556917709e-05,0.0,0.8728813559322034
hist_gb,2296,0,542,2.349483556917709e-05,0.0,0.8728813559322034
hist_gb,2297,0,543,9.772377552516912e-05,0.0,0.8395527702606467
hist_gb,2298,0,543,9.772377552516912e-05,0.0,0.8395527702606467
hist_gb,2299,0,544,0.0014124535836384324,0.0,0.25
hist_gb,2300,0,544,0.0014124535836384324,0.0,0.25
hist_gb,2301,0,545,0.00013446990569075228,0.0,0.6271186440677966
hist_gb,2302,0,545,0.00013446990569075228,0.0,0.6271186440677966
hist_gb,2303,0,546,0.0004274021827444777,0.0,0.5889830508474576
hist_gb,2304,0,546,0.0004274021827444777,0.0,0.5889830508474576
hist_gb,2305,0,547,0.0016118803903959263,0.0,0.2997436262640649
hist_gb,2306,0,547,0.0016118803903959263,0.0,0.2997436262640649
hist_gb,2307,0,548,0.00014196990492938282,0.0,0.7584745762711864
hist_gb,2308,0,548,0.00014196990492938282,0.0,0.7584745762711864
hist_gb,2309,0,549,0.00034664803178184703,0.0,0.5316906423586384
hist_gb,2310,0,549,0.00034664803178184703,0.0,0.5316906423586384
hist_gb,2311,0,550,0.0002559648530552534,0.0,0.6186440677966101
hist_gb,2312,0,550,0.0002559648530552534,0.0,0.6186440677966101
hist_gb,2313,0,551,0.0005500709628035722,0.0,0.4261501210653753
hist_gb,2314,0,551,0.0005500709628035722,0.0,0.4261501210653753
hist_gb,2315,0,552,0.0011039574711145552,0.0,0.4576271186440678
hist_gb,2316,0,552,0.0011039574711145552,0.0,0.4576271186440678
hist_gb,2317,0,553,2.604381624570613e-05,0.0,0.8771186440677966
hist_gb,2318,0,553,2.604381624570613e-05,0.0,0.8771186440677966
hist_gb,2319,0,554,0.0001149542852781675,0.0,0.8220338983050848
hist_gb,2320,0,554,0.0001149542852781675,0.0,0.8220338983050848
hist_gb,2321,0,555,0.0003243424973288299,0.0,0.6483050847457628
hist_gb,2322,0,555,0.0003243424973288299,0.0,0.6483050847457628
hist_gb,2323,0,556,0.009900174649222996,0.1,0.07627118644067796
hist_gb,2324,0,556,0.009900174649222996,0.1,0.07627118644067796
hist_gb,2325,0,557,0.004474944346336889,0.1,0.2584745762711864
hist_gb,2326,0,557,0.004474944346336889,0.1,0.2584745762711864
hist_gb,2327,0,558,5.7160348360519754e-05,0.0,0.7383563594929496
hist_gb,2328,0,558,5.7160348360519754e-05,0.0,0.7383563594929496
hist_gb,2329,0,559,0.0014028807796767975,0.0,0.2923728813559322
hist_gb,2330,0,559,0.0014028807796767975,0.0,0.2923728813559322
hist_gb,2331,1,560,6.815493521768709e-05,0.0,0.7930850306224184
hist_gb,2332,0,560,6.815493521768709e-05,0.0,0.7930850306224184
hist_gb,2333,0,561,3.275878278292942e-05,0.0,0.8813559322033898
hist_gb,2334,0,561,3.275878278292942e-05,0.0,0.8813559322033898
hist_gb,2335,0,562,3.512578298935326e-05,0.0,0.8771186440677967
hist_gb,2336,0,562,3.512578298935326e-05,0.0,0.8771186440677967
hist_gb,2337,0,563,0.001449324637191297,0.0,0.2796610169491525
hist_gb,2338,0,563,0.001449324637191297,0.0,0.2796610169491525
hist_gb,2339,0,564,0.00028138559638610054,0.0,0.6092436974789917
hist_gb,2340,0,564,0.00028138559638610054,0.0,0.6092436974789917
hist_gb,2341,0,565,0.00013955500558566605,0.0,0.6398305084745762
hist_gb,2342,0,565,0.00013955500558566605,0.0,0.6398305084745762
hist_gb,2343,1,566,5.110325430200186e-05,0.0,0.8516949152542372
hist_gb,2344,0,566,5.110325430200186e-05,0.0,0.8516949152542372
hist_gb,2345,0,567,0.00280281452895518,0.0,0.2658453211793192
hist_gb,2346,0,567,0.00280281452895518,0.0,0.2658453211793192
hist_gb,2347,0,568,0.001138004436727624,0.0,0.44491525423728817
hist_gb,2348,0,568,0.001138004436727624,0.0,0.44491525423728817
hist_gb,2349,0,569,0.0009818566326186963,0.0,0.3559322033898305
hist_gb,2350,0,569,0.0009818566326186963,0.0,0.3559322033898305
hist_gb,2351,0,570,1.4700322056278249e-05,0.0,0.9322033898305084
hist_gb,2352,0,570,1.4700322056278249e-05,0.0,0.9322033898305084
hist_gb,2353,0,571,2.6556715588013267e-05,0.0,0.8228528699615439
hist_gb,2354,0,571,2.6556715588013267e-05,0.0,0.8228528699615439
hist_gb,2355,0,572,7.183217651737884e-06,0.0,0.9872881355932204
hist_gb,2356,0,572,7.183217651737884e-06,0.0,0.9872881355932204
hist_gb,2357,0,573,3.536872237534047e-05,0.0,0.8135593220338984
hist_gb,2358,0,573,3.536872237534047e-05,0.0,0.8135593220338984
hist_gb,2359,0,574,0.004828709574607855,0.0,0.22785215781227747
hist_gb,2360,0,574,0.004828709574607855,0.0,0.22785215781227747
hist_gb,2361,0,575,0.000669798175543083,0.0,0.4322033898305085
hist_gb,2362,0,575,0.000669798175543083,0.0,0.4322033898305085
hist_gb,2363,0,576,6.847395991452441e-05,0.0,0.6949152542372881
hist_gb,2364,0,576,6.847395991452441e-05,0.0,0.6949152542372881
hist_gb,2365,0,577,0.0002837355774191327,0.0,0.5508474576271186
hist_gb,2366,0,577,0.0002837355774191327,0.0,0.5508474576271186
hist_gb,2367,0,578,0.00010236496632641781,0.0,0.7330508474576272
hist_gb,2368,0,578,0.00010236496632641781,0.0,0.7330508474576272
hist_gb,2369,0,579,0.0001205655868037422,0.0,0.7850733513744481
hist_gb,2370,0,579,0.0001205655868037422,0.0,0.7850733513744481
hist_gb,2371,0,580,3.0446652580853975e-05,0.0,0.8432203389830508
hist_gb,2372,0,580,3.0446652580853975e-05,0.0,0.8432203389830508
hist_gb,2373,0,581,7.243736332450141e-05,0.0,0.8093220338983051
hist_gb,2374,0,581,7.243736332450141e-05,0.0,0.8093220338983051
hist_gb,2375,0,582,0.0028899368892447894,0.0,0.2245762711864407
hist_gb,2376,0,582,0.0028899368892447894,0.0,0.2245762711864407
hist_gb,2377,0,583,9.002709108838327e-05,0.0,0.7976071784646062
hist_gb,2378,0,583,9.002709108838327e-05,0.0,0.7976071784646062
hist_gb,2379,0,584,9.745268786329009e-05,0.0,0.7372881355932204
hist_gb,2380,0,584,9.745268786329009e-05,0.0,0.7372881355932204
hist_gb,2381,0,585,0.001000388112998375,0.0,0.43466030479988604
hist_gb,2382,0,585,0.001000388112998375,0.0,0.43466030479988604
hist_gb,2383,0,586,2.5674647562989876e-05,0.0,0.8813559322033899
hist_gb,2384,0,586,2.5674647562989876e-05,0.0,0.8813559322033899
hist_gb,2385,0,587,0.0005835459917379571,0.0,0.4957627118644068
hist_gb,2386,0,587,0.0005835459917379571,0.0,0.4957627118644068
hist_gb,2387,0,588,0.00109310884849129,0.0,0.3177966101694915
hist_gb,2388,0,588,0.00109310884849129,0.0,0.3177966101694915
hist_gb,2389,0,589,1.423514955200977e-05,0.0,0.945128899017234
hist_gb,2390,0,589,1.423514955200977e-05,0.0,0.945128899017234
hist_gb,2391,0,590,0.0013962668372381917,0.0,0.3516949152542373
hist_gb,2392,0,590,0.0013962668372381917,0.0,0.3516949152542373
guidebook_dae,1211,0,0,0.4238736081028448,0.0,0.8522646346674263
guidebook_dae,1212,0,0,0.4238736081028448,0.0,0.8522646346674263
guidebook_dae,1213,0,1,0.4228169174398723,0.0,0.8135593220338984
guidebook_dae,1214,0,1,0.4228169174398723,0.0,0.8135593220338984
guidebook_dae,1215,0,2,0.5112536218933491,0.0,0.46378720979917387
guidebook_dae,1216,0,2,0.5112536218933491,0.0,0.46378720979917387
guidebook_dae,1217,0,3,0.45609932259416475,0.0,0.7214784218772254
guidebook_dae,1218,0,3,0.45609932259416475,0.0,0.7214784218772254
guidebook_dae,1219,0,4,0.5150882403510945,0.0,0.385593220338983
guidebook_dae,1220,0,4,0.5150882403510945,0.0,0.385593220338983
guidebook_dae,1221,0,5,0.4841167503765457,0.0,0.5780871670702179
guidebook_dae,1222,0,5,0.4841167503765457,0.0,0.5780871670702179
guidebook_dae,1223,0,6,0.5466335538997595,0.0,0.3220338983050848
guidebook_dae,1224,0,6,0.5466335538997595,0.0,0.3220338983050848
guidebook_dae,1225,0,7,0.49563353242692665,0.0,0.44491525423728817
guidebook_dae,1226,0,7,0.49563353242692665,0.0,0.44491525423728817
guidebook_dae,1227,0,8,0.44326652860906945,0.0,0.6864406779661016
guidebook_dae,1228,0,8,0.44326652860906945,0.0,0.6864406779661016
guidebook_dae,1229,0,9,0.4895574072084896,0.0,0.546218487394958
guidebook_dae,1230,0,9,0.4895574072084896,0.0,0.546218487394958
guidebook_dae,1231,0,10,0.43704200410235855,0.0,0.7711864406779662
guidebook_dae,1232,0,10,0.43704200410235855,0.0,0.7711864406779662
guidebook_dae,1233,0,11,0.3742048124501388,0.0,0.9194915254237288
guidebook_dae,1234,0,11,0.3742048124501388,0.0,0.9194915254237288
guidebook_dae,1235,0,12,0.4763070366685718,0.0,0.6313559322033899
guidebook_dae,1236,0,12,0.4763070366685718,0.0,0.6313559322033899
guidebook_dae,1237,0,13,0.5159122665780227,0.0,0.4364406779661017
guidebook_dae,1238,0,13,0.5159122665780227,0.0,0.4364406779661017
guidebook_dae,1239,0,14,0.555573036477721,0.0,0.3671129468736647
guidebook_dae,1240,0,14,0.555573036477721,0.0,0.3671129468736647
guidebook_dae,1241,0,15,0.4374563506724197,0.0,0.7923728813559322
guidebook_dae,1242,0,15,0.4374563506724197,0.0,0.7923728813559322
guidebook_dae,1243,0,16,0.34725429186914913,0.0,0.9533898305084746
guidebook_dae,1244,0,16,0.34725429186914913,0.0,0.9533898305084746
guidebook_dae,1245,0,17,0.44928305414753833,0.0,0.6610169491525424
guidebook_dae,1246,0,17,0.44928305414753833,0.0,0.6610169491525424
guidebook_dae,1247,0,18,0.5027373372415541,0.0,0.4915254237288136
guidebook_dae,1248,0,18,0.5027373372415541,0.0,0.4915254237288136
guidebook_dae,1249,0,19,0.4154029867900178,0.0,0.8516949152542372
guidebook_dae,1250,0,19,0.4154029867900178,0.0,0.8516949152542372
guidebook_dae,1251,0,20,0.5082012202523235,0.0,0.4491525423728814
guidebook_dae,1252,0,20,0.5082012202523235,0.0,0.4491525423728814
guidebook_dae,1253,0,21,0.6361709941182235,0.1,0.0632744623273038
guidebook_dae,1254,0,21,0.6361709941182235,0.1,0.0632744623273038
guidebook_dae,1255,0,22,0.46011982920736144,0.0,0.6694915254237288
guidebook_dae,1256,0,22,0.46011982920736144,0.0,0.6694915254237288
guidebook_dae,1257,0,23,0.5823217855158613,0.0,0.15677966101694915
guidebook_dae,1258,0,23,0.5823217855158613,0.0,0.15677966101694915
guidebook_dae,1259,0,24,0.444015921454776,0.0,0.7161016949152542
guidebook_dae,1260,0,24,0.444015921454776,0.0,0.7161016949152542
guidebook_dae,1261,0,25,0.4681725950002499,0.0,0.6159022931206382
guidebook_dae,1262,0,25,0.4681725950002499,0.0,0.6159022931206382
guidebook_dae,1263,0,26,0.4017389742439117,0.0,0.8601694915254238
guidebook_dae,1264,0,26,0.4017389742439117,0.0,0.8601694915254238
guidebook_dae,1265,0,27,0.5075681715925398,0.0,0.5423728813559322
guidebook_dae,1266,0,27,0.5075681715925398,0.0,0.5423728813559322
guidebook_dae,1267,0,28,0.5415532385524084,0.0,0.326271186440678
guidebook_dae,1268,0,28,0.5415532385524084,0.0,0.326271186440678
guidebook_dae,1269,0,29,0.5972692044784761,0.0,0.13559322033898305
guidebook_dae,1270,0,29,0.5972692044784761,0.0,0.13559322033898305
guidebook_dae,1271,0,30,0.5053846000881143,0.0,0.44491525423728817
guidebook_dae,1272,0,30,0.5053846000881143,0.0,0.44491525423728817
guidebook_dae,1273,0,31,0.5787443798082621,0.0,0.2288135593220339
guidebook_dae,1274,0,31,0.5787443798082621,0.0,0.2288135593220339
guidebook_dae,1275,0,32,0.5081364458208041,0.0,0.521186440677966
guidebook_dae,1276,0,32,0.5081364458208041,0.0,0.521186440677966
guidebook_dae,1277,0,33,0.39455669474388466,0.0,0.885593220338983
guidebook_dae,1278,0,33,0.39455669474388466,0.0,0.885593220338983
guidebook_dae,1279,0,34,0.5932478458563026,0.0,0.2330508474576271
guidebook_dae,1280,0,34,0.5932478458563026,0.0,0.2330508474576271
guidebook_dae,1281,0,35,0.6386411798887421,0.1,0.09322033898305085
guidebook_dae,1282,0,35,0.6386411798887421,0.1,0.09322033898305085
guidebook_dae,1283,0,36,0.5211717467549433,0.0,0.4745762711864407
guidebook_dae,1284,0,36,0.5211717467549433,0.0,0.4745762711864407
guidebook_dae,1285,0,37,0.6992370677751912,0.6,0.012711864406779662
guidebook_dae,1286,0,37,0.6992370677751912,0.6,0.012711864406779662
guidebook_dae,1287,0,38,0.5143220534291966,0.0,0.44751459905996294
guidebook_dae,1288,0,38,0.5143220534291966,0.0,0.44751459905996294
guidebook_dae,1289,0,39,0.558955138672722,0.0,0.2838983050847458
guidebook_dae,1290,0,39,0.558955138672722,0.0,0.2838983050847458
guidebook_dae,1291,0,40,0.5264181184359417,0.0,0.3601694915254237
guidebook_dae,1292,0,40,0.5264181184359417,0.0,0.3601694915254237
guidebook_dae,1293,0,41,0.373886287697897,0.0,0.9030408773678963
guidebook_dae,1294,0,41,0.373886287697897,0.0,0.9030408773678963
guidebook_dae,1295,0,42,0.41756425082759635,0.0,0.8220338983050848
guidebook_dae,1296,0,42,0.41756425082759635,0.0,0.8220338983050848
guidebook_dae,1297,0,43,0.3375258845628183,0.0,0.9745762711864406
guidebook_dae,1298,0,43,0.3375258845628183,0.0,0.9745762711864406
guidebook_dae,1299,0,44,0.5735514809675877,0.0,0.232125053411195
guidebook_dae,1300,0,44,0.5735514809675877,0.0,0.232125053411195
guidebook_dae,1301,0,45,0.5692043621689077,0.0,0.19915254237288135
guidebook_dae,1302,0,45,0.5692043621689077,0.0,0.19915254237288135
guidebook_dae,1303,0,46,0.4200829256412629,0.0,0.8008474576271187
guidebook_dae,1304,0,46,0.4200829256412629,0.0,0.8008474576271187
guidebook_dae,1305,0,47,0.37436434446284944,0.0,0.8904714428144138
guidebook_dae,1306,0,47,0.37436434446284944,0.0,0.8904714428144138
guidebook_dae,1307,0,48,0.4875852355175795,0.0,0.5487466172909842
guidebook_dae,1308,0,48,0.4875852355175795,0.0,0.5487466172909842
guidebook_dae,1309,0,49,0.3634516141178549,0.0,0.961864406779661
guidebook_dae,1310,0,49,0.3634516141178549,0.0,0.961864406779661
guidebook_dae,1311,0,50,0.28524082465193884,0.0,0.987359350519869
guidebook_dae,1312,0,50,0.28524082465193884,0.0,0.987359350519869
guidebook_dae,1313,0,51,0.5999484938021217,0.0,0.14335564734368325
guidebook_dae,1314,0,51,0.5999484938021217,0.0,0.14335564734368325
guidebook_dae,1315,0,52,0.3844769704823089,0.0,0.8940677966101696
guidebook_dae,1316,0,52,0.3844769704823089,0.0,0.8940677966101696
guidebook_dae,1317,0,53,0.3185928611140926,0.0,0.9621848739495799
guidebook_dae,1318,0,53,0.3185928611140926,0.0,0.9621848739495799
guidebook_dae,1319,0,54,0.41027821527787783,0.0,0.8389830508474576
guidebook_dae,1320,0,54,0.41027821527787783,0.0,0.8389830508474576
guidebook_dae,1321,0,55,0.4059699517285657,0.0,0.8347457627118644
guidebook_dae,1322,0,55,0.4059699517285657,0.0,0.8347457627118644
guidebook_dae,1323,0,56,0.5388772613797973,0.0,0.3432203389830508
guidebook_dae,1324,0,56,0.5388772613797973,0.0,0.3432203389830508
guidebook_dae,1325,0,57,0.5103921276719982,0.0,0.5274177467597209
guidebook_dae,1326,0,57,0.5103921276719982,0.0,0.5274177467597209
guidebook_dae,1327,0,58,0.4331088656579379,0.0,0.771186440677966
guidebook_dae,1328,0,58,0.4331088656579379,0.0,0.771186440677966
guidebook_dae,1329,0,59,0.32009081500552106,0.0,0.9661016949152542
guidebook_dae,1330,0,59,0.32009081500552106,0.0,0.9661016949152542
guidebook_dae,1331,0,60,0.49757691193683246,0.0,0.5127118644067796
guidebook_dae,1332,0,60,0.49757691193683246,0.0,0.5127118644067796
guidebook_dae,1333,0,61,0.344388693913165,0.0,0.9406779661016949
guidebook_dae,1334,0,61,0.344388693913165,0.0,0.9406779661016949
guidebook_dae,1335,0,62,0.3870338124514837,0.0,0.8813559322033898
guidebook_dae,1336,0,62,0.3870338124514837,0.0,0.8813559322033898
guidebook_dae,1337,0,63,0.4911823526934371,0.0,0.5254237288135593
guidebook_dae,1338,0,63,0.4911823526934371,0.0,0.5254237288135593
guidebook_dae,1339,0,64,0.4632323008743794,0.0,0.6750818971656459
guidebook_dae,1340,0,64,0.4632323008743794,0.0,0.6750818971656459
guidebook_dae,1341,0,65,0.4274885761349808,0.0,0.7796610169491526
guidebook_dae,1342,0,65,0.4274885761349808,0.0,0.7796610169491526
guidebook_dae,1343,0,66,0.496198788156752,0.0,0.5274177467597209
guidebook_dae,1344,0,66,0.496198788156752,0.0,0.5274177467597209
guidebook_dae,1345,0,67,0.43177788165955483,0.0,0.8142358638370603
guidebook_dae,1346,0,67,0.43177788165955483,0.0,0.8142358638370603
guidebook_dae,1347,1,68,0.5414738131497459,0.0,0.31779661016949157
guidebook_dae,1348,0,68,0.5414738131497459,0.0,0.31779661016949157
guidebook_dae,1349,0,69,0.450414289538329,0.0,0.728813559322034
guidebook_dae,1350,0,69,0.450414289538329,0.0,0.728813559322034
guidebook_dae,1351,0,70,0.5670898911180625,0.0,0.21610169491525422
guidebook_dae,1352,0,71,0.3134594147962334,0.0,0.9661016949152542
guidebook_dae,1353,0,70,0.5670898911180625,0.0,0.21610169491525422
guidebook_dae,1354,0,71,0.3134594147962334,0.0,0.9661016949152542
guidebook_dae,1355,0,72,0.5193260376468368,0.0,0.4788135593220339
guidebook_dae,1356,0,72,0.5193260376468368,0.0,0.4788135593220339
guidebook_dae,1357,0,73,0.48011941808189185,0.0,0.5423728813559322
guidebook_dae,1358,0,73,0.48011941808189185,0.0,0.5423728813559322
guidebook_dae,1359,0,74,0.4519818035438177,0.0,0.6694915254237288
guidebook_dae,1360,0,74,0.4519818035438177,0.0,0.6694915254237288
guidebook_dae,1361,0,75,0.5385266016853839,0.0,0.3079689502919812
guidebook_dae,1362,0,75,0.5385266016853839,0.0,0.3079689502919812
guidebook_dae,1363,0,76,0.36299000703337647,0.0,0.9071713431135167
guidebook_dae,1364,0,76,0.36299000703337647,0.0,0.9071713431135167
guidebook_dae,1365,0,77,0.44827467533693677,0.0,0.75
guidebook_dae,1366,0,77,0.44827467533693677,0.0,0.75
guidebook_dae,1367,0,78,0.360639679849727,0.0,0.9406779661016949
guidebook_dae,1368,0,78,0.360639679849727,0.0,0.9406779661016949
guidebook_dae,1369,0,79,0.4263832389117124,0.0,0.8347457627118644
guidebook_dae,1370,0,79,0.4263832389117124,0.0,0.8347457627118644
guidebook_dae,1371,1,80,0.36786676441337207,0.0,0.9152542372881356
guidebook_dae,1372,0,80,0.36786676441337207,0.0,0.9152542372881356
guidebook_dae,1373,0,81,0.6213643288373827,0.0,0.07174903859849024
guidebook_dae,1374,0,81,0.6213643288373827,0.0,0.07174903859849024
guidebook_dae,1375,0,82,0.46163475332257936,0.0,0.7385343968095713
guidebook_dae,1376,0,82,0.46163475332257936,0.0,0.7385343968095713
guidebook_dae,1377,0,83,0.3623535123963745,0.0,0.9152542372881356
guidebook_dae,1378,0,83,0.3623535123963745,0.0,0.9152542372881356
guidebook_dae,1379,0,84,0.48007236348216936,0.0,0.6415396667141433
guidebook_dae,1380,0,84,0.48007236348216936,0.0,0.6415396667141433
guidebook_dae,1381,1,85,0.35378127007878485,0.0,0.9364406779661016
guidebook_dae,1382,0,85,0.35378127007878485,0.0,0.9364406779661016
guidebook_dae,1383,0,86,0.4427309252119704,0.0,0.8101410055547643
guidebook_dae,1384,0,86,0.4427309252119704,0.0,0.8101410055547643
guidebook_dae,1385,0,87,0.499498313944728,0.0,0.5169491525423728
guidebook_dae,1386,0,87,0.499498313944728,0.0,0.5169491525423728
guidebook_dae,1387,0,88,0.4630002632841971,0.0,0.6708090015667284
guidebook_dae,1388,0,88,0.4630002632841971,0.0,0.6708090015667284
guidebook_dae,1389,0,89,0.5285476708538237,0.0,0.3728813559322034
guidebook_dae,1390,0,89,0.5285476708538237,0.0,0.3728813559322034
guidebook_dae,1391,0,90,0.5259702998859244,0.0,0.4110169491525424
guidebook_dae,1392,0,90,0.5259702998859244,0.0,0.4110169491525424
guidebook_dae,1393,0,91,0.5271036162242035,0.0,0.385593220338983
guidebook_dae,1394,0,91,0.5271036162242035,0.0,0.385593220338983
guidebook_dae,1395,0,92,0.4553748637288112,0.0,0.6666429283577838
guidebook_dae,1396,0,92,0.4553748637288112,0.0,0.6666429283577838
guidebook_dae,1397,0,93,0.5449676291281402,0.0,0.326271186440678
guidebook_dae,1398,0,93,0.5449676291281402,0.0,0.326271186440678
guidebook_dae,1399,0,94,0.382982459366584,0.0,0.9194915254237288
guidebook_dae,1400,0,94,0.382982459366584,0.0,0.9194915254237288
guidebook_dae,1401,0,95,0.3308477006747386,0.0,0.9533898305084746
guidebook_dae,1402,0,95,0.3308477006747386,0.0,0.9533898305084746
guidebook_dae,1403,0,96,0.2496887837700045,0.0,0.987359350519869
guidebook_dae,1404,0,96,0.2496887837700045,0.0,0.987359350519869
guidebook_dae,1405,0,97,0.38172496620319185,0.0,0.9152542372881356
guidebook_dae,1406,0,97,0.38172496620319185,0.0,0.9152542372881356
guidebook_dae,1407,0,98,0.4430998333884874,0.0,0.8101410055547643
guidebook_dae,1408,0,98,0.4430998333884874,0.0,0.8101410055547643
guidebook_dae,1409,0,99,0.450827132364963,0.0,0.6949152542372882
guidebook_dae,1410,0,99,0.450827132364963,0.0,0.6949152542372882
guidebook_dae,1411,0,100,0.3921689738836388,0.0,0.8983050847457628
guidebook_dae,1412,0,100,0.3921689738836388,0.0,0.8983050847457628
guidebook_dae,1413,0,101,0.4032345379092675,0.0,0.847457627118644
guidebook_dae,1414,0,101,0.4032345379092675,0.0,0.847457627118644
guidebook_dae,1415,1,102,0.5233008911736362,0.0,0.4388263780088306
guidebook_dae,1416,0,102,0.5233008911736362,0.0,0.4388263780088306
guidebook_dae,1417,0,103,0.447892787487303,0.0,0.7256801025494943
guidebook_dae,1418,0,103,0.447892787487303,0.0,0.7256801025494943
guidebook_dae,1419,0,104,0.5935380452633481,0.0,0.15677966101694915
guidebook_dae,1420,0,104,0.5935380452633481,0.0,0.15677966101694915
guidebook_dae,1421,0,105,0.4206029116951437,0.0,0.847457627118644
guidebook_dae,1422,0,105,0.4206029116951437,0.0,0.847457627118644
guidebook_dae,1423,0,106,0.5091875245008558,0.0,0.461864406779661
guidebook_dae,1424,0,106,0.5091875245008558,0.0,0.461864406779661
guidebook_dae,1425,0,107,0.4246927558929932,0.0,0.8228172624982196
guidebook_dae,1426,0,107,0.4246927558929932,0.0,0.8228172624982196
guidebook_dae,1427,0,108,0.32320526725515913,0.0,0.9705882352941176
guidebook_dae,1428,0,108,0.32320526725515913,0.0,0.9705882352941176
guidebook_dae,1429,0,109,0.41190940657479597,0.0,0.8184019370460048
guidebook_dae,1430,0,109,0.41190940657479597,0.0,0.8184019370460048
guidebook_dae,1431,0,110,0.5200377918037904,0.0,0.423728813559322
guidebook_dae,1432,0,110,0.5200377918037904,0.0,0.423728813559322
guidebook_dae,1433,0,111,0.4947665730030021,0.0,0.6101694915254237
guidebook_dae,1434,0,111,0.4947665730030021,0.0,0.6101694915254237
guidebook_dae,1435,0,112,0.5783381795149222,0.0,0.2404928072924085
guidebook_dae,1436,0,112,0.5783381795149222,0.0,0.2404928072924085
guidebook_dae,1437,0,113,0.41232756816044275,0.0,0.8305084745762712
guidebook_dae,1438,0,113,0.41232756816044275,0.0,0.8305084745762712
guidebook_dae,1439,0,114,0.4570470626654374,0.0,0.6949152542372882
guidebook_dae,1440,0,114,0.4570470626654374,0.0,0.6949152542372882
guidebook_dae,1441,0,115,0.4084299929158834,0.0,0.8311494089161089
guidebook_dae,1442,0,115,0.4084299929158834,0.0,0.8311494089161089
guidebook_dae,1443,0,116,0.41850226941798985,0.0,0.8008474576271187
guidebook_dae,1444,0,116,0.41850226941798985,0.0,0.8008474576271187
guidebook_dae,1445,0,117,0.41895454969047397,0.0,0.8093220338983051
guidebook_dae,1446,0,117,0.41895454969047397,0.0,0.8093220338983051
guidebook_dae,1447,0,118,0.4699842482231366,0.0,0.6624768551488391
guidebook_dae,1448,0,118,0.4699842482231366,0.0,0.6624768551488391
guidebook_dae,1449,0,119,0.5216543985721626,0.0,0.3813559322033898
guidebook_dae,1450,0,119,0.5216543985721626,0.0,0.3813559322033898
guidebook_dae,1451,0,120,0.4272889183922303,0.0,0.7966101694915254
guidebook_dae,1452,0,120,0.4272889183922303,0.0,0.7966101694915254
guidebook_dae,1453,0,121,0.45159202604452064,0.0,0.7245762711864407
guidebook_dae,1454,0,121,0.45159202604452064,0.0,0.7245762711864407
guidebook_dae,1455,1,122,0.4824433491914474,0.0,0.5529839054265775
guidebook_dae,1456,0,122,0.4824433491914474,0.0,0.5529839054265775
guidebook_dae,1457,0,123,0.4992160380557615,0.0,0.5189787779518586
guidebook_dae,1458,0,123,0.4992160380557615,0.0,0.5189787779518586
guidebook_dae,1459,0,124,0.47189544358820107,0.0,0.6440677966101696
guidebook_dae,1460,0,124,0.47189544358820107,0.0,0.6440677966101696
guidebook_dae,1461,0,125,0.5114617521371729,0.0,0.4533898305084746
guidebook_dae,1462,0,125,0.5114617521371729,0.0,0.4533898305084746
guidebook_dae,1463,0,126,0.5114833679564346,0.0,0.5127118644067796
guidebook_dae,1464,0,126,0.5114833679564346,0.0,0.5127118644067796
guidebook_dae,1465,0,127,0.4159154877158201,0.0,0.847457627118644
guidebook_dae,1466,0,127,0.4159154877158201,0.0,0.847457627118644
guidebook_dae,1467,0,128,0.372345935062517,0.0,0.9578051559606894
guidebook_dae,1468,0,128,0.372345935062517,0.0,0.9578051559606894
guidebook_dae,1469,0,129,0.4425332774251789,0.0,0.75
guidebook_dae,1470,0,129,0.4425332774251789,0.0,0.75
guidebook_dae,1471,0,130,0.4217791589890464,0.0,0.8565375302663438
guidebook_dae,1472,0,130,0.4217791589890464,0.0,0.8565375302663438
guidebook_dae,1473,0,131,0.3218090996412224,0.0,0.961864406779661
guidebook_dae,1474,0,131,0.3218090996412224,0.0,0.961864406779661
guidebook_dae,1475,0,132,0.42005038632872216,0.0,0.8227816550348953
guidebook_dae,1476,0,132,0.42005038632872216,0.0,0.8227816550348953
guidebook_dae,1477,0,133,0.5686850640947716,0.0,0.19915254237288135
guidebook_dae,1478,0,133,0.5686850640947716,0.0,0.19915254237288135
guidebook_dae,1479,0,134,0.5348458956606409,0.0,0.35048426150121065
guidebook_dae,1480,0,134,0.5348458956606409,0.0,0.35048426150121065
guidebook_dae,1481,0,135,0.41970764061403754,0.0,0.771186440677966
guidebook_dae,1482,0,135,0.41970764061403754,0.0,0.771186440677966
guidebook_dae,1483,0,136,0.46358749404965777,0.0,0.6610169491525424
guidebook_dae,1484,0,136,0.46358749404965777,0.0,0.6610169491525424
guidebook_dae,1485,0,137,0.4226040423885148,0.0,0.8093220338983051
guidebook_dae,1486,0,137,0.4226040423885148,0.0,0.8093220338983051
guidebook_dae,1487,0,138,0.49924206357533557,0.0,0.521186440677966
guidebook_dae,1488,0,138,0.49924206357533557,0.0,0.521186440677966
guidebook_dae,1489,0,139,0.44169032152631316,0.0,0.7966101694915254
guidebook_dae,1490,0,139,0.44169032152631316,0.0,0.7966101694915254
guidebook_dae,1491,0,140,0.3779425169872496,0.0,0.9110169491525424
guidebook_dae,1492,0,140,0.3779425169872496,0.0,0.9110169491525424
guidebook_dae,1493,0,141,0.3349850426471405,0.0,0.9494730095428001
guidebook_dae,1494,0,141,0.3349850426471405,0.0,0.9494730095428001
guidebook_dae,1495,0,142,0.43308511917166825,0.0,0.7796610169491525
guidebook_dae,1496,0,142,0.43308511917166825,0.0,0.7796610169491525
guidebook_dae,1497,0,143,0.3561421065530407,0.0,0.9449152542372882
guidebook_dae,1498,0,143,0.3561421065530407,0.0,0.9449152542372882
guidebook_dae,1499,0,144,0.4648852834946006,0.0,0.6652542372881356
guidebook_dae,1500,0,144,0.4648852834946006,0.0,0.6652542372881356
guidebook_dae,1501,0,145,0.4080921026572101,0.0,0.8559322033898306
guidebook_dae,1502,0,145,0.4080921026572101,0.0,0.8559322033898306
guidebook_dae,1503,0,146,0.391050553005329,0.0,0.8559322033898304
guidebook_dae,1504,0,146,0.391050553005329,0.0,0.8559322033898304
guidebook_dae,1505,0,147,0.5319324889281316,0.0,0.38983050847457623
guidebook_dae,1506,0,147,0.5319324889281316,0.0,0.38983050847457623
guidebook_dae,1507,0,148,0.48198255124349076,0.0,0.6228813559322033
guidebook_dae,1508,0,148,0.48198255124349076,0.0,0.6228813559322033
guidebook_dae,1509,0,149,0.5461031528553062,0.0,0.2542372881355932
guidebook_dae,1510,0,149,0.5461031528553062,0.0,0.2542372881355932
guidebook_dae,1511,1,150,0.4521497793562329,0.0,0.7203389830508474
guidebook_dae,1512,0,150,0.4521497793562329,0.0,0.7203389830508474
guidebook_dae,1513,0,151,0.4332239455176139,0.0,0.7245762711864407
guidebook_dae,1514,0,151,0.4332239455176139,0.0,0.7245762711864407
guidebook_dae,1515,1,152,0.4349444738700086,0.0,0.7722546645776955
guidebook_dae,1516,0,152,0.4349444738700086,0.0,0.7722546645776955
guidebook_dae,1517,0,153,0.44295383396993104,0.0,0.7467241133741632
guidebook_dae,1518,0,153,0.44295383396993104,0.0,0.7467241133741632
guidebook_dae,1519,0,154,0.40882451597420655,0.0,0.8479917390685088
guidebook_dae,1520,0,154,0.40882451597420655,0.0,0.8479917390685088
guidebook_dae,1521,1,155,0.4642800122203992,0.0,0.7076271186440677
guidebook_dae,1522,0,155,0.4642800122203992,0.0,0.7076271186440677
guidebook_dae,1523,0,156,0.445855233845894,0.0,0.7542372881355932
guidebook_dae,1524,0,156,0.445855233845894,0.0,0.7542372881355932
guidebook_dae,1525,0,157,0.6505995662154124,0.2,0.046610169491525424
guidebook_dae,1526,0,157,0.6505995662154124,0.2,0.046610169491525424
guidebook_dae,1527,0,158,0.4537417195503518,0.0,0.680672268907563
guidebook_dae,1528,0,158,0.4537417195503518,0.0,0.680672268907563
guidebook_dae,1529,0,159,0.5500826552921608,0.0,0.2656316763993733
guidebook_dae,1530,0,159,0.5500826552921608,0.0,0.2656316763993733
guidebook_dae,1531,0,160,0.5844195104193692,0.0,0.1652542372881356
guidebook_dae,1532,0,160,0.5844195104193692,0.0,0.1652542372881356
guidebook_dae,1533,1,161,0.48135624075888855,0.0,0.5127118644067796
guidebook_dae,1534,0,161,0.48135624075888855,0.0,0.5127118644067796
guidebook_dae,1535,0,162,0.4293948903013501,0.0,0.7805868109955847
guidebook_dae,1536,0,162,0.4293948903013501,0.0,0.7805868109955847
guidebook_dae,1537,0,163,0.4707930207488215,0.0,0.636839481555334
guidebook_dae,1538,0,163,0.4707930207488215,0.0,0.636839481555334
guidebook_dae,1539,0,164,0.46570421766195064,0.0,0.6822033898305084
guidebook_dae,1540,0,164,0.46570421766195064,0.0,0.6822033898305084
guidebook_dae,1541,0,165,0.4275891713793891,0.0,0.8220338983050848
guidebook_dae,1542,0,165,0.4275891713793891,0.0,0.8220338983050848
guidebook_dae,1543,0,166,0.46820545774900213,0.0,0.6313559322033898
guidebook_dae,1544,0,166,0.46820545774900213,0.0,0.6313559322033898
guidebook_dae,1545,0,167,0.41952563133464943,0.0,0.8516949152542372
guidebook_dae,1546,0,167,0.41952563133464943,0.0,0.8516949152542372
guidebook_dae,1547,0,168,0.43649072444932263,0.0,0.8354579119783507
guidebook_dae,1548,0,168,0.43649072444932263,0.0,0.8354579119783507
guidebook_dae,1549,0,169,0.5360601667377299,0.0,0.36284005127474717
guidebook_dae,1550,0,169,0.5360601667377299,0.0,0.36284005127474717
guidebook_dae,1551,0,170,0.4015969156389067,0.0,0.8735935051986896
guidebook_dae,1552,0,170,0.4015969156389067,0.0,0.8735935051986896
guidebook_dae,1553,0,171,0.4436745797029772,0.0,0.6554621848739496
guidebook_dae,1554,0,171,0.4436745797029772,0.0,0.6554621848739496
guidebook_dae,1555,0,172,0.4801836521378542,0.0,0.5400940037031762
guidebook_dae,1556,0,172,0.4801836521378542,0.0,0.5400940037031762
guidebook_dae,1557,1,173,0.3346455806465341,0.0,0.9491525423728814
guidebook_dae,1558,0,173,0.3346455806465341,0.0,0.9491525423728814
guidebook_dae,1559,0,174,0.37935633223121173,0.0,0.9071357356501923
guidebook_dae,1560,0,174,0.37935633223121173,0.0,0.9071357356501923
guidebook_dae,1561,0,175,0.56475247601767,0.0,0.18993020937188437
guidebook_dae,1562,0,175,0.56475247601767,0.0,0.18993020937188437
guidebook_dae,1563,0,176,0.4959476731760838,0.0,0.5444737216920666
guidebook_dae,1564,0,176,0.4959476731760838,0.0,0.5444737216920666
guidebook_dae,1565,0,177,0.512890524077329,0.0,0.48942458339267914
guidebook_dae,1566,0,177,0.512890524077329,0.0,0.48942458339267914
guidebook_dae,1567,0,178,0.402068573972621,0.0,0.8686440677966102
guidebook_dae,1568,0,178,0.402068573972621,0.0,0.8686440677966102
guidebook_dae,1569,0,179,0.4870774153372464,0.0,0.5907634240136732
guidebook_dae,1570,0,179,0.4870774153372464,0.0,0.5907634240136732
guidebook_dae,1571,0,180,0.49204860579081017,0.0,0.5296610169491525
guidebook_dae,1572,0,180,0.49204860579081017,0.0,0.5296610169491525
guidebook_dae,1573,0,181,0.4642895804604724,0.0,0.6906779661016949
guidebook_dae,1574,0,181,0.4642895804604724,0.0,0.6906779661016949
guidebook_dae,1575,0,182,0.4095942270292118,0.0,0.8686440677966102
guidebook_dae,1576,0,182,0.4095942270292118,0.0,0.8686440677966102
guidebook_dae,1577,0,183,0.42518698797470317,0.0,0.7542372881355932
guidebook_dae,1578,0,183,0.42518698797470317,0.0,0.7542372881355932
guidebook_dae,1579,0,184,0.5419592471180512,0.0,0.3432203389830508
guidebook_dae,1580,0,184,0.5419592471180512,0.0,0.3432203389830508
guidebook_dae,1581,0,185,0.4517588942496742,0.0,0.6610169491525424
guidebook_dae,1582,0,185,0.4517588942496742,0.0,0.6610169491525424
guidebook_dae,1583,0,186,0.42593652030684137,0.0,0.7542372881355932
guidebook_dae,1584,0,186,0.42593652030684137,0.0,0.7542372881355932
guidebook_dae,1585,0,187,0.5677585750575915,0.0,0.24152542372881355
guidebook_dae,1586,0,187,0.5677585750575915,0.0,0.24152542372881355
guidebook_dae,1587,0,188,0.6325706560097812,0.2,0.06779661016949153
guidebook_dae,1588,0,188,0.6325706560097812,0.2,0.06779661016949153
guidebook_dae,1589,0,189,0.48810030148036815,0.0,0.6582395670132459
guidebook_dae,1590,0,189,0.48810030148036815,0.0,0.6582395670132459
guidebook_dae,1591,0,190,0.42626823293542604,0.0,0.7838983050847457
guidebook_dae,1592,0,190,0.42626823293542604,0.0,0.7838983050847457
guidebook_dae,1593,0,191,0.48410427861355326,0.0,0.5508474576271187
guidebook_dae,1594,0,191,0.48410427861355326,0.0,0.5508474576271187
guidebook_dae,1595,0,192,0.47272477458934137,0.0,0.6244124768551489
guidebook_dae,1596,0,192,0.47272477458934137,0.0,0.6244124768551489
guidebook_dae,1597,0,193,0.49473928599243433,0.0,0.6059322033898304
guidebook_dae,1598,0,193,0.49473928599243433,0.0,0.6059322033898304
guidebook_dae,1599,0,194,0.5751043029583348,0.0,0.21506907847884915
guidebook_dae,1600,0,194,0.5751043029583348,0.0,0.21506907847884915
guidebook_dae,1601,0,195,0.5442699874705486,0.0,0.3389830508474576
guidebook_dae,1602,0,195,0.5442699874705486,0.0,0.3389830508474576
guidebook_dae,1603,0,196,0.45962409288174133,0.0,0.6596638655462185
guidebook_dae,1604,0,196,0.45962409288174133,0.0,0.6596638655462185
guidebook_dae,1605,0,197,0.5450899133472308,0.0,0.3458196838057257
guidebook_dae,1606,0,197,0.5450899133472308,0.0,0.3458196838057257
guidebook_dae,1607,0,198,0.5246247558686853,0.0,0.44302805868109957
guidebook_dae,1608,0,198,0.5246247558686853,0.0,0.44302805868109957
guidebook_dae,1609,0,199,0.43103514093885337,0.0,0.7983193277310925
guidebook_dae,1610,0,199,0.43103514093885337,0.0,0.7983193277310925
guidebook_dae,1611,0,200,0.6734712008299683,0.3,0.03813559322033898
guidebook_dae,1612,0,200,0.6734712008299683,0.3,0.03813559322033898
guidebook_dae,1613,0,201,0.47876375055629394,0.0,0.5570075487822248
guidebook_dae,1614,0,201,0.47876375055629394,0.0,0.5570075487822248
guidebook_dae,1615,0,202,0.4446418766202494,0.0,0.7457627118644068
guidebook_dae,1616,0,202,0.4446418766202494,0.0,0.7457627118644068
guidebook_dae,1617,0,203,0.5114907807984632,0.0,0.5508474576271186
guidebook_dae,1618,1,203,0.5114907807984632,0.0,0.5508474576271186
guidebook_dae,1619,0,204,0.5033804599868952,0.0,0.48305084745762716
guidebook_dae,1620,0,204,0.5033804599868952,0.0,0.48305084745762716
guidebook_dae,1621,1,205,0.47924407308293376,0.0,0.6101694915254237
guidebook_dae,1622,0,205,0.47924407308293376,0.0,0.6101694915254237
guidebook_dae,1623,0,206,0.5384453892141721,0.0,0.3120638085742772
guidebook_dae,1624,0,206,0.5384453892141721,0.0,0.3120638085742772
guidebook_dae,1625,0,207,0.4526493364396324,0.0,0.7044936618715283
guidebook_dae,1626,0,207,0.4526493364396324,0.0,0.7044936618715283
guidebook_dae,1627,0,208,0.41575712779502494,0.0,0.8102834354080615
guidebook_dae,1628,0,208,0.41575712779502494,0.0,0.8102834354080615
guidebook_dae,1629,0,209,0.3533766538718234,0.0,0.9533898305084746
guidebook_dae,1630,0,209,0.3533766538718234,0.0,0.9533898305084746
guidebook_dae,1631,0,210,0.4733872054508878,0.0,0.652542372881356
guidebook_dae,1632,0,210,0.4733872054508878,0.0,0.652542372881356
guidebook_dae,1633,0,211,0.4469048462901107,0.0,0.7457627118644068
guidebook_dae,1634,0,211,0.4469048462901107,0.0,0.7457627118644068
guidebook_dae,1635,0,212,0.3911266209641614,0.0,0.9072781655034895
guidebook_dae,1636,0,212,0.3911266209641614,0.0,0.9072781655034895
guidebook_dae,1637,0,213,0.4973227881327268,0.0,0.5233228884774248
guidebook_dae,1638,0,213,0.4973227881327268,0.0,0.5233228884774248
guidebook_dae,1639,0,214,0.4103544558607532,0.0,0.860774818401937
guidebook_dae,1640,0,214,0.4103544558607532,0.0,0.860774818401937
guidebook_dae,1641,0,215,0.5905376248869865,0.0,0.15610311921378722
guidebook_dae,1642,0,215,0.5905376248869865,0.0,0.15610311921378722
guidebook_dae,1643,0,216,0.46477431141355546,0.0,0.7130394530693633
guidebook_dae,1644,0,216,0.46477431141355546,0.0,0.7130394530693633
guidebook_dae,1645,0,217,0.555421501032651,0.0,0.31779661016949157
guidebook_dae,1646,0,217,0.555421501032651,0.0,0.31779661016949157
guidebook_dae,1647,0,218,0.486149963599913,0.0,0.6370175188719556
guidebook_dae,1648,0,218,0.486149963599913,0.0,0.6370175188719556
guidebook_dae,1649,0,219,0.5064775387368889,0.0,0.4830508474576271
guidebook_dae,1650,0,219,0.5064775387368889,0.0,0.4830508474576271
guidebook_dae,1651,0,220,0.4842987068781036,0.0,0.4830508474576271
guidebook_dae,1652,0,220,0.4842987068781036,0.0,0.4830508474576271
guidebook_dae,1653,0,221,0.5667700547762498,0.0,0.25
guidebook_dae,1654,0,221,0.5667700547762498,0.0,0.25
guidebook_dae,1655,0,222,0.4915046305212892,0.0,0.5593220338983051
guidebook_dae,1656,0,222,0.4915046305212892,0.0,0.5593220338983051
guidebook_dae,1657,0,223,0.5287342226501577,0.0,0.3686440677966102
guidebook_dae,1658,0,223,0.5287342226501577,0.0,0.3686440677966102
guidebook_dae,1659,0,224,0.42828202734437726,0.0,0.7966101694915254
guidebook_dae,1660,0,224,0.42828202734437726,0.0,0.7966101694915254
guidebook_dae,1661,0,225,0.411862632973376,0.0,0.826271186440678
guidebook_dae,1662,0,225,0.411862632973376,0.0,0.826271186440678
guidebook_dae,1663,0,226,0.43219866891981973,0.0,0.8516949152542372
guidebook_dae,1664,0,226,0.43219866891981973,0.0,0.8516949152542372
guidebook_dae,1665,0,227,0.4447415546115526,0.0,0.6963039453069364
guidebook_dae,1666,0,227,0.4447415546115526,0.0,0.6963039453069364
guidebook_dae,1667,0,228,0.3225844417831344,0.0,0.9745762711864406
guidebook_dae,1668,0,228,0.3225844417831344,0.0,0.9745762711864406
guidebook_dae,1669,0,229,0.5627766941314994,0.0,0.2457627118644068
guidebook_dae,1670,0,229,0.5627766941314994,0.0,0.2457627118644068
guidebook_dae,1671,0,230,0.5432999787476206,0.0,0.2742842899871813
guidebook_dae,1672,0,230,0.5432999787476206,0.0,0.2742842899871813
guidebook_dae,1673,0,231,0.46654157527640816,0.0,0.635593220338983
guidebook_dae,1674,1,231,0.46654157527640816,0.0,0.635593220338983
guidebook_dae,1675,0,232,0.4829480999053942,0.0,0.6709158239567012
guidebook_dae,1676,0,232,0.4829480999053942,0.0,0.6709158239567012
guidebook_dae,1677,0,233,0.44811766618151994,0.0,0.6991525423728813
guidebook_dae,1678,0,233,0.44811766618151994,0.0,0.6991525423728813
guidebook_dae,1679,0,234,0.4618465702603605,0.0,0.6991525423728813
guidebook_dae,1680,0,234,0.4618465702603605,0.0,0.6991525423728813
guidebook_dae,1681,0,235,0.5394156644584857,0.0,0.3432203389830508
guidebook_dae,1682,0,235,0.5394156644584857,0.0,0.3432203389830508
guidebook_dae,1683,0,236,0.35518838696858657,0.0,0.9240136732659165
guidebook_dae,1684,0,236,0.35518838696858657,0.0,0.9240136732659165
guidebook_dae,1685,0,237,0.3114757389135504,0.0,0.9661016949152543
guidebook_dae,1686,0,237,0.3114757389135504,0.0,0.9661016949152543
guidebook_dae,1687,0,238,0.5728780311139003,0.0,0.21610169491525424
guidebook_dae,1688,0,238,0.5728780311139003,0.0,0.21610169491525424
guidebook_dae,1689,0,239,0.4658455752124545,0.0,0.6822033898305084
guidebook_dae,1690,0,239,0.4658455752124545,0.0,0.6822033898305084
guidebook_dae,1691,0,240,0.41649230341913784,0.0,0.788135593220339
guidebook_dae,1692,0,240,0.41649230341913784,0.0,0.788135593220339
guidebook_dae,1693,0,241,0.4314698787223227,0.0,0.7848953140578265
guidebook_dae,1694,0,241,0.4314698787223227,0.0,0.7848953140578265
guidebook_dae,1695,0,242,0.5934186919336893,0.0,0.18565731377296682
guidebook_dae,1696,0,242,0.5934186919336893,0.0,0.18565731377296682
guidebook_dae,1697,0,243,0.7711171362782296,0.7,0.012711864406779662
guidebook_dae,1698,0,243,0.7711171362782296,0.7,0.012711864406779662
guidebook_dae,1699,0,244,0.5163892835891397,0.0,0.3389830508474576
guidebook_dae,1700,0,244,0.5163892835891397,0.0,0.3389830508474576
guidebook_dae,1701,0,245,0.5400979991776282,0.0,0.30373166215638797
guidebook_dae,1702,0,245,0.5400979991776282,0.0,0.30373166215638797
guidebook_dae,1703,0,246,0.47784517535485327,0.0,0.6245905141717705
guidebook_dae,1704,0,246,0.47784517535485327,0.0,0.6245905141717705
guidebook_dae,1705,0,247,0.5968320264939126,0.0,0.1181811707733941
guidebook_dae,1706,0,247,0.5968320264939126,0.0,0.1181811707733941
guidebook_dae,1707,0,248,0.5943595837941718,0.0,0.1440677966101695
guidebook_dae,1708,0,249,0.45556808076653593,0.0,0.711864406779661
guidebook_dae,1709,0,249,0.45556808076653593,0.0,0.711864406779661
guidebook_dae,1710,0,248,0.5943595837941718,0.0,0.1440677966101695
guidebook_dae,1711,0,250,0.5975786871268728,0.0,0.1228813559322034
guidebook_dae,1712,0,250,0.5975786871268728,0.0,0.1228813559322034
guidebook_dae,1713,0,251,0.44824403785005196,0.0,0.6779661016949152
guidebook_dae,1714,0,252,0.5419756797571151,0.0,0.31640791909984334
guidebook_dae,1715,0,252,0.5419756797571151,0.0,0.31640791909984334
guidebook_dae,1716,0,251,0.44824403785005196,0.0,0.6779661016949152
guidebook_dae,1717,0,253,0.4180993864800232,0.0,0.8008474576271186
guidebook_dae,1718,0,253,0.4180993864800232,0.0,0.8008474576271186
guidebook_dae,1719,0,254,0.39729451269784366,0.0,0.8389830508474576
guidebook_dae,1720,0,255,0.5367311023605895,0.0,0.41774675972083747
guidebook_dae,1721,0,254,0.39729451269784366,0.0,0.8389830508474576
guidebook_dae,1722,0,255,0.5367311023605895,0.0,0.41774675972083747
guidebook_dae,1723,0,256,0.5394658926173037,0.0,0.3347457627118644
guidebook_dae,1724,0,256,0.5394658926173037,0.0,0.3347457627118644
guidebook_dae,1725,0,257,0.4808770827617989,0.0,0.611665004985045
guidebook_dae,1726,0,257,0.4808770827617989,0.0,0.611665004985045
guidebook_dae,1727,0,258,0.48630256651085924,0.0,0.5486397949010113
guidebook_dae,1728,0,258,0.48630256651085924,0.0,0.5486397949010113
guidebook_dae,1729,0,259,0.3656719574761743,0.0,0.923728813559322
guidebook_dae,1730,0,259,0.3656719574761743,0.0,0.923728813559322
guidebook_dae,1731,0,260,0.39598706944304857,0.0,0.8983050847457628
guidebook_dae,1732,0,260,0.39598706944304857,0.0,0.8983050847457628
guidebook_dae,1733,0,261,0.4927995023525196,0.0,0.5381355932203389
guidebook_dae,1734,0,261,0.4927995023525196,0.0,0.5381355932203389
guidebook_dae,1735,0,262,0.5706165965118696,0.0,0.19915254237288135
guidebook_dae,1736,0,262,0.5706165965118696,0.0,0.19915254237288135
guidebook_dae,1737,0,263,0.3745201499099091,0.0,0.9409272183449651
guidebook_dae,1738,0,263,0.3745201499099091,0.0,0.9409272183449651
guidebook_dae,1739,0,264,0.5770426322174189,0.0,0.17796610169491525
guidebook_dae,1740,0,264,0.5770426322174189,0.0,0.17796610169491525
guidebook_dae,1741,0,265,0.5147401857029272,0.0,0.4132958268052984
guidebook_dae,1742,0,265,0.5147401857029272,0.0,0.4132958268052984
guidebook_dae,1743,0,266,0.5110849671641142,0.0,0.4364406779661017
guidebook_dae,1744,0,266,0.5110849671641142,0.0,0.4364406779661017
guidebook_dae,1745,0,267,0.5234900063049441,0.0,0.42622133599202394
guidebook_dae,1746,0,267,0.5234900063049441,0.0,0.42622133599202394
guidebook_dae,1747,0,268,0.48744980543493205,0.0,0.5612092294544937
guidebook_dae,1748,0,268,0.48744980543493205,0.0,0.5612092294544937
guidebook_dae,1749,0,269,0.5057303725167489,0.0,0.4576271186440678
guidebook_dae,1750,0,269,0.5057303725167489,0.0,0.4576271186440678
guidebook_dae,1751,0,270,0.5357388651039439,0.0,0.30807577268195413
guidebook_dae,1752,0,270,0.5357388651039439,0.0,0.30807577268195413
guidebook_dae,1753,0,271,0.5520844598246526,0.0,0.30508474576271183
guidebook_dae,1754,0,271,0.5520844598246526,0.0,0.30508474576271183
guidebook_dae,1755,0,272,0.5193100318692745,0.0,0.4576271186440678
guidebook_dae,1756,0,272,0.5193100318692745,0.0,0.4576271186440678
guidebook_dae,1757,0,273,0.34101057295092546,0.0,0.961864406779661
guidebook_dae,1758,0,273,0.34101057295092546,0.0,0.961864406779661
guidebook_dae,1759,0,274,0.37404540655000823,0.0,0.907206950576841
guidebook_dae,1760,0,274,0.37404540655000823,0.0,0.907206950576841
guidebook_dae,1761,1,275,0.529531208831673,0.0,0.36686369463039453
guidebook_dae,1762,0,275,0.529531208831673,0.0,0.36686369463039453
guidebook_dae,1763,0,276,0.4506253608553892,0.0,0.728813559322034
guidebook_dae,1764,0,276,0.4506253608553892,0.0,0.728813559322034
guidebook_dae,1765,0,277,0.4695753705538843,0.0,0.6440677966101694
guidebook_dae,1766,0,277,0.4695753705538843,0.0,0.6440677966101694
guidebook_dae,1767,0,278,0.4862232849868994,0.0,0.6059322033898304
guidebook_dae,1768,0,278,0.4862232849868994,0.0,0.6059322033898304
guidebook_dae,1769,0,279,0.4605500612627124,0.0,0.7076271186440678
guidebook_dae,1770,0,279,0.4605500612627124,0.0,0.7076271186440678
guidebook_dae,1771,0,280,0.49300716311931314,0.0,0.5254237288135593
guidebook_dae,1772,0,280,0.49300716311931314,0.0,0.5254237288135593
guidebook_dae,1773,0,281,0.39681103834120035,0.0,0.8940677966101696
guidebook_dae,1774,0,281,0.39681103834120035,0.0,0.8940677966101696
guidebook_dae,1775,0,282,0.4831473123775166,0.0,0.6260504201680672
guidebook_dae,1776,0,282,0.4831473123775166,0.0,0.6260504201680672
guidebook_dae,1777,0,283,0.5232902441078228,0.0,0.3771186440677966
guidebook_dae,1778,0,283,0.5232902441078228,0.0,0.3771186440677966
guidebook_dae,1779,0,284,0.5786015715776289,0.0,0.24152542372881355
guidebook_dae,1780,0,284,0.5786015715776289,0.0,0.24152542372881355
guidebook_dae,1781,0,285,0.5061448382135674,0.0,0.46838057256801024
guidebook_dae,1782,0,285,0.5061448382135674,0.0,0.46838057256801024
guidebook_dae,1783,0,286,0.5213810143051447,0.0,0.4008332146417889
guidebook_dae,1784,0,286,0.5213810143051447,0.0,0.4008332146417889
guidebook_dae,1785,0,287,0.4746184120850151,0.0,0.654037886340977
guidebook_dae,1786,0,287,0.4746184120850151,0.0,0.654037886340977
guidebook_dae,1787,0,288,0.5222169747754644,0.0,0.46838057256801024
guidebook_dae,1788,0,288,0.5222169747754644,0.0,0.46838057256801024
guidebook_dae,1789,0,289,0.44960464105278286,0.0,0.7203389830508475
guidebook_dae,1790,0,290,0.4354221787289176,0.0,0.79326306793904
guidebook_dae,1791,0,290,0.4354221787289176,0.0,0.79326306793904
guidebook_dae,1792,0,289,0.44960464105278286,0.0,0.7203389830508475
guidebook_dae,1793,0,291,0.4249840607460298,0.0,0.8898305084745763
guidebook_dae,1794,0,291,0.4249840607460298,0.0,0.8898305084745763
guidebook_dae,1795,0,292,0.5755328983851429,0.0,0.19915254237288135
guidebook_dae,1796,0,292,0.5755328983851429,0.0,0.19915254237288135
guidebook_dae,1797,0,293,0.43209793264253105,0.0,0.7754237288135593
guidebook_dae,1798,0,293,0.43209793264253105,0.0,0.7754237288135593
guidebook_dae,1799,0,294,0.5231406550056983,0.0,0.4194915254237288
guidebook_dae,1800,0,294,0.5231406550056983,0.0,0.4194915254237288
guidebook_dae,1801,0,295,0.39924718649132285,0.0,0.8686440677966102
guidebook_dae,1802,0,295,0.39924718649132285,0.0,0.8686440677966102
guidebook_dae,1803,0,296,0.591087776226578,0.0,0.1483050847457627
guidebook_dae,1804,0,296,0.591087776226578,0.0,0.1483050847457627
guidebook_dae,1805,0,297,0.5316165690986187,0.0,0.3686440677966102
guidebook_dae,1806,0,297,0.5316165690986187,0.0,0.3686440677966102
guidebook_dae,1807,0,298,0.3592837519771782,0.0,0.9156103119213788
guidebook_dae,1808,0,298,0.3592837519771782,0.0,0.9156103119213788
guidebook_dae,1809,0,299,0.5094821821541955,0.0,0.423728813559322
guidebook_dae,1810,0,299,0.5094821821541955,0.0,0.423728813559322
guidebook_dae,1811,0,300,0.46644864354217574,0.0,0.7184873949579832
guidebook_dae,1812,0,300,0.46644864354217574,0.0,0.7184873949579832
guidebook_dae,1813,0,301,0.4686514792015067,0.0,0.6610169491525424
guidebook_dae,1814,0,301,0.4686514792015067,0.0,0.6610169491525424
guidebook_dae,1815,0,302,0.5501187715922135,0.0,0.3093220338983051
guidebook_dae,1816,0,302,0.5501187715922135,0.0,0.3093220338983051
guidebook_dae,1817,0,303,0.49008257698108715,0.0,0.5805084745762712
guidebook_dae,1818,0,303,0.49008257698108715,0.0,0.5805084745762712
guidebook_dae,1819,0,304,0.5117381718089434,0.0,0.4915254237288136
guidebook_dae,1820,0,304,0.5117381718089434,0.0,0.4915254237288136
guidebook_dae,1821,0,305,0.4222610345597963,0.0,0.7584745762711864
guidebook_dae,1822,0,305,0.4222610345597963,0.0,0.7584745762711864
guidebook_dae,1823,0,306,0.5304894572214787,0.0,0.385593220338983
guidebook_dae,1824,0,306,0.5304894572214787,0.0,0.385593220338983
guidebook_dae,1825,0,307,0.4933100850812634,0.0,0.5169491525423728
guidebook_dae,1826,0,307,0.4933100850812634,0.0,0.5169491525423728
guidebook_dae,1827,0,308,0.4410279738394074,0.0,0.7468665432274605
guidebook_dae,1828,0,308,0.4410279738394074,0.0,0.7468665432274605
guidebook_dae,1829,0,309,0.5391569676772099,0.0,0.3559322033898305
guidebook_dae,1830,0,309,0.5391569676772099,0.0,0.3559322033898305
guidebook_dae,1831,1,310,0.4256808452833301,0.0,0.7966101694915255
guidebook_dae,1832,0,310,0.4256808452833301,0.0,0.7966101694915255
guidebook_dae,1833,0,311,0.5910964533366638,0.0,0.1652542372881356
guidebook_dae,1834,0,311,0.5910964533366638,0.0,0.1652542372881356
guidebook_dae,1835,0,312,0.5363156077130949,0.0,0.3432203389830508
guidebook_dae,1836,0,312,0.5363156077130949,0.0,0.3432203389830508
guidebook_dae,1837,0,313,0.4733343800657777,0.0,0.6372311636519015
guidebook_dae,1838,0,313,0.4733343800657777,0.0,0.6372311636519015
guidebook_dae,1839,0,314,0.5064545980685408,0.0,0.519014385415183
guidebook_dae,1840,0,314,0.5064545980685408,0.0,0.519014385415183
guidebook_dae,1841,0,315,0.47295662737775934,0.0,0.6440677966101694
guidebook_dae,1842,0,315,0.47295662737775934,0.0,0.6440677966101694
guidebook_dae,1843,0,316,0.4006841721294899,0.0,0.8228884774248683
guidebook_dae,1844,0,316,0.4006841721294899,0.0,0.8228884774248683
guidebook_dae,1845,0,317,0.3360922114681117,0.0,0.9661016949152542
guidebook_dae,1846,0,317,0.3360922114681117,0.0,0.9661016949152542
guidebook_dae,1847,0,318,0.45995575935932476,0.0,0.6074989317761003
guidebook_dae,1848,0,318,0.45995575935932476,0.0,0.6074989317761003
guidebook_dae,1849,0,319,0.524277042960675,0.0,0.3601694915254237
guidebook_dae,1850,0,319,0.524277042960675,0.0,0.3601694915254237
guidebook_dae,1851,0,320,0.5312103207112235,0.0,0.3588876228457485
guidebook_dae,1852,0,320,0.5312103207112235,0.0,0.3588876228457485
guidebook_dae,1853,0,321,0.44754948727723065,0.0,0.7001139438826378
guidebook_dae,1854,0,321,0.44754948727723065,0.0,0.7001139438826378
guidebook_dae,1855,0,322,0.5082287571333091,0.0,0.4473721692066657
guidebook_dae,1856,0,322,0.5082287571333091,0.0,0.4473721692066657
guidebook_dae,1857,0,323,0.5074128838950208,0.0,0.47881355932203395
guidebook_dae,1858,0,323,0.5074128838950208,0.0,0.47881355932203395
guidebook_dae,1859,0,324,0.6032428866717934,0.0,0.15546218487394958
guidebook_dae,1860,0,324,0.6032428866717934,0.0,0.15546218487394958
guidebook_dae,1861,0,325,0.4515295722847414,0.0,0.6652542372881356
guidebook_dae,1862,0,325,0.4515295722847414,0.0,0.6652542372881356
guidebook_dae,1863,0,326,0.5114726505580068,0.0,0.5020652328728101
guidebook_dae,1864,0,326,0.5114726505580068,0.0,0.5020652328728101
guidebook_dae,1865,0,327,0.4372170357757327,0.0,0.7983193277310925
guidebook_dae,1866,0,327,0.4372170357757327,0.0,0.7983193277310925
guidebook_dae,1867,0,328,0.663815879729994,0.3,0.029661016949152543
guidebook_dae,1868,0,328,0.663815879729994,0.3,0.029661016949152543
guidebook_dae,1869,0,329,0.7650471062798012,0.6,0.016877937615724255
guidebook_dae,1870,0,329,0.7650471062798012,0.6,0.016877937615724255
guidebook_dae,1871,0,330,0.41226957637269634,0.0,0.7796610169491525
guidebook_dae,1872,0,330,0.41226957637269634,0.0,0.7796610169491525
guidebook_dae,1873,0,331,0.5784069221517897,0.0,0.1694915254237288
guidebook_dae,1874,0,331,0.5784069221517897,0.0,0.1694915254237288
guidebook_dae,1875,0,332,0.5018514274364986,0.0,0.46218487394957986
guidebook_dae,1876,0,332,0.5018514274364986,0.0,0.46218487394957986
guidebook_dae,1877,0,333,0.5005235994280388,0.0,0.4406779661016949
guidebook_dae,1878,0,333,0.5005235994280388,0.0,0.4406779661016949
guidebook_dae,1879,0,334,0.5893940665887927,0.0,0.1610169491525424
guidebook_dae,1880,0,334,0.5893940665887927,0.0,0.1610169491525424
guidebook_dae,1881,0,335,0.5317674903636103,0.0,0.385593220338983
guidebook_dae,1882,0,335,0.5317674903636103,0.0,0.385593220338983
guidebook_dae,1883,0,336,0.4750183597866949,0.0,0.6228813559322034
guidebook_dae,1884,0,336,0.4750183597866949,0.0,0.6228813559322034
guidebook_dae,1885,0,337,0.5504557415391675,0.0,0.28254522147842187
guidebook_dae,1886,0,337,0.5504557415391675,0.0,0.28254522147842187
guidebook_dae,1887,0,338,0.36865659520159155,0.0,0.8940677966101696
guidebook_dae,1888,0,338,0.36865659520159155,0.0,0.8940677966101696
guidebook_dae,1889,0,339,0.48919532223418977,0.0,0.5466101694915254
guidebook_dae,1890,0,339,0.48919532223418977,0.0,0.5466101694915254
guidebook_dae,1891,0,340,0.46086299705348244,0.0,0.6412904144708731
guidebook_dae,1892,0,340,0.46086299705348244,0.0,0.6412904144708731
guidebook_dae,1893,0,341,0.6518561928692856,0.1,0.03813559322033898
guidebook_dae,1894,0,341,0.6518561928692856,0.1,0.03813559322033898
guidebook_dae,1895,0,342,0.37836920890319686,0.0,0.9325594644637516
guidebook_dae,1896,0,342,0.37836920890319686,0.0,0.9325594644637516
guidebook_dae,1897,1,343,0.5379117236267812,0.0,0.3669705170203674
guidebook_dae,1898,0,343,0.5379117236267812,0.0,0.3669705170203674
guidebook_dae,1899,0,344,0.5495251411899915,0.0,0.25
guidebook_dae,1900,0,344,0.5495251411899915,0.0,0.25
guidebook_dae,1901,0,345,0.6106554406263693,0.0,0.1434980771969805
guidebook_dae,1902,0,345,0.6106554406263693,0.0,0.1434980771969805
guidebook_dae,1903,0,346,0.5148602954934469,0.0,0.45798319327731096
guidebook_dae,1904,0,346,0.5148602954934469,0.0,0.45798319327731096
guidebook_dae,1905,0,347,0.5537997776691957,0.0,0.2669491525423729
guidebook_dae,1906,0,347,0.5537997776691957,0.0,0.2669491525423729
guidebook_dae,1907,0,348,0.3504857236051142,0.0,0.9406779661016949
guidebook_dae,1908,0,348,0.3504857236051142,0.0,0.9406779661016949
guidebook_dae,1909,0,349,0.44007412467493323,0.0,0.7542372881355932
guidebook_dae,1910,0,349,0.44007412467493323,0.0,0.7542372881355932
guidebook_dae,1911,0,350,0.583044423262957,0.0,0.20253525138869108
guidebook_dae,1912,0,350,0.583044423262957,0.0,0.20253525138869108
guidebook_dae,1913,0,351,0.5147133348358789,0.0,0.4872881355932204
guidebook_dae,1914,0,351,0.5147133348358789,0.0,0.4872881355932204
guidebook_dae,1915,0,352,0.5265068717417981,0.0,0.37537387836490527
guidebook_dae,1916,0,352,0.5265068717417981,0.0,0.37537387836490527
guidebook_dae,1917,0,353,0.5778514861768804,0.0,0.22033898305084748
guidebook_dae,1918,0,353,0.5778514861768804,0.0,0.22033898305084748
guidebook_dae,1919,0,354,0.5792645305996296,0.0,0.21086739780658026
guidebook_dae,1920,0,354,0.5792645305996296,0.0,0.21086739780658026
guidebook_dae,1921,0,355,0.6227637988069674,0.2,0.1313559322033898
guidebook_dae,1922,0,355,0.6227637988069674,0.2,0.1313559322033898
guidebook_dae,1923,0,356,0.582670206487016,0.1,0.2288135593220339
guidebook_dae,1924,0,356,0.582670206487016,0.1,0.2288135593220339
guidebook_dae,1925,0,357,0.5614285985902215,0.1,0.22033898305084748
guidebook_dae,1926,0,357,0.5614285985902215,0.1,0.22033898305084748
guidebook_dae,1927,0,358,0.4488616989682287,0.0,0.7330508474576272
guidebook_dae,1928,0,358,0.4488616989682287,0.0,0.7330508474576272
guidebook_dae,1929,0,359,0.44813512935601585,0.0,0.6539666714143284
guidebook_dae,1930,0,359,0.44813512935601585,0.0,0.6539666714143284
guidebook_dae,1931,0,360,0.4429579866974735,0.0,0.7415254237288136
guidebook_dae,1932,0,360,0.4429579866974735,0.0,0.7415254237288136
guidebook_dae,1933,0,361,0.5307609756004386,0.0,0.34172482552342975
guidebook_dae,1934,0,361,0.5307609756004386,0.0,0.34172482552342975
guidebook_dae,1935,0,362,0.5834932407879332,0.0,0.1477353653325737
guidebook_dae,1936,0,362,0.5834932407879332,0.0,0.1477353653325737
guidebook_dae,1937,1,363,0.5360565950567846,0.0,0.38406209941603764
guidebook_dae,1938,0,363,0.5360565950567846,0.0,0.38406209941603764
guidebook_dae,1939,0,364,0.44985994908063465,0.0,0.7245762711864407
guidebook_dae,1940,0,364,0.44985994908063465,0.0,0.7245762711864407
guidebook_dae,1941,0,365,0.4969021078056686,0.0,0.4830508474576271
guidebook_dae,1942,0,365,0.4969021078056686,0.0,0.4830508474576271
guidebook_dae,1943,0,366,0.3432777127816926,0.0,0.9449152542372881
guidebook_dae,1944,0,366,0.3432777127816926,0.0,0.9449152542372881
guidebook_dae,1945,0,367,0.49566661433036135,0.0,0.5466101694915254
guidebook_dae,1946,0,368,0.5015676509673065,0.0,0.5423728813559322
guidebook_dae,1947,0,368,0.5015676509673065,0.0,0.5423728813559322
guidebook_dae,1948,0,367,0.49566661433036135,0.0,0.5466101694915254
guidebook_dae,1949,0,369,0.48785098793704396,0.0,0.5254237288135594
guidebook_dae,1950,0,369,0.48785098793704396,0.0,0.5254237288135594
guidebook_dae,1951,0,370,0.5071953808284776,0.0,0.4364406779661017
guidebook_dae,1952,0,370,0.5071953808284776,0.0,0.4364406779661017
guidebook_dae,1953,0,371,0.49894392547868877,0.0,0.5233584959407491
guidebook_dae,1954,0,371,0.49894392547868877,0.0,0.5233584959407491
guidebook_dae,1955,0,372,0.43810492891271213,0.0,0.79326306793904
guidebook_dae,1956,0,372,0.43810492891271213,0.0,0.79326306793904
guidebook_dae,1957,0,373,0.4834307486397826,0.0,0.5593220338983051
guidebook_dae,1958,0,373,0.4834307486397826,0.0,0.5593220338983051
guidebook_dae,1959,0,374,0.4313444200423978,0.0,0.725751317476143
guidebook_dae,1960,0,374,0.4313444200423978,0.0,0.725751317476143
guidebook_dae,1961,0,375,0.6228933633148533,0.2,0.11864406779661017
guidebook_dae,1962,0,375,0.6228933633148533,0.2,0.11864406779661017
guidebook_dae,1963,0,376,0.5024447109617625,0.0,0.5169491525423728
guidebook_dae,1964,0,376,0.5024447109617625,0.0,0.5169491525423728
guidebook_dae,1965,0,377,0.47364910610868305,0.0,0.7172411337416322
guidebook_dae,1966,0,377,0.47364910610868305,0.0,0.7172411337416322
guidebook_dae,1967,0,378,0.45923004488924424,0.0,0.6398305084745763
guidebook_dae,1968,0,378,0.45923004488924424,0.0,0.6398305084745763
guidebook_dae,1969,0,379,0.5613355123408796,0.0,0.2614656031904287
guidebook_dae,1970,0,379,0.5613355123408796,0.0,0.2614656031904287
guidebook_dae,1971,0,380,0.590103921576942,0.0,0.2033898305084746
guidebook_dae,1972,0,380,0.590103921576942,0.0,0.2033898305084746
guidebook_dae,1973,1,381,0.5914960745861144,0.0,0.16037601481270475
guidebook_dae,1974,0,381,0.5914960745861144,0.0,0.16037601481270475
guidebook_dae,1975,0,382,0.5831064509348909,0.0,0.2033898305084746
guidebook_dae,1976,0,383,0.5642887033103949,0.1,0.2627118644067796
guidebook_dae,1977,0,383,0.5642887033103949,0.1,0.2627118644067796
guidebook_dae,1978,0,382,0.5831064509348909,0.0,0.2033898305084746
guidebook_dae,1979,0,384,0.5124196120446236,0.0,0.4957627118644068
guidebook_dae,1980,0,384,0.5124196120446236,0.0,0.4957627118644068
guidebook_dae,1981,0,385,0.383088050260249,0.0,0.8940677966101696
guidebook_dae,1982,0,385,0.383088050260249,0.0,0.8940677966101696
guidebook_dae,1983,0,386,0.41491044338000993,0.0,0.793369890329013
guidebook_dae,1984,0,386,0.41491044338000993,0.0,0.793369890329013
guidebook_dae,1985,0,387,0.49608443240034433,0.0,0.5423728813559322
guidebook_dae,1986,0,387,0.49608443240034433,0.0,0.5423728813559322
guidebook_dae,1987,0,388,0.4773355599176714,0.0,0.7004344110525567
guidebook_dae,1988,0,388,0.4773355599176714,0.0,0.7004344110525567
guidebook_dae,1989,0,389,0.5262814720278752,0.0,0.3220338983050848
guidebook_dae,1990,0,389,0.5262814720278752,0.0,0.3220338983050848
guidebook_dae,1991,0,390,0.47907070834487586,0.0,0.5635593220338984
guidebook_dae,1992,0,390,0.47907070834487586,0.0,0.5635593220338984
guidebook_dae,1993,0,391,0.47369492660388746,0.0,0.5781939894601908
guidebook_dae,1994,0,391,0.47369492660388746,0.0,0.5781939894601908
guidebook_dae,1995,0,392,0.44307961477244495,0.0,0.7203389830508474
guidebook_dae,1996,0,392,0.44307961477244495,0.0,0.7203389830508474
guidebook_dae,1997,0,393,0.39940412892460736,0.0,0.8944950861700612
guidebook_dae,1998,0,393,0.39940412892460736,0.0,0.8944950861700612
guidebook_dae,1999,0,394,0.45861244421278774,0.0,0.6398305084745762
guidebook_dae,2000,0,395,0.5072321585183988,0.0,0.48515168779376155
guidebook_dae,2001,0,395,0.5072321585183988,0.0,0.48515168779376155
guidebook_dae,2002,0,394,0.45861244421278774,0.0,0.6398305084745762
guidebook_dae,2003,0,396,0.45284068186194093,0.0,0.6793904002278878
guidebook_dae,2004,0,396,0.45284068186194093,0.0,0.6793904002278878
guidebook_dae,2005,0,397,0.40547848478050064,0.0,0.7977852157812277
guidebook_dae,2006,0,397,0.40547848478050064,0.0,0.7977852157812277
guidebook_dae,2007,0,398,0.44043026700986143,0.0,0.7796610169491526
guidebook_dae,2008,0,398,0.44043026700986143,0.0,0.7796610169491526
guidebook_dae,2009,0,399,0.3736516894944628,0.0,0.8516949152542372
guidebook_dae,2010,0,399,0.3736516894944628,0.0,0.8516949152542372
guidebook_dae,2011,0,400,0.4939039226809645,0.0,0.423728813559322
guidebook_dae,2012,0,400,0.4939039226809645,0.0,0.423728813559322
guidebook_dae,2013,0,401,0.4252474348021697,0.0,0.8008474576271186
guidebook_dae,2014,0,401,0.4252474348021697,0.0,0.8008474576271186
guidebook_dae,2015,0,402,0.4215993551005776,0.0,0.8050847457627119
guidebook_dae,2016,0,402,0.4215993551005776,0.0,0.8050847457627119
guidebook_dae,2017,0,403,0.6906440163581098,0.5,0.01694915254237288
guidebook_dae,2018,0,403,0.6906440163581098,0.5,0.01694915254237288
guidebook_dae,2019,0,404,0.5021833352374168,0.0,0.4872881355932204
guidebook_dae,2020,0,404,0.5021833352374168,0.0,0.4872881355932204
guidebook_dae,2021,1,405,0.5176162227236916,0.0,0.426114513602051
guidebook_dae,2022,0,405,0.5176162227236916,0.0,0.426114513602051
guidebook_dae,2023,0,406,0.4316177304736872,0.0,0.8135593220338984
guidebook_dae,2024,0,406,0.4316177304736872,0.0,0.8135593220338984
guidebook_dae,2025,0,407,0.4965599147825895,0.0,0.5296610169491525
guidebook_dae,2026,0,407,0.4965599147825895,0.0,0.5296610169491525
guidebook_dae,2027,0,408,0.439434976424646,0.0,0.7298105682951146
guidebook_dae,2028,0,408,0.439434976424646,0.0,0.7298105682951146
guidebook_dae,2029,0,409,0.3936672134437262,0.0,0.9113374163224612
guidebook_dae,2030,0,409,0.3936672134437262,0.0,0.9113374163224612
guidebook_dae,2031,0,410,0.4675639679863076,0.0,0.6877581541091012
guidebook_dae,2032,0,410,0.4675639679863076,0.0,0.6877581541091012
guidebook_dae,2033,0,411,0.5111431323655083,0.0,0.49772112234724397
guidebook_dae,2034,0,411,0.5111431323655083,0.0,0.49772112234724397
guidebook_dae,2035,0,412,0.5143079831701446,0.0,0.538135593220339
guidebook_dae,2036,0,412,0.5143079831701446,0.0,0.538135593220339
guidebook_dae,2037,0,413,0.48421160558729276,0.0,0.6033328585671557
guidebook_dae,2038,0,413,0.48421160558729276,0.0,0.6033328585671557
guidebook_dae,2039,0,414,0.47233601139628123,0.0,0.5652684802734653
guidebook_dae,2040,0,414,0.47233601139628123,0.0,0.5652684802734653
guidebook_dae,2041,0,415,0.5679649429713105,0.0,0.21610169491525422
guidebook_dae,2042,0,416,0.531368741276413,0.0,0.3177966101694915
guidebook_dae,2043,0,415,0.5679649429713105,0.0,0.21610169491525422
guidebook_dae,2044,0,416,0.531368741276413,0.0,0.3177966101694915
guidebook_dae,2045,0,417,0.4502560086160005,0.0,0.7076271186440677
guidebook_dae,2046,0,417,0.4502560086160005,0.0,0.7076271186440677
guidebook_dae,2047,0,418,0.5162670137501906,0.0,0.4576271186440678
guidebook_dae,2048,0,418,0.5162670137501906,0.0,0.4576271186440678
guidebook_dae,2049,0,419,0.4581339872601305,0.0,0.6245192992451218
guidebook_dae,2050,0,419,0.4581339872601305,0.0,0.6245192992451218
guidebook_dae,2051,0,420,0.5408691355601272,0.0,0.3289773536533257
guidebook_dae,2052,0,420,0.5408691355601272,0.0,0.3289773536533257
guidebook_dae,2053,0,421,0.4683671903947363,0.0,0.6228813559322034
guidebook_dae,2054,0,421,0.4683671903947363,0.0,0.6228813559322034
guidebook_dae,2055,0,422,0.5887447760108032,0.0,0.1694915254237288
guidebook_dae,2056,0,422,0.5887447760108032,0.0,0.1694915254237288
guidebook_dae,2057,0,423,0.5656568851466872,0.0,0.1942743198974505
guidebook_dae,2058,0,423,0.5656568851466872,0.0,0.1942743198974505
guidebook_dae,2059,0,424,0.5970177242649555,0.0,0.15677966101694915
guidebook_dae,2060,0,424,0.5970177242649555,0.0,0.15677966101694915
guidebook_dae,2061,0,425,0.6313883154477457,0.2,0.0546218487394958
guidebook_dae,2062,0,425,0.6313883154477457,0.2,0.0546218487394958
guidebook_dae,2063,0,426,0.6801002171192717,0.6,0.012711864406779662
guidebook_dae,2064,0,426,0.6801002171192717,0.6,0.012711864406779662
guidebook_dae,2065,0,427,0.5435413807219207,0.0,0.2784503631961259
guidebook_dae,2066,0,427,0.5435413807219207,0.0,0.2784503631961259
guidebook_dae,2067,0,428,0.5798329252042362,0.0,0.19409628258082895
guidebook_dae,2068,0,428,0.5798329252042362,0.0,0.19409628258082895
guidebook_dae,2069,0,429,0.4608868792467734,0.0,0.6498718131320325
guidebook_dae,2070,0,429,0.4608868792467734,0.0,0.6498718131320325
guidebook_dae,2071,0,430,0.5102401250381841,0.0,0.5169491525423728
guidebook_dae,2072,0,430,0.5102401250381841,0.0,0.5169491525423728
guidebook_dae,2073,0,431,0.4757523246364458,0.0,0.5889830508474576
guidebook_dae,2074,0,431,0.4757523246364458,0.0,0.5889830508474576
guidebook_dae,2075,0,432,0.59219156046309,0.0,0.1610169491525424
guidebook_dae,2076,0,432,0.59219156046309,0.0,0.1610169491525424
guidebook_dae,2077,0,433,0.6475009199412087,0.1,0.05476427859279305
guidebook_dae,2078,0,433,0.6475009199412087,0.1,0.05476427859279305
guidebook_dae,2079,0,434,0.47393306530305457,0.0,0.5949294972226178
guidebook_dae,2080,0,434,0.47393306530305457,0.0,0.5949294972226178
guidebook_dae,2081,0,435,0.600378472563403,0.0,0.11016949152542373
guidebook_dae,2082,0,435,0.600378472563403,0.0,0.11016949152542373
guidebook_dae,2083,0,436,0.5063211809307532,0.0,0.5254237288135593
guidebook_dae,2084,0,436,0.5063211809307532,0.0,0.5254237288135593
guidebook_dae,2085,0,437,0.5184194461340488,0.0,0.4872881355932204
guidebook_dae,2086,0,437,0.5184194461340488,0.0,0.4872881355932204
guidebook_dae,2087,0,438,0.6176409857234393,0.2,0.059322033898305086
guidebook_dae,2088,0,438,0.6176409857234393,0.2,0.059322033898305086
guidebook_dae,2089,0,439,0.6314107207905478,0.1,0.06323885486397948
guidebook_dae,2090,0,439,0.6314107207905478,0.1,0.06323885486397948
guidebook_dae,2091,0,440,0.6202763080421676,0.2,0.07627118644067797
guidebook_dae,2092,0,440,0.6202763080421676,0.2,0.07627118644067797
guidebook_dae,2093,0,441,0.5360338493203635,0.0,0.3601694915254237
guidebook_dae,2094,0,441,0.5360338493203635,0.0,0.3601694915254237
guidebook_dae,2095,0,442,0.5170720325608996,0.0,0.4194915254237288
guidebook_dae,2096,0,442,0.5170720325608996,0.0,0.4194915254237288
guidebook_dae,2097,0,443,0.6257775107832447,0.0,0.09322033898305085
guidebook_dae,2098,0,443,0.6257775107832447,0.0,0.09322033898305085
guidebook_dae,2099,0,444,0.5854423997291889,0.0,0.1483050847457627
guidebook_dae,2100,0,444,0.5854423997291889,0.0,0.1483050847457627
guidebook_dae,2101,0,445,0.480133164966531,0.0,0.521186440677966
guidebook_dae,2102,0,445,0.480133164966531,0.0,0.521186440677966
guidebook_dae,2103,0,446,0.5598004840716662,0.0,0.2405284147557328
guidebook_dae,2104,0,446,0.5598004840716662,0.0,0.2405284147557328
guidebook_dae,2105,1,447,0.5021550502764466,0.0,0.4788135593220339
guidebook_dae,2106,0,447,0.5021550502764466,0.0,0.4788135593220339
guidebook_dae,2107,0,448,0.6567806443928362,0.3,0.04219484403931064
guidebook_dae,2108,0,448,0.6567806443928362,0.3,0.04219484403931064
guidebook_dae,2109,0,449,0.6220823028012482,0.0,0.10130323315766984
guidebook_dae,2110,0,449,0.6220823028012482,0.0,0.10130323315766984
guidebook_dae,2111,0,450,0.6283992168205879,0.0,0.06751175046289702
guidebook_dae,2112,0,450,0.6283992168205879,0.0,0.06751175046289702
guidebook_dae,2113,0,451,0.6100988516858192,0.0,0.11016949152542374
guidebook_dae,2114,0,451,0.6100988516858192,0.0,0.11016949152542374
guidebook_dae,2115,0,452,0.5178530255040319,0.0,0.3305084745762712
guidebook_dae,2116,0,452,0.5178530255040319,0.0,0.3305084745762712
guidebook_dae,2117,0,453,0.39917463461983477,0.0,0.8354935194416749
guidebook_dae,2118,0,453,0.39917463461983477,0.0,0.8354935194416749
guidebook_dae,2119,0,454,0.500899131417827,0.0,0.4872881355932203
guidebook_dae,2120,0,454,0.500899131417827,0.0,0.4872881355932203
guidebook_dae,2121,0,455,0.5809490763584992,0.0,0.2245762711864407
guidebook_dae,2122,0,455,0.5809490763584992,0.0,0.2245762711864407
guidebook_dae,2123,0,456,0.63209479128205,0.1,0.06779661016949153
guidebook_dae,2124,0,456,0.63209479128205,0.1,0.06779661016949153
guidebook_dae,2125,0,457,0.5532094658487924,0.0,0.29539951573849876
guidebook_dae,2126,0,457,0.5532094658487924,0.0,0.29539951573849876
guidebook_dae,2127,0,458,0.45958174744234304,0.0,0.576271186440678
guidebook_dae,2128,0,459,0.6108953129087894,0.0,0.11016949152542373
guidebook_dae,2129,0,459,0.6108953129087894,0.0,0.11016949152542373
guidebook_dae,2130,0,458,0.45958174744234304,0.0,0.576271186440678
guidebook_dae,2131,0,460,0.5067628116122911,0.0,0.4830508474576271
guidebook_dae,2132,0,460,0.5067628116122911,0.0,0.4830508474576271
guidebook_dae,2133,0,461,0.5733486041063601,0.0,0.21944879646773963
guidebook_dae,2134,0,461,0.5733486041063601,0.0,0.21944879646773963
guidebook_dae,2135,0,462,0.3815600588212918,0.0,0.8903290129611167
guidebook_dae,2136,0,462,0.3815600588212918,0.0,0.8903290129611167
guidebook_dae,2137,0,463,0.5786067948795279,0.0,0.24063523714570573
guidebook_dae,2138,0,463,0.5786067948795279,0.0,0.24063523714570573
guidebook_dae,2139,0,464,0.49553195373446857,0.0,0.5550847457627119
guidebook_dae,2140,0,464,0.49553195373446857,0.0,0.5550847457627119
guidebook_dae,2141,0,465,0.5585685299024263,0.0,0.2584745762711864
guidebook_dae,2142,0,465,0.5585685299024263,0.0,0.2584745762711864
guidebook_dae,2143,0,466,0.5895230702623028,0.0,0.17372881355932202
guidebook_dae,2144,0,466,0.5895230702623028,0.0,0.17372881355932202
guidebook_dae,2145,0,467,0.5497633505060707,0.0,0.2838983050847458
guidebook_dae,2146,0,467,0.5497633505060707,0.0,0.2838983050847458
guidebook_dae,2147,0,468,0.6195271854324534,0.0,0.08018800740635237
guidebook_dae,2148,0,469,0.5303494300138497,0.0,0.37558752314485117
guidebook_dae,2149,0,469,0.5303494300138497,0.0,0.37558752314485117
guidebook_dae,2150,0,468,0.6195271854324534,0.0,0.08018800740635237
guidebook_dae,2151,0,470,0.5735662963014498,0.0,0.23728813559322035
guidebook_dae,2152,0,470,0.5735662963014498,0.0,0.23728813559322035
guidebook_dae,2153,0,471,0.5889048459503916,0.0,0.12662013958125623
guidebook_dae,2154,0,471,0.5889048459503916,0.0,0.12662013958125623
guidebook_dae,2155,0,472,0.6976308661675327,0.8,0.008438968807862128
guidebook_dae,2156,0,472,0.6976308661675327,0.8,0.008438968807862128
guidebook_dae,2157,0,473,0.5475364646524821,0.0,0.35037743911123775
guidebook_dae,2158,0,473,0.5475364646524821,0.0,0.35037743911123775
guidebook_dae,2159,0,474,0.5292979210693696,0.0,0.4364406779661017
guidebook_dae,2160,0,474,0.5292979210693696,0.0,0.4364406779661017
guidebook_dae,2161,0,475,0.4651294266021118,0.0,0.75
guidebook_dae,2162,0,475,0.4651294266021118,0.0,0.75
guidebook_dae,2163,1,476,0.4464812404801551,0.0,0.7372881355932204
guidebook_dae,2164,0,476,0.4464812404801551,0.0,0.7372881355932204
guidebook_dae,2165,0,477,0.6893094916771136,0.7,0.012640649480131036
guidebook_dae,2166,0,477,0.6893094916771136,0.7,0.012640649480131036
guidebook_dae,2167,0,478,0.5098928848263273,0.0,0.4345534824099131
guidebook_dae,2168,0,478,0.5098928848263273,0.0,0.4345534824099131
guidebook_dae,2169,0,479,0.4988791302546039,0.0,0.521186440677966
guidebook_dae,2170,0,479,0.4988791302546039,0.0,0.521186440677966
guidebook_dae,2171,0,480,0.4917924437458767,0.0,0.5635593220338984
guidebook_dae,2172,0,480,0.4917924437458767,0.0,0.5635593220338984
guidebook_dae,2173,0,481,0.4974684996295976,0.0,0.5423728813559322
guidebook_dae,2174,0,481,0.4974684996295976,0.0,0.5423728813559322
guidebook_dae,2175,0,482,0.5195065422601993,0.0,0.423728813559322
guidebook_dae,2176,0,482,0.5195065422601993,0.0,0.423728813559322
guidebook_dae,2177,1,483,0.5000424531798393,0.0,0.6016949152542372
guidebook_dae,2178,0,483,0.5000424531798393,0.0,0.6016949152542372
guidebook_dae,2179,0,484,0.7100758255716931,0.7,0.01694915254237288
guidebook_dae,2180,0,484,0.7100758255716931,0.7,0.01694915254237288
guidebook_dae,2181,0,485,0.6041536801928997,0.0,0.11864406779661017
guidebook_dae,2182,0,485,0.6041536801928997,0.0,0.11864406779661017
guidebook_dae,2183,1,486,0.5432062742064255,0.0,0.392643498077197
guidebook_dae,2184,0,486,0.5432062742064255,0.0,0.392643498077197
guidebook_dae,2185,0,487,0.518037875748027,0.0,0.43220338983050843
guidebook_dae,2186,0,487,0.518037875748027,0.0,0.43220338983050843
guidebook_dae,2187,0,488,0.5394256535018377,0.0,0.3559322033898305
guidebook_dae,2188,0,488,0.5394256535018377,0.0,0.3559322033898305
guidebook_dae,2189,0,489,0.5866868673763551,0.0,0.15254237288135594
guidebook_dae,2190,0,489,0.5866868673763551,0.0,0.15254237288135594
guidebook_dae,2191,0,490,0.45766510569020796,0.0,0.6906779661016949
guidebook_dae,2192,0,490,0.45766510569020796,0.0,0.6906779661016949
guidebook_dae,2193,0,491,0.38122644549267104,0.0,0.8983050847457628
guidebook_dae,2194,0,491,0.38122644549267104,0.0,0.8983050847457628
guidebook_dae,2195,0,492,0.5395478975781128,0.0,0.3008474576271186
guidebook_dae,2196,0,492,0.5395478975781128,0.0,0.3008474576271186
guidebook_dae,2197,0,493,0.4622249214872617,0.0,0.6398305084745763
guidebook_dae,2198,0,493,0.4622249214872617,0.0,0.6398305084745763
guidebook_dae,2199,0,494,0.522408331692472,0.0,0.39406779661016944
guidebook_dae,2200,0,494,0.522408331692472,0.0,0.39406779661016944
guidebook_dae,2201,0,495,0.5357221433562719,0.0,0.3220338983050848
guidebook_dae,2202,0,495,0.5357221433562719,0.0,0.3220338983050848
guidebook_dae,2203,0,496,0.5657003508022794,0.0,0.19491525423728814
guidebook_dae,2204,0,496,0.5657003508022794,0.0,0.19491525423728814
guidebook_dae,2205,0,497,0.6107244085504601,0.1,0.08431847315197266
guidebook_dae,2206,0,497,0.6107244085504601,0.1,0.08431847315197266
guidebook_dae,2207,0,498,0.7658084913221835,1.0,0.0
guidebook_dae,2208,0,498,0.7658084913221835,1.0,0.0
guidebook_dae,2209,0,499,0.5006152513391665,0.0,0.47058823529411764
guidebook_dae,2210,0,499,0.5006152513391665,0.0,0.47058823529411764
guidebook_dae,2211,0,500,0.5307726668920603,0.0,0.2754237288135593
guidebook_dae,2212,0,500,0.5307726668920603,0.0,0.2754237288135593
guidebook_dae,2213,0,501,0.6262285900384019,0.1,0.08015239994302806
guidebook_dae,2214,0,501,0.6262285900384019,0.1,0.08015239994302806
guidebook_dae,2215,0,502,0.5198725454881491,0.0,0.3516949152542373
guidebook_dae,2216,0,502,0.5198725454881491,0.0,0.3516949152542373
guidebook_dae,2217,0,503,0.6445637072352165,0.0,0.0423728813559322
guidebook_dae,2218,0,503,0.6445637072352165,0.0,0.0423728813559322
guidebook_dae,2219,0,504,0.6324451046002872,0.1,0.07627118644067797
guidebook_dae,2220,0,504,0.6324451046002872,0.1,0.07627118644067797
guidebook_dae,2221,0,505,0.4951793424980015,0.0,0.4979703745905142
guidebook_dae,2222,0,505,0.4951793424980015,0.0,0.4979703745905142
guidebook_dae,2223,0,506,0.5575542042355468,0.0,0.288135593220339
guidebook_dae,2224,0,506,0.5575542042355468,0.0,0.288135593220339
guidebook_dae,2225,0,507,0.491047661570728,0.0,0.4830508474576271
guidebook_dae,2226,0,507,0.491047661570728,0.0,0.4830508474576271
guidebook_dae,2227,0,508,0.5337046295863439,0.0,0.3924298532972511
guidebook_dae,2228,0,508,0.5337046295863439,0.0,0.3924298532972511
guidebook_dae,2229,0,509,0.5971989649162519,0.0,0.13559322033898305
guidebook_dae,2230,0,509,0.5971989649162519,0.0,0.13559322033898305
guidebook_dae,2231,0,510,0.6126101596062182,0.0,0.096994730095428
guidebook_dae,2232,0,510,0.6126101596062182,0.0,0.096994730095428
guidebook_dae,2233,0,511,0.6766593527910906,0.7,0.01694915254237288
guidebook_dae,2234,0,511,0.6766593527910906,0.7,0.01694915254237288
guidebook_dae,2235,0,512,0.6053624163138528,0.0,0.1483050847457627
guidebook_dae,2236,0,512,0.6053624163138528,0.0,0.1483050847457627
guidebook_dae,2237,0,513,0.47953489300519186,0.0,0.5823956701324597
guidebook_dae,2238,0,513,0.47953489300519186,0.0,0.5823956701324597
guidebook_dae,2239,0,514,0.3993405565310663,0.0,0.8305084745762712
guidebook_dae,2240,0,514,0.3993405565310663,0.0,0.8305084745762712
guidebook_dae,2241,0,515,0.4423074676082456,0.0,0.7033898305084746
guidebook_dae,2242,0,515,0.4423074676082456,0.0,0.7033898305084746
guidebook_dae,2243,0,516,0.6042351157094366,0.0,0.09322033898305085
guidebook_dae,2244,0,516,0.6042351157094366,0.0,0.09322033898305085
guidebook_dae,2245,0,517,0.5980009088896419,0.1,0.11440677966101695
guidebook_dae,2246,0,518,0.5677104054290921,0.0,0.19491525423728812
guidebook_dae,2247,0,518,0.5677104054290921,0.0,0.19491525423728812
guidebook_dae,2248,0,517,0.5980009088896419,0.1,0.11440677966101695
guidebook_dae,2249,0,519,0.6577579710535718,0.3,0.0423728813559322
guidebook_dae,2250,0,519,0.6577579710535718,0.3,0.0423728813559322
guidebook_dae,2251,0,520,0.6999724492142867,0.6,0.00847457627118644
guidebook_dae,2252,0,520,0.6999724492142867,0.6,0.00847457627118644
guidebook_dae,2253,0,521,0.6226943241743672,0.1,0.07627118644067797
guidebook_dae,2254,0,521,0.6226943241743672,0.1,0.07627118644067797
guidebook_dae,2255,0,522,0.5656757006819542,0.0,0.24152542372881358
guidebook_dae,2256,0,522,0.5656757006819542,0.0,0.24152542372881358
guidebook_dae,2257,0,523,0.596120547429926,0.0,0.16454208802164932
guidebook_dae,2258,0,523,0.596120547429926,0.0,0.16454208802164932
guidebook_dae,2259,0,524,0.6427060220017109,0.0,0.05084745762711865
guidebook_dae,2260,0,524,0.6427060220017109,0.0,0.05084745762711865
guidebook_dae,2261,0,525,0.6208843159217106,0.1,0.08898305084745763
guidebook_dae,2262,0,525,0.6208843159217106,0.1,0.08898305084745763
guidebook_dae,2263,0,526,0.5743096339705336,0.0,0.2457627118644068
guidebook_dae,2264,0,526,0.5743096339705336,0.0,0.2457627118644068
guidebook_dae,2265,0,527,0.6311977386766816,0.1,0.05508474576271187
guidebook_dae,2266,0,527,0.6311977386766816,0.1,0.05508474576271187
guidebook_dae,2267,0,528,0.6264667361464757,0.0,0.07203389830508475
guidebook_dae,2268,0,529,0.630107823608479,0.0,0.08898305084745763
guidebook_dae,2269,0,528,0.6264667361464757,0.0,0.07203389830508475
guidebook_dae,2270,0,529,0.630107823608479,0.0,0.08898305084745763
guidebook_dae,2271,0,530,0.57117215786846,0.0,0.211864406779661
guidebook_dae,2272,0,530,0.57117215786846,0.0,0.211864406779661
guidebook_dae,2273,0,531,0.6224075439417546,0.2,0.08898305084745764
guidebook_dae,2274,0,531,0.6224075439417546,0.2,0.08898305084745764
guidebook_dae,2275,0,532,0.6542651497870545,0.2,0.0423728813559322
guidebook_dae,2276,0,532,0.6542651497870545,0.2,0.0423728813559322
guidebook_dae,2277,0,533,0.523090431567412,0.0,0.40254237288135597
guidebook_dae,2278,0,533,0.523090431567412,0.0,0.40254237288135597
guidebook_dae,2279,0,534,0.6090331076084943,0.0,0.1477353653325737
guidebook_dae,2280,0,534,0.6090331076084943,0.0,0.1477353653325737
guidebook_dae,2281,0,535,0.5861407274906191,0.0,0.15677966101694915
guidebook_dae,2282,0,535,0.5861407274906191,0.0,0.15677966101694915
guidebook_dae,2283,0,536,0.5209136551395155,0.0,0.2838983050847458
guidebook_dae,2284,0,536,0.5209136551395155,0.0,0.2838983050847458
guidebook_dae,2285,0,537,0.5350610639232898,0.0,0.288135593220339
guidebook_dae,2286,0,537,0.5350610639232898,0.0,0.288135593220339
guidebook_dae,2287,0,538,0.537527627612836,0.0,0.3796823814271471
guidebook_dae,2288,0,538,0.537527627612836,0.0,0.3796823814271471
guidebook_dae,2289,0,539,0.5737328202864381,0.0,0.20673693206096
guidebook_dae,2290,0,539,0.5737328202864381,0.0,0.20673693206096
guidebook_dae,2291,0,540,0.5425169741098687,0.0,0.3686440677966102
guidebook_dae,2292,0,540,0.5425169741098687,0.0,0.3686440677966102
guidebook_dae,2293,0,541,0.513579667339428,0.0,0.4258652613587808
guidebook_dae,2294,0,541,0.513579667339428,0.0,0.4258652613587808
guidebook_dae,2295,0,542,0.558741460134847,0.0,0.25320467169918814
guidebook_dae,2296,0,542,0.558741460134847,0.0,0.25320467169918814
guidebook_dae,2297,0,543,0.5325690389424486,0.0,0.4110169491525424
guidebook_dae,2298,0,543,0.5325690389424486,0.0,0.4110169491525424
guidebook_dae,2299,0,544,0.3804563283078762,0.0,0.8813559322033898
guidebook_dae,2300,0,544,0.3804563283078762,0.0,0.8813559322033898
guidebook_dae,2301,0,545,0.6241840303664645,0.1,0.08898305084745763
guidebook_dae,2302,0,545,0.6241840303664645,0.1,0.08898305084745763
guidebook_dae,2303,0,546,0.6422454263342962,0.1,0.05508474576271186
guidebook_dae,2304,0,546,0.6422454263342962,0.1,0.05508474576271186
guidebook_dae,2305,0,547,0.5553675550015409,0.0,0.2627118644067797
guidebook_dae,2306,0,547,0.5553675550015409,0.0,0.2627118644067797
guidebook_dae,2307,0,548,0.5715706169085774,0.0,0.2330508474576271
guidebook_dae,2308,0,548,0.5715706169085774,0.0,0.2330508474576271
guidebook_dae,2309,0,549,0.5426615394855798,0.0,0.316372311636519
guidebook_dae,2310,0,549,0.5426615394855798,0.0,0.316372311636519
guidebook_dae,2311,0,550,0.5085994752131974,0.0,0.44302805868109957
guidebook_dae,2312,0,550,0.5085994752131974,0.0,0.44302805868109957
guidebook_dae,2313,0,551,0.6390107222502363,0.1,0.06331006979062812
guidebook_dae,2314,0,551,0.6390107222502363,0.1,0.06331006979062812
guidebook_dae,2315,0,552,0.45537144212225583,0.0,0.5677966101694916
guidebook_dae,2316,0,552,0.45537144212225583,0.0,0.5677966101694916
guidebook_dae,2317,0,553,0.4468403841081662,0.0,0.7033898305084745
guidebook_dae,2318,0,553,0.4468403841081662,0.0,0.7033898305084745
guidebook_dae,2319,0,554,0.48894646849695944,0.0,0.559322033898305
guidebook_dae,2320,0,554,0.48894646849695944,0.0,0.559322033898305
guidebook_dae,2321,0,555,0.5669349899564817,0.0,0.21610169491525422
guidebook_dae,2322,0,555,0.5669349899564817,0.0,0.21610169491525422
guidebook_dae,2323,0,556,0.5368912802652055,0.0,0.3882281726249822
guidebook_dae,2324,0,556,0.5368912802652055,0.0,0.3882281726249822
guidebook_dae,2325,0,557,0.5614573263509645,0.0,0.2954351232018231
guidebook_dae,2326,0,557,0.5614573263509645,0.0,0.2954351232018231
guidebook_dae,2327,0,558,0.731445526255386,0.8,0.00847457627118644
guidebook_dae,2328,0,558,0.731445526255386,0.8,0.00847457627118644
guidebook_dae,2329,0,559,0.5497591537047114,0.0,0.3601694915254237
guidebook_dae,2330,0,559,0.5497591537047114,0.0,0.3601694915254237
guidebook_dae,2331,1,560,0.5248631073498335,0.0,0.4703389830508475
guidebook_dae,2332,0,560,0.5248631073498335,0.0,0.4703389830508475
guidebook_dae,2333,0,561,0.5579258556831718,0.0,0.24035037743911125
guidebook_dae,2334,0,561,0.5579258556831718,0.0,0.24035037743911125
guidebook_dae,2335,0,562,0.5106703895151149,0.0,0.4132958268052984
guidebook_dae,2336,0,562,0.5106703895151149,0.0,0.4132958268052984
guidebook_dae,2337,0,563,0.5400838184700575,0.0,0.3881569576983336
guidebook_dae,2338,0,563,0.5400838184700575,0.0,0.3881569576983336
guidebook_dae,2339,0,564,0.5796366176846318,0.0,0.1864406779661017
guidebook_dae,2340,0,564,0.5796366176846318,0.0,0.1864406779661017
guidebook_dae,2341,0,565,0.5584978266501008,0.0,0.288135593220339
guidebook_dae,2342,0,565,0.5584978266501008,0.0,0.288135593220339
guidebook_dae,2343,1,566,0.5535694163373222,0.0,0.3220338983050847
guidebook_dae,2344,0,566,0.5535694163373222,0.0,0.3220338983050847
guidebook_dae,2345,0,567,0.43969543294935887,0.0,0.7457627118644068
guidebook_dae,2346,0,567,0.43969543294935887,0.0,0.7457627118644068
guidebook_dae,2347,0,568,0.5608493968621578,0.0,0.24152542372881358
guidebook_dae,2348,0,568,0.5608493968621578,0.0,0.24152542372881358
guidebook_dae,2349,0,569,0.5529489618563356,0.0,0.2796610169491526
guidebook_dae,2350,0,569,0.5529489618563356,0.0,0.2796610169491526
guidebook_dae,2351,0,570,0.6118073341995446,0.0,0.11016949152542374
guidebook_dae,2352,0,570,0.6118073341995446,0.0,0.11016949152542374
guidebook_dae,2353,0,571,0.5965606973970459,0.0,0.11864406779661016
guidebook_dae,2354,0,571,0.5965606973970459,0.0,0.11864406779661016
guidebook_dae,2355,0,572,0.6958559735661554,0.7,0.01694915254237288
guidebook_dae,2356,0,572,0.6958559735661554,0.7,0.01694915254237288
guidebook_dae,2357,0,573,0.6061272311989787,0.0,0.11825238570004273
guidebook_dae,2358,0,573,0.6061272311989787,0.0,0.11825238570004273
guidebook_dae,2359,0,574,0.4830814023659661,0.0,0.5720338983050848
guidebook_dae,2360,0,574,0.4830814023659661,0.0,0.5720338983050848
guidebook_dae,2361,0,575,0.5738478757289031,0.0,0.2288135593220339
guidebook_dae,2362,0,575,0.5738478757289031,0.0,0.2288135593220339
guidebook_dae,2363,0,576,0.5543333671557136,0.0,0.26573849878934624
guidebook_dae,2364,0,576,0.5543333671557136,0.0,0.26573849878934624
guidebook_dae,2365,0,577,0.6078902127846358,0.0,0.1271186440677966
guidebook_dae,2366,0,577,0.6078902127846358,0.0,0.1271186440677966
guidebook_dae,2367,0,578,0.7477658332301541,1.0,0.0
guidebook_dae,2368,0,578,0.7477658332301541,1.0,0.0
guidebook_dae,2369,0,579,0.4740650547076797,0.0,0.6260504201680672
guidebook_dae,2370,0,579,0.4740650547076797,0.0,0.6260504201680672
guidebook_dae,2371,0,580,0.5800674990497954,0.0,0.1398305084745763
guidebook_dae,2372,0,580,0.5800674990497954,0.0,0.1398305084745763
guidebook_dae,2373,0,581,0.5948033460181911,0.0,0.16454208802164932
guidebook_dae,2374,0,581,0.5948033460181911,0.0,0.16454208802164932
guidebook_dae,2375,0,582,0.541478894073683,0.0,0.3728813559322034
guidebook_dae,2376,0,582,0.541478894073683,0.0,0.3728813559322034
guidebook_dae,2377,0,583,0.5600767010568928,0.0,0.2584745762711864
guidebook_dae,2378,0,583,0.5600767010568928,0.0,0.2584745762711864
guidebook_dae,2379,0,584,0.5261010516735152,0.0,0.385593220338983
guidebook_dae,2380,0,584,0.5261010516735152,0.0,0.385593220338983
guidebook_dae,2381,0,585,0.524621220245266,0.0,0.43466030479988604
guidebook_dae,2382,0,585,0.524621220245266,0.0,0.43466030479988604
guidebook_dae,2383,0,586,0.6072063540182188,0.0,0.11440677966101695
guidebook_dae,2384,0,586,0.6072063540182188,0.0,0.11440677966101695
guidebook_dae,2385,0,587,0.6189693056719572,0.1,0.09663865546218488
guidebook_dae,2386,0,587,0.6189693056719572,0.1,0.09663865546218488
guidebook_dae,2387,0,588,0.5139375408788232,0.0,0.4810924369747899
guidebook_dae,2388,0,588,0.5139375408788232,0.0,0.4810924369747899
guidebook_dae,2389,0,589,0.5557333646899558,0.0,0.2796610169491525
guidebook_dae,2390,0,589,0.5557333646899558,0.0,0.2796610169491525
guidebook_dae,2391,0,590,0.49063029300060446,0.0,0.5042016806722689
guidebook_dae,2392,0,590,0.49063029300060446,0.0,0.5042016806722689
soft_vote_ensemble,1211,0,0,0.011992560055779752,0.0,0.32488249537102976
soft_vote_ensemble,1212,0,0,0.011992560055779752,0.0,0.32488249537102976
soft_vote_ensemble,1213,0,1,0.02250545517077083,0.0,0.13559322033898305
soft_vote_ensemble,1214,0,1,0.02250545517077083,0.0,0.13559322033898305
soft_vote_ensemble,1215,0,2,0.012798943494159712,0.0,0.3305084745762712
soft_vote_ensemble,1216,0,2,0.012798943494159712,0.0,0.3305084745762712
soft_vote_ensemble,1217,0,3,0.030194091762421195,0.0,0.10084033613445378
soft_vote_ensemble,1218,0,3,0.030194091762421195,0.0,0.10084033613445378
soft_vote_ensemble,1219,0,4,0.008307243376673013,0.0,0.7203389830508475
soft_vote_ensemble,1220,0,4,0.008307243376673013,0.0,0.7203389830508475
soft_vote_ensemble,1221,0,5,0.010128254832657028,0.0,0.4346246973365617
soft_vote_ensemble,1222,0,5,0.010128254832657028,0.0,0.4346246973365617
soft_vote_ensemble,1223,0,6,0.004719166966559078,0.0,0.8220338983050848
soft_vote_ensemble,1224,0,6,0.004719166966559078,0.0,0.8220338983050848
soft_vote_ensemble,1225,0,7,0.009140107085299491,0.0,0.5593220338983051
soft_vote_ensemble,1226,0,7,0.009140107085299491,0.0,0.5593220338983051
soft_vote_ensemble,1227,0,8,0.013944715326417636,0.0,0.3584247258225324
soft_vote_ensemble,1228,0,8,0.013944715326417636,0.0,0.3584247258225324
soft_vote_ensemble,1229,0,9,0.03189656736215868,0.1,0.08898305084745763
soft_vote_ensemble,1230,0,9,0.03189656736215868,0.1,0.08898305084745763
soft_vote_ensemble,1231,0,10,0.05575530313678678,0.3,0.03781512605042017
soft_vote_ensemble,1232,0,10,0.05575530313678678,0.3,0.03781512605042017
soft_vote_ensemble,1233,0,11,0.034555885006933636,0.1,0.059322033898305086
soft_vote_ensemble,1234,0,11,0.034555885006933636,0.1,0.059322033898305086
soft_vote_ensemble,1235,0,12,0.011986280463856885,0.0,0.4915254237288136
soft_vote_ensemble,1236,0,12,0.011986280463856885,0.0,0.4915254237288136
soft_vote_ensemble,1237,0,13,0.0420228592819854,0.2,0.0847457627118644
soft_vote_ensemble,1238,0,13,0.0420228592819854,0.2,0.0847457627118644
soft_vote_ensemble,1239,0,14,0.024201829592859856,0.0,0.2584745762711864
soft_vote_ensemble,1240,0,14,0.024201829592859856,0.0,0.2584745762711864
soft_vote_ensemble,1241,0,15,0.049292748771178625,0.1,0.0635593220338983
soft_vote_ensemble,1242,0,15,0.049292748771178625,0.1,0.0635593220338983
soft_vote_ensemble,1243,0,16,0.010080335924089641,0.0,0.5127118644067796
soft_vote_ensemble,1244,0,16,0.010080335924089641,0.0,0.5127118644067796
soft_vote_ensemble,1245,0,17,0.029926015922030973,0.0,0.10550491382993876
soft_vote_ensemble,1246,0,17,0.029926015922030973,0.0,0.10550491382993876
soft_vote_ensemble,1247,0,18,0.008642625711352148,0.0,0.6059322033898304
soft_vote_ensemble,1248,0,18,0.008642625711352148,0.0,0.6059322033898304
soft_vote_ensemble,1249,0,19,0.020099642604934128,0.0,0.1864406779661017
soft_vote_ensemble,1250,0,19,0.020099642604934128,0.0,0.1864406779661017
soft_vote_ensemble,1251,0,20,0.012134343537346838,0.0,0.3205027773821393
soft_vote_ensemble,1252,0,20,0.012134343537346838,0.0,0.3205027773821393
soft_vote_ensemble,1253,0,21,0.03770639949188752,0.1,0.1016949152542373
soft_vote_ensemble,1254,0,21,0.03770639949188752,0.1,0.1016949152542373
soft_vote_ensemble,1255,0,22,0.005293332807733688,0.0,0.7341902862840051
soft_vote_ensemble,1256,0,22,0.005293332807733688,0.0,0.7341902862840051
soft_vote_ensemble,1257,0,23,0.015597184485991868,0.0,0.36301808859136875
soft_vote_ensemble,1258,0,23,0.015597184485991868,0.0,0.36301808859136875
soft_vote_ensemble,1259,0,24,0.01863961445727549,0.0,0.2584745762711864
soft_vote_ensemble,1260,0,24,0.01863961445727549,0.0,0.2584745762711864
soft_vote_ensemble,1261,0,25,0.024311603438580735,0.0,0.1483050847457627
soft_vote_ensemble,1262,0,25,0.024311603438580735,0.0,0.1483050847457627
soft_vote_ensemble,1263,0,26,0.025944390560899883,0.0,0.19915254237288135
soft_vote_ensemble,1264,0,26,0.025944390560899883,0.0,0.19915254237288135
soft_vote_ensemble,1265,0,27,0.007940302040592838,0.0,0.5528058681099559
soft_vote_ensemble,1266,0,27,0.007940302040592838,0.0,0.5528058681099559
soft_vote_ensemble,1267,0,28,0.009816253185995027,0.0,0.4745762711864407
soft_vote_ensemble,1268,0,28,0.009816253185995027,0.0,0.4745762711864407
soft_vote_ensemble,1269,0,29,0.07427133470708477,0.3,0.03813559322033898
soft_vote_ensemble,1270,0,29,0.07427133470708477,0.3,0.03813559322033898
soft_vote_ensemble,1271,0,30,0.005852889081110108,0.0,0.7383563594929496
soft_vote_ensemble,1272,0,30,0.005852889081110108,0.0,0.7383563594929496
soft_vote_ensemble,1273,0,31,0.008115476360945492,0.0,0.652542372881356
soft_vote_ensemble,1274,0,31,0.008115476360945492,0.0,0.652542372881356
soft_vote_ensemble,1275,0,32,0.003545585710621571,0.0,0.9533898305084746
soft_vote_ensemble,1276,0,32,0.003545585710621571,0.0,0.9533898305084746
soft_vote_ensemble,1277,0,33,0.003725053199984612,0.0,0.847457627118644
soft_vote_ensemble,1278,0,33,0.003725053199984612,0.0,0.847457627118644
soft_vote_ensemble,1279,0,34,0.02561989656977076,0.1,0.4473009542800171
soft_vote_ensemble,1280,0,34,0.02561989656977076,0.1,0.4473009542800171
soft_vote_ensemble,1281,0,35,0.05310630901909895,0.2,0.13983050847457626
soft_vote_ensemble,1282,0,35,0.05310630901909895,0.2,0.13983050847457626
soft_vote_ensemble,1283,0,36,0.004132583125778129,0.0,0.8184731519726535
soft_vote_ensemble,1284,0,36,0.004132583125778129,0.0,0.8184731519726535
soft_vote_ensemble,1285,0,37,0.009516027964687748,0.0,0.6186440677966101
soft_vote_ensemble,1286,0,37,0.009516027964687748,0.0,0.6186440677966101
soft_vote_ensemble,1287,0,38,0.010251952202816146,0.0,0.5021008403361344
soft_vote_ensemble,1288,0,38,0.010251952202816146,0.0,0.5021008403361344
soft_vote_ensemble,1289,0,39,0.014898327332128517,0.0,0.2659521435692921
soft_vote_ensemble,1290,0,39,0.014898327332128517,0.0,0.2659521435692921
soft_vote_ensemble,1291,0,40,0.05524794362060208,0.5,0.021079618287993165
soft_vote_ensemble,1292,0,40,0.05524794362060208,0.5,0.021079618287993165
soft_vote_ensemble,1293,0,41,0.06743649261946322,0.5,0.025423728813559324
soft_vote_ensemble,1294,0,41,0.06743649261946322,0.5,0.025423728813559324
soft_vote_ensemble,1295,0,42,0.0027466956436723784,0.0,0.9029696624412478
soft_vote_ensemble,1296,0,42,0.0027466956436723784,0.0,0.9029696624412478
soft_vote_ensemble,1297,0,43,0.007144698667431501,0.0,0.6101694915254237
soft_vote_ensemble,1298,0,43,0.007144698667431501,0.0,0.6101694915254237
soft_vote_ensemble,1299,0,44,0.17020200943162347,0.9,0.0
soft_vote_ensemble,1300,0,44,0.17020200943162347,0.9,0.0
soft_vote_ensemble,1301,0,45,0.002564565539110089,0.0,0.9409272183449651
soft_vote_ensemble,1302,0,45,0.002564565539110089,0.0,0.9409272183449651
soft_vote_ensemble,1303,0,46,0.009926067138643144,0.0,0.4279661016949152
soft_vote_ensemble,1304,0,46,0.009926067138643144,0.0,0.4279661016949152
soft_vote_ensemble,1305,0,47,0.015284316875557476,0.0,0.23194701609457344
soft_vote_ensemble,1306,0,47,0.015284316875557476,0.0,0.23194701609457344
soft_vote_ensemble,1307,0,48,0.01111820617267305,0.0,0.43220338983050843
soft_vote_ensemble,1308,0,48,0.01111820617267305,0.0,0.43220338983050843
soft_vote_ensemble,1309,0,49,0.029196414447175086,0.0,0.07203389830508475
soft_vote_ensemble,1310,0,49,0.029196414447175086,0.0,0.07203389830508475
soft_vote_ensemble,1311,0,50,0.009746102184408849,0.0,0.3644067796610169
soft_vote_ensemble,1312,0,50,0.009746102184408849,0.0,0.3644067796610169
soft_vote_ensemble,1313,0,51,0.01064056003500077,0.0,0.4406779661016949
soft_vote_ensemble,1314,0,51,0.01064056003500077,0.0,0.4406779661016949
soft_vote_ensemble,1315,0,52,0.004033074468391132,0.0,0.8347457627118644
soft_vote_ensemble,1316,0,52,0.004033074468391132,0.0,0.8347457627118644
soft_vote_ensemble,1317,0,53,0.025242018364518858,0.0,0.14705882352941174
soft_vote_ensemble,1318,0,53,0.025242018364518858,0.0,0.14705882352941174
soft_vote_ensemble,1319,0,54,0.010551537621341967,0.0,0.44491525423728817
soft_vote_ensemble,1320,0,54,0.010551537621341967,0.0,0.44491525423728817
soft_vote_ensemble,1321,0,55,0.012724965455260667,0.0,0.34745762711864403
soft_vote_ensemble,1322,0,55,0.012724965455260667,0.0,0.34745762711864403
soft_vote_ensemble,1323,0,56,0.027799204817532668,0.0,0.1440677966101695
soft_vote_ensemble,1324,0,56,0.027799204817532668,0.0,0.1440677966101695
soft_vote_ensemble,1325,0,57,0.02021614937362419,0.0,0.19409628258082895
soft_vote_ensemble,1326,0,57,0.02021614937362419,0.0,0.19409628258082895
soft_vote_ensemble,1327,0,58,0.016367193712078072,0.0,0.1822033898305085
soft_vote_ensemble,1328,0,58,0.016367193712078072,0.0,0.1822033898305085
soft_vote_ensemble,1329,0,59,0.014660104861596338,0.0,0.3374519299245122
soft_vote_ensemble,1330,0,59,0.014660104861596338,0.0,0.3374519299245122
soft_vote_ensemble,1331,0,60,0.0044860310553343375,0.0,0.8347457627118644
soft_vote_ensemble,1332,0,60,0.0044860310553343375,0.0,0.8347457627118644
soft_vote_ensemble,1333,0,61,0.021209546556876843,0.0,0.17796610169491525
soft_vote_ensemble,1334,0,61,0.021209546556876843,0.0,0.17796610169491525
soft_vote_ensemble,1335,0,62,0.038137223600717904,0.1,0.059322033898305086
soft_vote_ensemble,1336,0,62,0.038137223600717904,0.1,0.059322033898305086
soft_vote_ensemble,1337,0,63,0.004506243250285065,0.0,0.7754237288135594
soft_vote_ensemble,1338,0,63,0.004506243250285065,0.0,0.7754237288135594
soft_vote_ensemble,1339,0,64,0.01795291028319952,0.0,0.1694915254237288
soft_vote_ensemble,1340,0,64,0.01795291028319952,0.0,0.1694915254237288
soft_vote_ensemble,1341,0,65,0.006016200600185981,0.0,0.6624056402221906
soft_vote_ensemble,1342,0,65,0.006016200600185981,0.0,0.6624056402221906
soft_vote_ensemble,1343,0,66,0.014502875031344828,0.0,0.3067226890756303
soft_vote_ensemble,1344,0,66,0.014502875031344828,0.0,0.3067226890756303
soft_vote_ensemble,1345,0,67,0.015993343575521006,0.0,0.24789915966386555
soft_vote_ensemble,1346,0,67,0.015993343575521006,0.0,0.24789915966386555
soft_vote_ensemble,1347,1,68,0.002017421611254558,0.0,0.9451645064805583
soft_vote_ensemble,1348,0,68,0.002017421611254558,0.0,0.9451645064805583
soft_vote_ensemble,1349,0,69,0.00742445483881045,0.0,0.5847457627118644
soft_vote_ensemble,1350,0,69,0.00742445483881045,0.0,0.5847457627118644
soft_vote_ensemble,1351,0,70,0.01541864131748234,0.0,0.2573351374448084
soft_vote_ensemble,1352,0,71,0.021676811496011684,0.0,0.177253952428429
soft_vote_ensemble,1353,0,70,0.01541864131748234,0.0,0.2573351374448084
soft_vote_ensemble,1354,0,71,0.021676811496011684,0.0,0.177253952428429
soft_vote_ensemble,1355,0,72,0.005878417730944488,0.0,0.6596638655462185
soft_vote_ensemble,1356,0,72,0.005878417730944488,0.0,0.6596638655462185
soft_vote_ensemble,1357,0,73,0.008384048115935823,0.0,0.5593220338983051
soft_vote_ensemble,1358,0,73,0.008384048115935823,0.0,0.5593220338983051
soft_vote_ensemble,1359,0,74,0.013835198960250972,0.0,0.39915966386554624
soft_vote_ensemble,1360,0,74,0.013835198960250972,0.0,0.39915966386554624
soft_vote_ensemble,1361,0,75,0.016047320311265312,0.0,0.26050420168067223
soft_vote_ensemble,1362,0,75,0.016047320311265312,0.0,0.26050420168067223
soft_vote_ensemble,1363,0,76,0.01985003162880064,0.0,0.15677966101694915
soft_vote_ensemble,1364,0,76,0.01985003162880064,0.0,0.15677966101694915
soft_vote_ensemble,1365,0,77,0.00388398544122742,0.0,0.864406779661017
soft_vote_ensemble,1366,0,77,0.00388398544122742,0.0,0.864406779661017
soft_vote_ensemble,1367,0,78,0.016346821977274682,0.0,0.2245762711864407
soft_vote_ensemble,1368,0,78,0.016346821977274682,0.0,0.2245762711864407
soft_vote_ensemble,1369,0,79,0.058257381142170564,0.2,0.03813559322033898
soft_vote_ensemble,1370,0,79,0.058257381142170564,0.2,0.03813559322033898
soft_vote_ensemble,1371,1,80,0.0029535511638430255,0.0,0.8855932203389831
soft_vote_ensemble,1372,0,80,0.0029535511638430255,0.0,0.8855932203389831
soft_vote_ensemble,1373,0,81,0.004187905815786617,0.0,0.8093220338983051
soft_vote_ensemble,1374,0,81,0.004187905815786617,0.0,0.8093220338983051
soft_vote_ensemble,1375,0,82,0.00537845315579486,0.0,0.755234297108674
soft_vote_ensemble,1376,0,82,0.00537845315579486,0.0,0.755234297108674
soft_vote_ensemble,1377,0,83,0.025557030762331744,0.0,0.1398305084745763
soft_vote_ensemble,1378,0,83,0.025557030762331744,0.0,0.1398305084745763
soft_vote_ensemble,1379,0,84,0.019934785654153943,0.0,0.22033898305084745
soft_vote_ensemble,1380,0,84,0.019934785654153943,0.0,0.22033898305084745
soft_vote_ensemble,1381,1,85,0.013299843753291343,0.0,0.3754450932915539
soft_vote_ensemble,1382,0,85,0.013299843753291343,0.0,0.3754450932915539
soft_vote_ensemble,1383,0,86,0.0026527929048565735,0.0,0.9364406779661016
soft_vote_ensemble,1384,0,86,0.0026527929048565735,0.0,0.9364406779661016
soft_vote_ensemble,1385,0,87,0.003395345286681116,0.0,0.8220338983050848
soft_vote_ensemble,1386,0,87,0.003395345286681116,0.0,0.8220338983050848
soft_vote_ensemble,1387,0,88,0.029879304946858688,0.0,0.1440677966101695
soft_vote_ensemble,1388,0,88,0.029879304946858688,0.0,0.1440677966101695
soft_vote_ensemble,1389,0,89,0.0043978379710923,0.0,0.8177966101694916
soft_vote_ensemble,1390,0,89,0.0043978379710923,0.0,0.8177966101694916
soft_vote_ensemble,1391,0,90,0.00415863342115822,0.0,0.8220338983050848
soft_vote_ensemble,1392,0,90,0.00415863342115822,0.0,0.8220338983050848
soft_vote_ensemble,1393,0,91,0.012059619386844937,0.0,0.30932203389830504
soft_vote_ensemble,1394,0,91,0.012059619386844937,0.0,0.30932203389830504
soft_vote_ensemble,1395,0,92,0.009410649080891356,0.0,0.5127118644067796
soft_vote_ensemble,1396,0,92,0.009410649080891356,0.0,0.5127118644067796
soft_vote_ensemble,1397,0,93,0.009314262960516686,0.0,0.5021720552627831
soft_vote_ensemble,1398,0,93,0.009314262960516686,0.0,0.5021720552627831
soft_vote_ensemble,1399,0,94,0.0294898371679704,0.2,0.16888619854721548
soft_vote_ensemble,1400,0,94,0.0294898371679704,0.2,0.16888619854721548
soft_vote_ensemble,1401,0,95,0.01640488051305226,0.0,0.2528842045292693
soft_vote_ensemble,1402,0,95,0.01640488051305226,0.0,0.2528842045292693
soft_vote_ensemble,1403,0,96,0.008145419096519349,0.0,0.5610667996011964
soft_vote_ensemble,1404,0,96,0.008145419096519349,0.0,0.5610667996011964
soft_vote_ensemble,1405,0,97,0.004036023970492918,0.0,0.7838983050847457
soft_vote_ensemble,1406,0,97,0.004036023970492918,0.0,0.7838983050847457
soft_vote_ensemble,1407,0,98,0.08739344471812584,0.6,0.00847457627118644
soft_vote_ensemble,1408,0,98,0.08739344471812584,0.6,0.00847457627118644
soft_vote_ensemble,1409,0,99,0.012459579029093788,0.0,0.43220338983050843
soft_vote_ensemble,1410,0,99,0.012459579029093788,0.0,0.43220338983050843
soft_vote_ensemble,1411,0,100,0.009360636586651904,0.0,0.5612804443811423
soft_vote_ensemble,1412,0,100,0.009360636586651904,0.0,0.5612804443811423
soft_vote_ensemble,1413,0,101,0.036457422909692117,0.1,0.059322033898305086
soft_vote_ensemble,1414,0,101,0.036457422909692117,0.1,0.059322033898305086
soft_vote_ensemble,1415,1,102,0.007545083239345061,0.0,0.6033684660304799
soft_vote_ensemble,1416,0,102,0.007545083239345061,0.0,0.6033684660304799
soft_vote_ensemble,1417,0,103,0.018856248856789656,0.0,0.21610169491525424
soft_vote_ensemble,1418,0,103,0.018856248856789656,0.0,0.21610169491525424
soft_vote_ensemble,1419,0,104,0.011373454130918309,0.0,0.4957627118644068
soft_vote_ensemble,1420,0,104,0.011373454130918309,0.0,0.4957627118644068
soft_vote_ensemble,1421,0,105,0.021298115709294546,0.0,0.1271186440677966
soft_vote_ensemble,1422,0,105,0.021298115709294546,0.0,0.1271186440677966
soft_vote_ensemble,1423,0,106,0.001816094463653915,0.0,0.9661016949152542
soft_vote_ensemble,1424,0,106,0.001816094463653915,0.0,0.9661016949152542
soft_vote_ensemble,1425,0,107,0.009949991260509855,0.0,0.4533898305084746
soft_vote_ensemble,1426,0,107,0.009949991260509855,0.0,0.4533898305084746
soft_vote_ensemble,1427,0,108,0.010849723403889119,0.0,0.5677966101694916
soft_vote_ensemble,1428,0,108,0.010849723403889119,0.0,0.5677966101694916
soft_vote_ensemble,1429,0,109,0.008400743911430177,0.0,0.5294117647058824
soft_vote_ensemble,1430,0,109,0.008400743911430177,0.0,0.5294117647058824
soft_vote_ensemble,1431,0,110,0.018849414234752032,0.0,0.22033898305084745
soft_vote_ensemble,1432,0,110,0.018849414234752032,0.0,0.22033898305084745
soft_vote_ensemble,1433,0,111,0.011744509365851153,0.0,0.35714285714285715
soft_vote_ensemble,1434,0,111,0.011744509365851153,0.0,0.35714285714285715
soft_vote_ensemble,1435,0,112,0.010388351883654267,0.0,0.4768551488391967
soft_vote_ensemble,1436,0,112,0.010388351883654267,0.0,0.4768551488391967
soft_vote_ensemble,1437,0,113,0.00654142250366742,0.0,0.6624768551488391
soft_vote_ensemble,1438,0,113,0.00654142250366742,0.0,0.6624768551488391
soft_vote_ensemble,1439,0,114,0.01619226233782082,0.0,0.24480131035465036
soft_vote_ensemble,1440,0,114,0.01619226233782082,0.0,0.24480131035465036
soft_vote_ensemble,1441,0,115,0.002422172778355774,0.0,0.9493661871528272
soft_vote_ensemble,1442,0,115,0.002422172778355774,0.0,0.9493661871528272
soft_vote_ensemble,1443,0,116,0.012967660373560261,0.0,0.26694915254237284
soft_vote_ensemble,1444,0,116,0.012967660373560261,0.0,0.26694915254237284
soft_vote_ensemble,1445,0,117,0.0033869328461289356,0.0,0.8177966101694916
soft_vote_ensemble,1446,0,117,0.0033869328461289356,0.0,0.8177966101694916
soft_vote_ensemble,1447,0,118,0.01596215351040066,0.0,0.25
soft_vote_ensemble,1448,0,118,0.01596215351040066,0.0,0.25
soft_vote_ensemble,1449,0,119,0.013850718803211079,0.0,0.3220338983050848
soft_vote_ensemble,1450,0,119,0.013850718803211079,0.0,0.3220338983050848
soft_vote_ensemble,1451,0,120,0.014057805972094828,0.0,0.35454351232018233
soft_vote_ensemble,1452,0,120,0.014057805972094828,0.0,0.35454351232018233
soft_vote_ensemble,1453,0,121,0.019463772489173446,0.0,0.1822033898305085
soft_vote_ensemble,1454,0,121,0.019463772489173446,0.0,0.1822033898305085
soft_vote_ensemble,1455,1,122,0.008137676693032284,0.0,0.5889830508474576
soft_vote_ensemble,1456,0,122,0.008137676693032284,0.0,0.5889830508474576
soft_vote_ensemble,1457,0,123,0.01794184909250229,0.1,0.2966101694915254
soft_vote_ensemble,1458,0,123,0.01794184909250229,0.1,0.2966101694915254
soft_vote_ensemble,1459,0,124,0.017334181589397445,0.0,0.32125053411194987
soft_vote_ensemble,1460,0,124,0.017334181589397445,0.0,0.32125053411194987
soft_vote_ensemble,1461,0,125,0.004126361075853685,0.0,0.8432203389830508
soft_vote_ensemble,1462,0,125,0.004126361075853685,0.0,0.8432203389830508
soft_vote_ensemble,1463,0,126,0.006791035913904425,0.0,0.7669491525423728
soft_vote_ensemble,1464,0,126,0.006791035913904425,0.0,0.7669491525423728
soft_vote_ensemble,1465,0,127,0.003735491335198655,0.0,0.8389830508474576
soft_vote_ensemble,1466,0,127,0.003735491335198655,0.0,0.8389830508474576
soft_vote_ensemble,1467,0,128,0.014060170983562752,0.0,0.3008474576271186
soft_vote_ensemble,1468,0,128,0.014060170983562752,0.0,0.3008474576271186
soft_vote_ensemble,1469,0,129,0.04445192901776854,0.3,0.054835493519441676
soft_vote_ensemble,1470,0,129,0.04445192901776854,0.3,0.054835493519441676
soft_vote_ensemble,1471,0,130,0.007792728131270424,0.0,0.5528058681099559
soft_vote_ensemble,1472,0,130,0.007792728131270424,0.0,0.5528058681099559
soft_vote_ensemble,1473,0,131,0.028368203642375578,0.1,0.1271186440677966
soft_vote_ensemble,1474,0,131,0.028368203642375578,0.1,0.1271186440677966
soft_vote_ensemble,1475,0,132,0.005578207806564078,0.0,0.6822033898305084
soft_vote_ensemble,1476,0,132,0.005578207806564078,0.0,0.6822033898305084
soft_vote_ensemble,1477,0,133,0.006476161139980452,0.0,0.6610169491525424
soft_vote_ensemble,1478,0,133,0.006476161139980452,0.0,0.6610169491525424
soft_vote_ensemble,1479,0,134,0.02101922822104274,0.0,0.1822033898305085
soft_vote_ensemble,1480,0,134,0.02101922822104274,0.0,0.1822033898305085
soft_vote_ensemble,1481,0,135,0.01379937914232821,0.0,0.28692493946731235
soft_vote_ensemble,1482,0,135,0.01379937914232821,0.0,0.28692493946731235
soft_vote_ensemble,1483,0,136,0.007012386145065877,0.0,0.5508474576271186
soft_vote_ensemble,1484,0,136,0.007012386145065877,0.0,0.5508474576271186
soft_vote_ensemble,1485,0,137,0.013679374427030174,0.0,0.385593220338983
soft_vote_ensemble,1486,0,137,0.013679374427030174,0.0,0.385593220338983
soft_vote_ensemble,1487,0,138,0.012123911184359138,0.0,0.4110169491525424
soft_vote_ensemble,1488,0,138,0.012123911184359138,0.0,0.4110169491525424
soft_vote_ensemble,1489,0,139,0.006984540717302036,0.0,0.6033684660304799
soft_vote_ensemble,1490,0,139,0.006984540717302036,0.0,0.6033684660304799
soft_vote_ensemble,1491,0,140,0.024996457373343665,0.1,0.13067939040022788
soft_vote_ensemble,1492,0,140,0.024996457373343665,0.1,0.13067939040022788
soft_vote_ensemble,1493,0,141,0.012293013980716617,0.0,0.36704173194701606
soft_vote_ensemble,1494,0,141,0.012293013980716617,0.0,0.36704173194701606
soft_vote_ensemble,1495,0,142,0.014370174622894954,0.0,0.31779661016949157
soft_vote_ensemble,1496,0,142,0.014370174622894954,0.0,0.31779661016949157
soft_vote_ensemble,1497,0,143,0.006770938613790791,0.0,0.652542372881356
soft_vote_ensemble,1498,0,143,0.006770938613790791,0.0,0.652542372881356
soft_vote_ensemble,1499,0,144,0.018212427856340356,0.0,0.24152542372881355
soft_vote_ensemble,1500,0,144,0.018212427856340356,0.0,0.24152542372881355
soft_vote_ensemble,1501,0,145,0.02037355959087243,0.0,0.13559322033898305
soft_vote_ensemble,1502,0,145,0.02037355959087243,0.0,0.13559322033898305
soft_vote_ensemble,1503,0,146,0.005558223612679841,0.0,0.7372881355932204
soft_vote_ensemble,1504,0,146,0.005558223612679841,0.0,0.7372881355932204
soft_vote_ensemble,1505,0,147,0.005005036812635831,0.0,0.75
soft_vote_ensemble,1506,0,147,0.005005036812635831,0.0,0.75
soft_vote_ensemble,1507,0,148,0.003195619406254796,0.0,0.8940677966101696
soft_vote_ensemble,1508,0,148,0.003195619406254796,0.0,0.8940677966101696
soft_vote_ensemble,1509,0,149,0.04458824284857133,0.2,0.046610169491525424
soft_vote_ensemble,1510,0,149,0.04458824284857133,0.2,0.046610169491525424
soft_vote_ensemble,1511,1,150,0.03304024353050035,0.1,0.09322033898305085
soft_vote_ensemble,1512,0,150,0.03304024353050035,0.1,0.09322033898305085
soft_vote_ensemble,1513,0,151,0.013276065508989568,0.0,0.3559322033898305
soft_vote_ensemble,1514,0,151,0.013276065508989568,0.0,0.3559322033898305
soft_vote_ensemble,1515,1,152,0.008726280643758582,0.0,0.5989887480415894
soft_vote_ensemble,1516,0,152,0.008726280643758582,0.0,0.5989887480415894
soft_vote_ensemble,1517,0,153,0.007446284795680012,0.0,0.6652542372881356
soft_vote_ensemble,1518,0,153,0.007446284795680012,0.0,0.6652542372881356
soft_vote_ensemble,1519,0,154,0.007877512121413837,0.0,0.5932203389830508
soft_vote_ensemble,1520,0,154,0.007877512121413837,0.0,0.5932203389830508
soft_vote_ensemble,1521,1,155,0.010128516393904646,0.0,0.4406779661016949
soft_vote_ensemble,1522,0,155,0.010128516393904646,0.0,0.4406779661016949
soft_vote_ensemble,1523,0,156,0.02135627345021399,0.1,0.24576271186440676
soft_vote_ensemble,1524,0,156,0.02135627345021399,0.1,0.24576271186440676
soft_vote_ensemble,1525,0,157,0.0019343870330702953,0.0,0.9449152542372881
soft_vote_ensemble,1526,0,157,0.0019343870330702953,0.0,0.9449152542372881
soft_vote_ensemble,1527,0,158,0.08242598845272962,0.8,0.008403361344537815
soft_vote_ensemble,1528,0,158,0.08242598845272962,0.8,0.008403361344537815
soft_vote_ensemble,1529,0,159,0.004090348236323581,0.0,0.8440393106395101
soft_vote_ensemble,1530,0,159,0.004090348236323581,0.0,0.8440393106395101
soft_vote_ensemble,1531,0,160,0.009249414583642073,0.0,0.4788135593220339
soft_vote_ensemble,1532,0,160,0.009249414583642073,0.0,0.4788135593220339
soft_vote_ensemble,1533,1,161,0.013058364374419817,0.0,0.5127118644067796
soft_vote_ensemble,1534,0,161,0.013058364374419817,0.0,0.5127118644067796
soft_vote_ensemble,1535,0,162,0.017403130584274958,0.0,0.27542372881355937
soft_vote_ensemble,1536,0,162,0.017403130584274958,0.0,0.27542372881355937
soft_vote_ensemble,1537,0,163,0.007192644692298239,0.0,0.6101694915254237
soft_vote_ensemble,1538,0,163,0.007192644692298239,0.0,0.6101694915254237
soft_vote_ensemble,1539,0,164,0.005406861562989295,0.0,0.6822033898305084
soft_vote_ensemble,1540,0,164,0.005406861562989295,0.0,0.6822033898305084
soft_vote_ensemble,1541,0,165,0.020774431182973865,0.0,0.18142002563737358
soft_vote_ensemble,1542,0,165,0.020774431182973865,0.0,0.18142002563737358
soft_vote_ensemble,1543,0,166,0.01907203581190215,0.0,0.24059962968238144
soft_vote_ensemble,1544,0,166,0.01907203581190215,0.0,0.24059962968238144
soft_vote_ensemble,1545,0,167,0.05674350242560407,0.3,0.03389830508474576
soft_vote_ensemble,1546,0,167,0.05674350242560407,0.3,0.03389830508474576
soft_vote_ensemble,1547,0,168,0.01582940111245899,0.0,0.2457627118644068
soft_vote_ensemble,1548,0,168,0.01582940111245899,0.0,0.2457627118644068
soft_vote_ensemble,1549,0,169,0.02070449216309344,0.0,0.1307862127902008
soft_vote_ensemble,1550,0,169,0.02070449216309344,0.0,0.1307862127902008
soft_vote_ensemble,1551,0,170,0.007482815812498262,0.0,0.5847457627118644
soft_vote_ensemble,1552,0,170,0.007482815812498262,0.0,0.5847457627118644
soft_vote_ensemble,1553,0,171,0.014464463297998758,0.0,0.2838983050847458
soft_vote_ensemble,1554,0,171,0.014464463297998758,0.0,0.2838983050847458
soft_vote_ensemble,1555,0,172,0.004761234546005395,0.0,0.7457627118644068
soft_vote_ensemble,1556,0,172,0.004761234546005395,0.0,0.7457627118644068
soft_vote_ensemble,1557,1,173,0.01561957906219245,0.0,0.2627118644067796
soft_vote_ensemble,1558,0,173,0.01561957906219245,0.0,0.2627118644067796
soft_vote_ensemble,1559,0,174,0.011723974995106844,0.0,0.4491525423728814
soft_vote_ensemble,1560,0,174,0.011723974995106844,0.0,0.4491525423728814
soft_vote_ensemble,1561,0,175,0.010321100383486884,0.0,0.4661016949152542
soft_vote_ensemble,1562,0,175,0.010321100383486884,0.0,0.4661016949152542
soft_vote_ensemble,1563,0,176,0.006659645464240342,0.0,0.6440677966101696
soft_vote_ensemble,1564,0,176,0.006659645464240342,0.0,0.6440677966101696
soft_vote_ensemble,1565,0,177,0.009951547904142901,0.0,0.4176755447941889
soft_vote_ensemble,1566,0,177,0.009951547904142901,0.0,0.4176755447941889
soft_vote_ensemble,1567,0,178,0.023784874251473662,0.0,0.1440677966101695
soft_vote_ensemble,1568,0,178,0.023784874251473662,0.0,0.1440677966101695
soft_vote_ensemble,1569,0,179,0.023950276372927397,0.1,0.15254237288135591
soft_vote_ensemble,1570,0,179,0.023950276372927397,0.1,0.15254237288135591
soft_vote_ensemble,1571,0,180,0.015393141599184475,0.0,0.3008474576271186
soft_vote_ensemble,1572,0,180,0.015393141599184475,0.0,0.3008474576271186
soft_vote_ensemble,1573,0,181,0.012283489653726977,0.0,0.3559322033898305
soft_vote_ensemble,1574,0,181,0.012283489653726977,0.0,0.3559322033898305
soft_vote_ensemble,1575,0,182,0.006237805690799959,0.0,0.6791767554479419
soft_vote_ensemble,1576,0,182,0.006237805690799959,0.0,0.6791767554479419
soft_vote_ensemble,1577,0,183,0.013579991679199783,0.0,0.3461045435123202
soft_vote_ensemble,1578,0,183,0.013579991679199783,0.0,0.3461045435123202
soft_vote_ensemble,1579,0,184,0.012966367685231569,0.0,0.3968095712861416
soft_vote_ensemble,1580,0,184,0.012966367685231569,0.0,0.3968095712861416
soft_vote_ensemble,1581,0,185,0.009058678685834582,0.0,0.4491525423728814
soft_vote_ensemble,1582,0,185,0.009058678685834582,0.0,0.4491525423728814
soft_vote_ensemble,1583,0,186,0.011688670749332481,0.0,0.3389830508474576
soft_vote_ensemble,1584,0,186,0.011688670749332481,0.0,0.3389830508474576
soft_vote_ensemble,1585,0,187,0.005848062569197882,0.0,0.7033898305084746
soft_vote_ensemble,1586,0,187,0.005848062569197882,0.0,0.7033898305084746
soft_vote_ensemble,1587,0,188,0.006742993774274175,0.0,0.7542372881355932
soft_vote_ensemble,1588,0,188,0.006742993774274175,0.0,0.7542372881355932
soft_vote_ensemble,1589,0,189,0.01161053176795011,0.0,0.46414328443241704
soft_vote_ensemble,1590,0,189,0.01161053176795011,0.0,0.46414328443241704
soft_vote_ensemble,1591,0,190,0.0034441990206595537,0.0,0.8220338983050848
soft_vote_ensemble,1592,0,190,0.0034441990206595537,0.0,0.8220338983050848
soft_vote_ensemble,1593,0,191,0.008207930853183146,0.0,0.6186440677966102
soft_vote_ensemble,1594,0,191,0.008207930853183146,0.0,0.6186440677966102
soft_vote_ensemble,1595,0,192,0.013847671949286374,0.0,0.40254237288135597
soft_vote_ensemble,1596,0,192,0.013847671949286374,0.0,0.40254237288135597
soft_vote_ensemble,1597,0,193,0.009819711307233617,0.0,0.5781227745335422
soft_vote_ensemble,1598,0,193,0.009819711307233617,0.0,0.5781227745335422
soft_vote_ensemble,1599,0,194,0.0065539615357835534,0.0,0.5847457627118644
soft_vote_ensemble,1600,0,194,0.0065539615357835534,0.0,0.5847457627118644
soft_vote_ensemble,1601,0,195,0.017059436522489174,0.0,0.3771186440677966
soft_vote_ensemble,1602,0,195,0.017059436522489174,0.0,0.3771186440677966
soft_vote_ensemble,1603,0,196,0.006604331398861632,0.0,0.635593220338983
soft_vote_ensemble,1604,0,196,0.006604331398861632,0.0,0.635593220338983
soft_vote_ensemble,1605,0,197,0.0035371911541289486,0.0,0.8516949152542372
soft_vote_ensemble,1606,0,197,0.0035371911541289486,0.0,0.8516949152542372
soft_vote_ensemble,1607,0,198,0.004135473009654387,0.0,0.8347457627118644
soft_vote_ensemble,1608,0,198,0.004135473009654387,0.0,0.8347457627118644
soft_vote_ensemble,1609,0,199,0.008863308175617568,0.0,0.5932203389830508
soft_vote_ensemble,1610,0,199,0.008863308175617568,0.0,0.5932203389830508
soft_vote_ensemble,1611,0,200,0.03197757371468206,0.1,0.2076271186440678
soft_vote_ensemble,1612,0,200,0.03197757371468206,0.1,0.2076271186440678
soft_vote_ensemble,1613,0,201,0.024352528704004762,0.0,0.12651331719128328
soft_vote_ensemble,1614,0,201,0.024352528704004762,0.0,0.12651331719128328
soft_vote_ensemble,1615,0,202,0.0011478209929512225,0.0,0.987359350519869
soft_vote_ensemble,1616,0,202,0.0011478209929512225,0.0,0.987359350519869
soft_vote_ensemble,1617,0,203,0.009654523986032235,0.0,0.4915254237288135
soft_vote_ensemble,1618,1,203,0.009654523986032235,0.0,0.4915254237288135
soft_vote_ensemble,1619,0,204,0.009884916208116948,0.0,0.4279661016949153
soft_vote_ensemble,1620,0,204,0.009884916208116948,0.0,0.4279661016949153
soft_vote_ensemble,1621,1,205,0.006000646922577897,0.0,0.6792123629112663
soft_vote_ensemble,1622,0,205,0.006000646922577897,0.0,0.6792123629112663
soft_vote_ensemble,1623,0,206,0.005109909989762963,0.0,0.7089089873237431
soft_vote_ensemble,1624,0,206,0.005109909989762963,0.0,0.7089089873237431
soft_vote_ensemble,1625,0,207,0.037844938195981816,0.1,0.06779661016949153
soft_vote_ensemble,1626,0,207,0.037844938195981816,0.1,0.06779661016949153
soft_vote_ensemble,1627,0,208,0.0026625866823611994,0.0,0.9322033898305084
soft_vote_ensemble,1628,0,208,0.0026625866823611994,0.0,0.9322033898305084
soft_vote_ensemble,1629,0,209,0.009815678209797198,0.0,0.5042372881355932
soft_vote_ensemble,1630,0,209,0.009815678209797198,0.0,0.5042372881355932
soft_vote_ensemble,1631,0,210,0.005250040630199852,0.0,0.6271186440677966
soft_vote_ensemble,1632,0,210,0.005250040630199852,0.0,0.6271186440677966
soft_vote_ensemble,1633,0,211,0.013130746708982366,0.0,0.4279661016949153
soft_vote_ensemble,1634,0,211,0.013130746708982366,0.0,0.4279661016949153
soft_vote_ensemble,1635,0,212,0.01662764314116973,0.0,0.2542372881355932
soft_vote_ensemble,1636,0,212,0.01662764314116973,0.0,0.2542372881355932
soft_vote_ensemble,1637,0,213,0.006562728656177989,0.0,0.673728813559322
soft_vote_ensemble,1638,0,213,0.006562728656177989,0.0,0.673728813559322
soft_vote_ensemble,1639,0,214,0.010565787081444742,0.0,0.4533898305084746
soft_vote_ensemble,1640,0,214,0.010565787081444742,0.0,0.4533898305084746
soft_vote_ensemble,1641,0,215,0.00672344976990151,0.0,0.7394957983193278
soft_vote_ensemble,1642,0,215,0.00672344976990151,0.0,0.7394957983193278
soft_vote_ensemble,1643,0,216,0.003941207646539305,0.0,0.8565375302663438
soft_vote_ensemble,1644,0,216,0.003941207646539305,0.0,0.8565375302663438
soft_vote_ensemble,1645,0,217,0.005005419708274614,0.0,0.7457627118644068
soft_vote_ensemble,1646,0,217,0.005005419708274614,0.0,0.7457627118644068
soft_vote_ensemble,1647,0,218,0.02519933494299814,0.0,0.14759293547927646
soft_vote_ensemble,1648,0,218,0.02519933494299814,0.0,0.14759293547927646
soft_vote_ensemble,1649,0,219,0.006134009255567378,0.0,0.7126477709727959
soft_vote_ensemble,1650,0,219,0.006134009255567378,0.0,0.7126477709727959
soft_vote_ensemble,1651,0,220,0.0029694810115371705,0.0,0.8898305084745762
soft_vote_ensemble,1652,0,220,0.0029694810115371705,0.0,0.8898305084745762
soft_vote_ensemble,1653,0,221,0.0037654061833846592,0.0,0.848134168921806
soft_vote_ensemble,1654,0,221,0.0037654061833846592,0.0,0.848134168921806
soft_vote_ensemble,1655,0,222,0.004398178949603551,0.0,0.7966101694915254
soft_vote_ensemble,1656,0,222,0.004398178949603551,0.0,0.7966101694915254
soft_vote_ensemble,1657,0,223,0.007774629729762577,0.0,0.5737430565446517
soft_vote_ensemble,1658,0,223,0.007774629729762577,0.0,0.5737430565446517
soft_vote_ensemble,1659,0,224,0.011549226951623434,0.0,0.3728813559322034
soft_vote_ensemble,1660,0,224,0.011549226951623434,0.0,0.3728813559322034
soft_vote_ensemble,1661,0,225,0.009619820479653884,0.0,0.5018871955561885
soft_vote_ensemble,1662,0,225,0.009619820479653884,0.0,0.5018871955561885
soft_vote_ensemble,1663,0,226,0.002327792445061728,0.0,0.9409984332716137
soft_vote_ensemble,1664,0,226,0.002327792445061728,0.0,0.9409984332716137
soft_vote_ensemble,1665,0,227,0.005431864052048853,0.0,0.7214784218772254
soft_vote_ensemble,1666,0,227,0.005431864052048853,0.0,0.7214784218772254
soft_vote_ensemble,1667,0,228,0.0025019088401496948,0.0,0.9364406779661016
soft_vote_ensemble,1668,0,228,0.0025019088401496948,0.0,0.9364406779661016
soft_vote_ensemble,1669,0,229,0.025739789731872836,0.0,0.10123201823102122
soft_vote_ensemble,1670,0,229,0.025739789731872836,0.0,0.10123201823102122
soft_vote_ensemble,1671,0,230,0.005366724533834627,0.0,0.7637800883065091
soft_vote_ensemble,1672,0,230,0.005366724533834627,0.0,0.7637800883065091
soft_vote_ensemble,1673,0,231,0.009543920859545876,0.0,0.48532972511038314
soft_vote_ensemble,1674,1,231,0.009543920859545876,0.0,0.48532972511038314
soft_vote_ensemble,1675,0,232,0.008294804252348922,0.0,0.5847457627118644
soft_vote_ensemble,1676,0,232,0.008294804252348922,0.0,0.5847457627118644
soft_vote_ensemble,1677,0,233,0.01267945881684764,0.0,0.3432203389830508
soft_vote_ensemble,1678,0,233,0.01267945881684764,0.0,0.3432203389830508
soft_vote_ensemble,1679,0,234,0.00872735378705283,0.0,0.5546218487394958
soft_vote_ensemble,1680,0,234,0.00872735378705283,0.0,0.5546218487394958
soft_vote_ensemble,1681,0,235,0.011266980361221198,0.0,0.4110169491525424
soft_vote_ensemble,1682,0,235,0.011266980361221198,0.0,0.4110169491525424
soft_vote_ensemble,1683,0,236,0.013233351148405065,0.0,0.385593220338983
soft_vote_ensemble,1684,0,236,0.013233351148405065,0.0,0.385593220338983
soft_vote_ensemble,1685,0,237,0.005347177218018585,0.0,0.7172767412049565
soft_vote_ensemble,1686,0,237,0.005347177218018585,0.0,0.7172767412049565
soft_vote_ensemble,1687,0,238,0.007511253242140607,0.0,0.6398305084745762
soft_vote_ensemble,1688,0,238,0.007511253242140607,0.0,0.6398305084745762
soft_vote_ensemble,1689,0,239,0.008932850895385137,0.0,0.4830508474576271
soft_vote_ensemble,1690,0,239,0.008932850895385137,0.0,0.4830508474576271
soft_vote_ensemble,1691,0,240,0.008439316120963906,0.0,0.5318330722119357
soft_vote_ensemble,1692,0,240,0.008439316120963906,0.0,0.5318330722119357
soft_vote_ensemble,1693,0,241,0.010588883049607343,0.0,0.4830508474576271
soft_vote_ensemble,1694,0,241,0.010588883049607343,0.0,0.4830508474576271
soft_vote_ensemble,1695,0,242,0.028067350325623998,0.1,0.1822033898305085
soft_vote_ensemble,1696,0,242,0.028067350325623998,0.1,0.1822033898305085
soft_vote_ensemble,1697,0,243,0.0070427270797472795,0.0,0.5823244552058111
soft_vote_ensemble,1698,0,243,0.0070427270797472795,0.0,0.5823244552058111
soft_vote_ensemble,1699,0,244,0.04311096847711325,0.1,0.1092436974789916
soft_vote_ensemble,1700,0,244,0.04311096847711325,0.1,0.1092436974789916
soft_vote_ensemble,1701,0,245,0.0027200410151888453,0.0,0.9240848881925652
soft_vote_ensemble,1702,0,245,0.0027200410151888453,0.0,0.9240848881925652
soft_vote_ensemble,1703,0,246,0.0038354613726944973,0.0,0.8601694915254238
soft_vote_ensemble,1704,0,246,0.0038354613726944973,0.0,0.8601694915254238
soft_vote_ensemble,1705,0,247,0.006544394508960239,0.0,0.652542372881356
soft_vote_ensemble,1706,0,247,0.006544394508960239,0.0,0.652542372881356
soft_vote_ensemble,1707,0,248,0.0053812798724558126,0.0,0.711864406779661
soft_vote_ensemble,1708,0,249,0.0030173525997247478,0.0,0.8945306936333857
soft_vote_ensemble,1709,0,249,0.0030173525997247478,0.0,0.8945306936333857
soft_vote_ensemble,1710,0,248,0.0053812798724558126,0.0,0.711864406779661
soft_vote_ensemble,1711,0,250,0.010160368105067437,0.0,0.6500142429853297
soft_vote_ensemble,1712,0,250,0.010160368105067437,0.0,0.6500142429853297
soft_vote_ensemble,1713,0,251,0.003281954986864426,0.0,0.9152542372881356
soft_vote_ensemble,1714,0,252,0.022557887215394805,0.0,0.24843327161373024
soft_vote_ensemble,1715,0,252,0.022557887215394805,0.0,0.24843327161373024
soft_vote_ensemble,1716,0,251,0.003281954986864426,0.0,0.9152542372881356
soft_vote_ensemble,1717,0,253,0.011089905717536411,0.0,0.40076199971514026
soft_vote_ensemble,1718,0,253,0.011089905717536411,0.0,0.40076199971514026
soft_vote_ensemble,1719,0,254,0.011546450455822876,0.0,0.44491525423728817
soft_vote_ensemble,1720,0,255,0.0030797019200652846,0.0,0.9285714285714286
soft_vote_ensemble,1721,0,254,0.011546450455822876,0.0,0.44491525423728817
soft_vote_ensemble,1722,0,255,0.0030797019200652846,0.0,0.9285714285714286
soft_vote_ensemble,1723,0,256,0.0034784568198569627,0.0,0.8686440677966102
soft_vote_ensemble,1724,0,256,0.0034784568198569627,0.0,0.8686440677966102
soft_vote_ensemble,1725,0,257,0.006638325311442569,0.0,0.6779661016949152
soft_vote_ensemble,1726,0,257,0.006638325311442569,0.0,0.6779661016949152
soft_vote_ensemble,1727,0,258,0.013860274808781487,0.0,0.3559322033898305
soft_vote_ensemble,1728,0,258,0.013860274808781487,0.0,0.3559322033898305
soft_vote_ensemble,1729,0,259,0.012344657980399753,0.0,0.3347457627118644
soft_vote_ensemble,1730,0,259,0.012344657980399753,0.0,0.3347457627118644
soft_vote_ensemble,1731,0,260,0.0081672076134984,0.0,0.6228813559322033
soft_vote_ensemble,1732,0,260,0.0081672076134984,0.0,0.6228813559322033
soft_vote_ensemble,1733,0,261,0.005079890470780833,0.0,0.7584745762711864
soft_vote_ensemble,1734,0,261,0.005079890470780833,0.0,0.7584745762711864
soft_vote_ensemble,1735,0,262,0.0026965977937553672,0.0,0.9157171343113517
soft_vote_ensemble,1736,0,262,0.0026965977937553672,0.0,0.9157171343113517
soft_vote_ensemble,1737,0,263,0.013933797100166062,0.0,0.3093220338983051
soft_vote_ensemble,1738,0,263,0.013933797100166062,0.0,0.3093220338983051
soft_vote_ensemble,1739,0,264,0.0028346327227785706,0.0,0.9067796610169492
soft_vote_ensemble,1740,0,264,0.0028346327227785706,0.0,0.9067796610169492
soft_vote_ensemble,1741,0,265,0.0059628790977121,0.0,0.6329582680529839
soft_vote_ensemble,1742,0,265,0.0059628790977121,0.0,0.6329582680529839
soft_vote_ensemble,1743,0,266,0.039234100346575304,0.1,0.0635593220338983
soft_vote_ensemble,1744,0,266,0.039234100346575304,0.1,0.0635593220338983
soft_vote_ensemble,1745,0,267,0.008224526170512874,0.0,0.48305084745762716
soft_vote_ensemble,1746,0,267,0.008224526170512874,0.0,0.48305084745762716
soft_vote_ensemble,1747,0,268,0.0044951119652970346,0.0,0.7923728813559323
soft_vote_ensemble,1748,0,268,0.0044951119652970346,0.0,0.7923728813559323
soft_vote_ensemble,1749,0,269,0.007095993781342441,0.0,0.673728813559322
soft_vote_ensemble,1750,0,269,0.007095993781342441,0.0,0.673728813559322
soft_vote_ensemble,1751,0,270,0.009022586584469434,0.0,0.5254237288135593
soft_vote_ensemble,1752,0,270,0.009022586584469434,0.0,0.5254237288135593
soft_vote_ensemble,1753,0,271,0.004618599632912531,0.0,0.826271186440678
soft_vote_ensemble,1754,0,271,0.004618599632912531,0.0,0.826271186440678
soft_vote_ensemble,1755,0,272,0.0068184378490638246,0.0,0.6355932203389831
soft_vote_ensemble,1756,0,272,0.0068184378490638246,0.0,0.6355932203389831
soft_vote_ensemble,1757,0,273,0.022767037641505495,0.0,0.1864406779661017
soft_vote_ensemble,1758,0,273,0.022767037641505495,0.0,0.1864406779661017
soft_vote_ensemble,1759,0,274,0.007507093336418273,0.0,0.5508474576271187
soft_vote_ensemble,1760,0,274,0.007507093336418273,0.0,0.5508474576271187
soft_vote_ensemble,1761,1,275,0.021217161237087397,0.0,0.26588092864264345
soft_vote_ensemble,1762,0,275,0.021217161237087397,0.0,0.26588092864264345
soft_vote_ensemble,1763,0,276,0.018600827376423497,0.0,0.17372881355932202
soft_vote_ensemble,1764,0,276,0.018600827376423497,0.0,0.17372881355932202
soft_vote_ensemble,1765,0,277,0.00806285537741063,0.0,0.6101694915254237
soft_vote_ensemble,1766,0,277,0.00806285537741063,0.0,0.6101694915254237
soft_vote_ensemble,1767,0,278,0.02017378408638019,0.0,0.22774533542230452
soft_vote_ensemble,1768,0,278,0.02017378408638019,0.0,0.22774533542230452
soft_vote_ensemble,1769,0,279,0.034280097119712444,0.2,0.11016949152542373
soft_vote_ensemble,1770,0,279,0.034280097119712444,0.2,0.11016949152542373
soft_vote_ensemble,1771,0,280,0.005212456711901623,0.0,0.7796610169491525
soft_vote_ensemble,1772,0,280,0.005212456711901623,0.0,0.7796610169491525
soft_vote_ensemble,1773,0,281,0.008999377300693428,0.0,0.5061956986184304
soft_vote_ensemble,1774,0,281,0.008999377300693428,0.0,0.5061956986184304
soft_vote_ensemble,1775,0,282,0.009322356810063239,0.0,0.576271186440678
soft_vote_ensemble,1776,0,282,0.009322356810063239,0.0,0.576271186440678
soft_vote_ensemble,1777,0,283,0.017234090078320257,0.0,0.3771186440677966
soft_vote_ensemble,1778,0,283,0.017234090078320257,0.0,0.3771186440677966
soft_vote_ensemble,1779,0,284,0.02852517866558225,0.0,0.23728813559322035
soft_vote_ensemble,1780,0,284,0.02852517866558225,0.0,0.23728813559322035
soft_vote_ensemble,1781,0,285,0.005610044932795288,0.0,0.771186440677966
soft_vote_ensemble,1782,0,285,0.005610044932795288,0.0,0.771186440677966
soft_vote_ensemble,1783,0,286,0.005690988753985397,0.0,0.6877581541091012
soft_vote_ensemble,1784,0,286,0.005690988753985397,0.0,0.6877581541091012
soft_vote_ensemble,1785,0,287,0.029815589777928503,0.0,0.1016949152542373
soft_vote_ensemble,1786,0,287,0.029815589777928503,0.0,0.1016949152542373
soft_vote_ensemble,1787,0,288,0.006518039649926819,0.0,0.6455989175331149
soft_vote_ensemble,1788,0,288,0.006518039649926819,0.0,0.6455989175331149
soft_vote_ensemble,1789,0,289,0.012810415534793604,0.0,0.3924654607605754
soft_vote_ensemble,1790,0,290,0.006116141987648234,0.0,0.6794972226178606
soft_vote_ensemble,1791,0,290,0.006116141987648234,0.0,0.6794972226178606
soft_vote_ensemble,1792,0,289,0.012810415534793604,0.0,0.3924654607605754
soft_vote_ensemble,1793,0,291,0.0022025548907516007,0.0,0.961864406779661
soft_vote_ensemble,1794,0,291,0.0022025548907516007,0.0,0.961864406779661
soft_vote_ensemble,1795,0,292,0.004486034609158361,0.0,0.7468665432274605
soft_vote_ensemble,1796,0,292,0.004486034609158361,0.0,0.7468665432274605
soft_vote_ensemble,1797,0,293,0.020264614139633316,0.0,0.1560675117504629
soft_vote_ensemble,1798,0,293,0.020264614139633316,0.0,0.1560675117504629
soft_vote_ensemble,1799,0,294,0.028433747573761593,0.0,0.0847457627118644
soft_vote_ensemble,1800,0,294,0.028433747573761593,0.0,0.0847457627118644
soft_vote_ensemble,1801,0,295,0.010112416600732498,0.0,0.4194915254237288
soft_vote_ensemble,1802,0,295,0.010112416600732498,0.0,0.4194915254237288
soft_vote_ensemble,1803,0,296,0.004711421364408088,0.0,0.7923728813559322
soft_vote_ensemble,1804,0,296,0.004711421364408088,0.0,0.7923728813559322
soft_vote_ensemble,1805,0,297,0.008723275520423993,0.0,0.6101694915254237
soft_vote_ensemble,1806,0,297,0.008723275520423993,0.0,0.6101694915254237
soft_vote_ensemble,1807,0,298,0.0042655040097472185,0.0,0.7542372881355932
soft_vote_ensemble,1808,0,298,0.0042655040097472185,0.0,0.7542372881355932
soft_vote_ensemble,1809,0,299,0.005845027493567837,0.0,0.6779661016949152
soft_vote_ensemble,1810,0,299,0.005845027493567837,0.0,0.6779661016949152
soft_vote_ensemble,1811,0,300,0.003092655975845268,0.0,0.8389830508474576
soft_vote_ensemble,1812,0,300,0.003092655975845268,0.0,0.8389830508474576
soft_vote_ensemble,1813,0,301,0.006698825011454584,0.0,0.6228813559322034
soft_vote_ensemble,1814,0,301,0.006698825011454584,0.0,0.6228813559322034
soft_vote_ensemble,1815,0,302,0.029436978618722083,0.0,0.08898305084745763
soft_vote_ensemble,1816,0,302,0.029436978618722083,0.0,0.08898305084745763
soft_vote_ensemble,1817,0,303,0.008872248010738494,0.0,0.5677966101694916
soft_vote_ensemble,1818,0,303,0.008872248010738494,0.0,0.5677966101694916
soft_vote_ensemble,1819,0,304,0.010439305293854784,0.0,0.6186440677966102
soft_vote_ensemble,1820,0,304,0.010439305293854784,0.0,0.6186440677966102
soft_vote_ensemble,1821,0,305,0.013350383199062723,0.0,0.3671129468736647
soft_vote_ensemble,1822,0,305,0.013350383199062723,0.0,0.3671129468736647
soft_vote_ensemble,1823,0,306,0.012645255727783283,0.0,0.385593220338983
soft_vote_ensemble,1824,0,306,0.012645255727783283,0.0,0.385593220338983
soft_vote_ensemble,1825,0,307,0.03256660758453258,0.2,0.1265845321179319
soft_vote_ensemble,1826,0,307,0.03256660758453258,0.2,0.1265845321179319
soft_vote_ensemble,1827,0,308,0.006340394338589102,0.0,0.6144067796610169
soft_vote_ensemble,1828,0,308,0.006340394338589102,0.0,0.6144067796610169
soft_vote_ensemble,1829,0,309,0.019808092586747095,0.0,0.15677966101694915
soft_vote_ensemble,1830,0,309,0.019808092586747095,0.0,0.15677966101694915
soft_vote_ensemble,1831,1,310,0.013367595082325759,0.0,0.3500925794046432
soft_vote_ensemble,1832,0,310,0.013367595082325759,0.0,0.3500925794046432
soft_vote_ensemble,1833,0,311,0.013159232196538645,0.0,0.3474576271186441
soft_vote_ensemble,1834,0,311,0.013159232196538645,0.0,0.3474576271186441
soft_vote_ensemble,1835,0,312,0.012296066570050494,0.0,0.4449152542372881
soft_vote_ensemble,1836,0,312,0.012296066570050494,0.0,0.4449152542372881
soft_vote_ensemble,1837,0,313,0.010532337441373708,0.0,0.4788135593220339
soft_vote_ensemble,1838,0,313,0.010532337441373708,0.0,0.4788135593220339
soft_vote_ensemble,1839,0,314,0.010107714753495431,0.0,0.4703389830508474
soft_vote_ensemble,1840,0,314,0.010107714753495431,0.0,0.4703389830508474
soft_vote_ensemble,1841,0,315,0.008723814227943945,0.0,0.5169491525423728
soft_vote_ensemble,1842,0,315,0.008723814227943945,0.0,0.5169491525423728
soft_vote_ensemble,1843,0,316,0.006424960384416545,0.0,0.7033898305084745
soft_vote_ensemble,1844,0,316,0.006424960384416545,0.0,0.7033898305084745
soft_vote_ensemble,1845,0,317,0.011940261659235864,0.0,0.5127118644067796
soft_vote_ensemble,1846,0,317,0.011940261659235864,0.0,0.5127118644067796
soft_vote_ensemble,1847,0,318,0.00964392354897103,0.0,0.6228813559322034
soft_vote_ensemble,1848,0,318,0.00964392354897103,0.0,0.6228813559322034
soft_vote_ensemble,1849,0,319,0.010142930597374917,0.0,0.4915254237288136
soft_vote_ensemble,1850,0,319,0.010142930597374917,0.0,0.4915254237288136
soft_vote_ensemble,1851,0,320,0.008411125822379812,0.0,0.538135593220339
soft_vote_ensemble,1852,0,320,0.008411125822379812,0.0,0.538135593220339
soft_vote_ensemble,1853,0,321,0.00356530145637395,0.0,0.8691425722831505
soft_vote_ensemble,1854,0,321,0.00356530145637395,0.0,0.8691425722831505
soft_vote_ensemble,1855,0,322,0.005104074250395832,0.0,0.7923728813559322
soft_vote_ensemble,1856,0,322,0.005104074250395832,0.0,0.7923728813559322
soft_vote_ensemble,1857,0,323,0.0053952509004763175,0.0,0.7966101694915255
soft_vote_ensemble,1858,0,323,0.0053952509004763175,0.0,0.7966101694915255
soft_vote_ensemble,1859,0,324,0.00283781738248018,0.0,0.8728813559322034
soft_vote_ensemble,1860,0,324,0.00283781738248018,0.0,0.8728813559322034
soft_vote_ensemble,1861,0,325,0.0038991650365153433,0.0,0.8389830508474576
soft_vote_ensemble,1862,0,325,0.0038991650365153433,0.0,0.8389830508474576
soft_vote_ensemble,1863,0,326,0.0041840084892887635,0.0,0.8312206238427575
soft_vote_ensemble,1864,0,326,0.0041840084892887635,0.0,0.8312206238427575
soft_vote_ensemble,1865,0,327,0.008499132441917473,0.0,0.6610169491525424
soft_vote_ensemble,1866,0,327,0.008499132441917473,0.0,0.6610169491525424
soft_vote_ensemble,1867,0,328,0.011739043159455727,0.0,0.34745762711864403
soft_vote_ensemble,1868,0,328,0.011739043159455727,0.0,0.34745762711864403
soft_vote_ensemble,1869,0,329,0.012443234202898914,0.0,0.3220338983050848
soft_vote_ensemble,1870,0,329,0.012443234202898914,0.0,0.3220338983050848
soft_vote_ensemble,1871,0,330,0.014750430418421093,0.0,0.3502706167212648
soft_vote_ensemble,1872,0,330,0.014750430418421093,0.0,0.3502706167212648
soft_vote_ensemble,1873,0,331,0.003631127356182532,0.0,0.8601694915254238
soft_vote_ensemble,1874,0,331,0.003631127356182532,0.0,0.8601694915254238
soft_vote_ensemble,1875,0,332,0.02732970375680961,0.1,0.19915254237288138
soft_vote_ensemble,1876,0,332,0.02732970375680961,0.1,0.19915254237288138
soft_vote_ensemble,1877,0,333,0.011130666325682643,0.0,0.5338983050847458
soft_vote_ensemble,1878,0,333,0.011130666325682643,0.0,0.5338983050847458
soft_vote_ensemble,1879,0,334,0.0036340767597484785,0.0,0.8644067796610169
soft_vote_ensemble,1880,0,334,0.0036340767597484785,0.0,0.8644067796610169
soft_vote_ensemble,1881,0,335,0.0030865894917312484,0.0,0.8945663010967099
soft_vote_ensemble,1882,0,335,0.0030865894917312484,0.0,0.8945663010967099
soft_vote_ensemble,1883,0,336,0.015132307395648081,0.0,0.3135593220338983
soft_vote_ensemble,1884,0,336,0.015132307395648081,0.0,0.3135593220338983
soft_vote_ensemble,1885,0,337,0.004305048629076467,0.0,0.7542372881355932
soft_vote_ensemble,1886,0,337,0.004305048629076467,0.0,0.7542372881355932
soft_vote_ensemble,1887,0,338,0.006811420283785456,0.0,0.5847457627118644
soft_vote_ensemble,1888,0,338,0.006811420283785456,0.0,0.5847457627118644
soft_vote_ensemble,1889,0,339,0.005223826449183072,0.0,0.7047429141147985
soft_vote_ensemble,1890,0,339,0.005223826449183072,0.0,0.7047429141147985
soft_vote_ensemble,1891,0,340,0.01569352717477451,0.0,0.35593220338983056
soft_vote_ensemble,1892,0,340,0.01569352717477451,0.0,0.35593220338983056
soft_vote_ensemble,1893,0,341,0.018590436395428126,0.0,0.1906779661016949
soft_vote_ensemble,1894,0,341,0.018590436395428126,0.0,0.1906779661016949
soft_vote_ensemble,1895,0,342,0.01938247606769723,0.0,0.24576271186440676
soft_vote_ensemble,1896,0,342,0.01938247606769723,0.0,0.24576271186440676
soft_vote_ensemble,1897,1,343,0.004896064611117277,0.0,0.7215140293405498
soft_vote_ensemble,1898,0,343,0.004896064611117277,0.0,0.7215140293405498
soft_vote_ensemble,1899,0,344,0.021278433277892597,0.0,0.1610169491525424
soft_vote_ensemble,1900,0,344,0.021278433277892597,0.0,0.1610169491525424
soft_vote_ensemble,1901,0,345,0.0180957196356284,0.0,0.17796610169491525
soft_vote_ensemble,1902,0,345,0.0180957196356284,0.0,0.17796610169491525
soft_vote_ensemble,1903,0,346,0.01081950110661085,0.0,0.4830508474576271
soft_vote_ensemble,1904,0,346,0.01081950110661085,0.0,0.4830508474576271
soft_vote_ensemble,1905,0,347,0.010506525157827068,0.0,0.4533898305084746
soft_vote_ensemble,1906,0,347,0.010506525157827068,0.0,0.4533898305084746
soft_vote_ensemble,1907,0,348,0.015908897927619365,0.0,0.2245762711864407
soft_vote_ensemble,1908,0,348,0.015908897927619365,0.0,0.2245762711864407
soft_vote_ensemble,1909,0,349,0.0086304818915117,0.0,0.4745762711864407
soft_vote_ensemble,1910,0,349,0.0086304818915117,0.0,0.4745762711864407
soft_vote_ensemble,1911,0,350,0.004085190342124698,0.0,0.8734510753453923
soft_vote_ensemble,1912,0,350,0.004085190342124698,0.0,0.8734510753453923
soft_vote_ensemble,1913,0,351,0.022740066169101243,0.0,0.15677966101694915
soft_vote_ensemble,1914,0,351,0.022740066169101243,0.0,0.15677966101694915
soft_vote_ensemble,1915,0,352,0.05076546664889984,0.3,0.05932203389830508
soft_vote_ensemble,1916,0,352,0.05076546664889984,0.3,0.05932203389830508
soft_vote_ensemble,1917,0,353,0.009240296373004424,0.0,0.47457627118644063
soft_vote_ensemble,1918,0,353,0.009240296373004424,0.0,0.47457627118644063
soft_vote_ensemble,1919,0,354,0.054461369097107595,0.6,0.01694915254237288
soft_vote_ensemble,1920,0,354,0.054461369097107595,0.6,0.01694915254237288
soft_vote_ensemble,1921,0,355,0.020314475636792194,0.0,0.1822033898305085
soft_vote_ensemble,1922,0,355,0.020314475636792194,0.0,0.1822033898305085
soft_vote_ensemble,1923,0,356,0.005528245570330619,0.0,0.771186440677966
soft_vote_ensemble,1924,0,356,0.005528245570330619,0.0,0.771186440677966
soft_vote_ensemble,1925,0,357,0.01054473376538152,0.0,0.5338983050847458
soft_vote_ensemble,1926,0,357,0.01054473376538152,0.0,0.5338983050847458
soft_vote_ensemble,1927,0,358,0.006874372897302143,0.0,0.614406779661017
soft_vote_ensemble,1928,0,358,0.006874372897302143,0.0,0.614406779661017
soft_vote_ensemble,1929,0,359,0.005459364979790182,0.0,0.7300598205383848
soft_vote_ensemble,1930,0,359,0.005459364979790182,0.0,0.7300598205383848
soft_vote_ensemble,1931,0,360,0.024181245024811945,0.0,0.1483050847457627
soft_vote_ensemble,1932,0,360,0.024181245024811945,0.0,0.1483050847457627
soft_vote_ensemble,1933,0,361,0.008774781484884649,0.0,0.6583107819398946
soft_vote_ensemble,1934,0,361,0.008774781484884649,0.0,0.6583107819398946
soft_vote_ensemble,1935,0,362,0.033946285869939266,0.2,0.10970659450220765
soft_vote_ensemble,1936,0,362,0.033946285869939266,0.2,0.10970659450220765
soft_vote_ensemble,1937,1,363,0.010534288019443231,0.0,0.3983050847457627
soft_vote_ensemble,1938,0,363,0.010534288019443231,0.0,0.3983050847457627
soft_vote_ensemble,1939,0,364,0.01762981597886901,0.0,0.21952001139438826
soft_vote_ensemble,1940,0,364,0.01762981597886901,0.0,0.21952001139438826
soft_vote_ensemble,1941,0,365,0.017540430186882214,0.0,0.22781655034895315
soft_vote_ensemble,1942,0,365,0.017540430186882214,0.0,0.22781655034895315
soft_vote_ensemble,1943,0,366,0.011918942486359167,0.0,0.5274533542230452
soft_vote_ensemble,1944,0,366,0.011918942486359167,0.0,0.5274533542230452
soft_vote_ensemble,1945,0,367,0.03686197604695411,0.3,0.07203389830508475
soft_vote_ensemble,1946,0,368,0.010557561916560548,0.0,0.43024497934767125
soft_vote_ensemble,1947,0,368,0.010557561916560548,0.0,0.43024497934767125
soft_vote_ensemble,1948,0,367,0.03686197604695411,0.3,0.07203389830508475
soft_vote_ensemble,1949,0,369,0.011806922144241954,0.0,0.47240421592365756
soft_vote_ensemble,1950,0,369,0.011806922144241954,0.0,0.47240421592365756
soft_vote_ensemble,1951,0,370,0.0087953442191431,0.0,0.5423728813559322
soft_vote_ensemble,1952,0,370,0.0087953442191431,0.0,0.5423728813559322
soft_vote_ensemble,1953,0,371,0.033075147676847313,0.0,0.07627118644067796
soft_vote_ensemble,1954,0,371,0.033075147676847313,0.0,0.07627118644067796
soft_vote_ensemble,1955,0,372,0.03572362676037894,0.2,0.046610169491525424
soft_vote_ensemble,1956,0,372,0.03572362676037894,0.2,0.046610169491525424
soft_vote_ensemble,1957,0,373,0.006498750076798029,0.0,0.6750818971656459
soft_vote_ensemble,1958,0,373,0.006498750076798029,0.0,0.6750818971656459
soft_vote_ensemble,1959,0,374,0.03893459899241906,0.3,0.0760931491240564
soft_vote_ensemble,1960,0,374,0.03893459899241906,0.3,0.0760931491240564
soft_vote_ensemble,1961,0,375,0.010630372715071137,0.0,0.40521293263067937
soft_vote_ensemble,1962,0,375,0.010630372715071137,0.0,0.40521293263067937
soft_vote_ensemble,1963,0,376,0.011279923276425586,0.0,0.5084745762711864
soft_vote_ensemble,1964,0,376,0.011279923276425586,0.0,0.5084745762711864
soft_vote_ensemble,1965,0,377,0.010293600037512533,0.0,0.4110169491525424
soft_vote_ensemble,1966,0,377,0.010293600037512533,0.0,0.4110169491525424
soft_vote_ensemble,1967,0,378,0.02116240104226637,0.0,0.1906779661016949
soft_vote_ensemble,1968,0,378,0.02116240104226637,0.0,0.1906779661016949
soft_vote_ensemble,1969,0,379,0.02108172261541499,0.1,0.20168067226890757
soft_vote_ensemble,1970,0,379,0.02108172261541499,0.1,0.20168067226890757
soft_vote_ensemble,1971,0,380,0.0388464043481942,0.1,0.05903717419171058
soft_vote_ensemble,1972,0,380,0.0388464043481942,0.1,0.05903717419171058
soft_vote_ensemble,1973,1,381,0.0036344468275512345,0.0,0.8135593220338984
soft_vote_ensemble,1974,0,381,0.0036344468275512345,0.0,0.8135593220338984
soft_vote_ensemble,1975,0,382,0.058002310899378705,0.3,0.03813559322033898
soft_vote_ensemble,1976,0,383,0.03378276453489617,0.1,0.05903717419171058
soft_vote_ensemble,1977,0,383,0.03378276453489617,0.1,0.05903717419171058
soft_vote_ensemble,1978,0,382,0.058002310899378705,0.3,0.03813559322033898
soft_vote_ensemble,1979,0,384,0.018742305155847093,0.0,0.25
soft_vote_ensemble,1980,0,384,0.018742305155847093,0.0,0.25
soft_vote_ensemble,1981,0,385,0.022121996496622272,0.0,0.2330508474576271
soft_vote_ensemble,1982,0,385,0.022121996496622272,0.0,0.2330508474576271
soft_vote_ensemble,1983,0,386,0.009448106082686935,0.0,0.5127118644067796
soft_vote_ensemble,1984,0,386,0.009448106082686935,0.0,0.5127118644067796
soft_vote_ensemble,1985,0,387,0.1142247941814352,0.9,0.00847457627118644
soft_vote_ensemble,1986,0,387,0.1142247941814352,0.9,0.00847457627118644
soft_vote_ensemble,1987,0,388,0.00878764192301357,0.0,0.5569363338555762
soft_vote_ensemble,1988,0,388,0.00878764192301357,0.0,0.5569363338555762
soft_vote_ensemble,1989,0,389,0.015255732263095168,0.0,0.23728813559322035
soft_vote_ensemble,1990,0,389,0.015255732263095168,0.0,0.23728813559322035
soft_vote_ensemble,1991,0,390,0.009863898433648434,0.0,0.5254237288135593
soft_vote_ensemble,1992,0,390,0.009863898433648434,0.0,0.5254237288135593
soft_vote_ensemble,1993,0,391,0.019878236896354345,0.0,0.1483050847457627
soft_vote_ensemble,1994,0,391,0.019878236896354345,0.0,0.1483050847457627
soft_vote_ensemble,1995,0,392,0.017609019042137998,0.0,0.18142002563737358
soft_vote_ensemble,1996,0,392,0.017609019042137998,0.0,0.18142002563737358
soft_vote_ensemble,1997,0,393,0.016786971217986398,0.0,0.27542372881355937
soft_vote_ensemble,1998,0,393,0.016786971217986398,0.0,0.27542372881355937
soft_vote_ensemble,1999,0,394,0.020379000560722633,0.0,0.17372881355932202
soft_vote_ensemble,2000,0,395,0.010770957952801263,0.0,0.4957627118644068
soft_vote_ensemble,2001,0,395,0.010770957952801263,0.0,0.4957627118644068
soft_vote_ensemble,2002,0,394,0.020379000560722633,0.0,0.17372881355932202
soft_vote_ensemble,2003,0,396,0.007817276866537513,0.0,0.5656957698333571
soft_vote_ensemble,2004,0,396,0.007817276866537513,0.0,0.5656957698333571
soft_vote_ensemble,2005,0,397,0.020004260804198763,0.0,0.18487394957983194
soft_vote_ensemble,2006,0,397,0.020004260804198763,0.0,0.18487394957983194
soft_vote_ensemble,2007,0,398,0.08807347199985022,0.5,0.016842330152399942
soft_vote_ensemble,2008,0,398,0.08807347199985022,0.5,0.016842330152399942
soft_vote_ensemble,2009,0,399,0.01608092818576624,0.0,0.25
soft_vote_ensemble,2010,0,399,0.01608092818576624,0.0,0.25
soft_vote_ensemble,2011,0,400,0.017602562259794962,0.0,0.19491525423728814
soft_vote_ensemble,2012,0,400,0.017602562259794962,0.0,0.19491525423728814
soft_vote_ensemble,2013,0,401,0.00724951640587343,0.0,0.576271186440678
soft_vote_ensemble,2014,0,401,0.00724951640587343,0.0,0.576271186440678
soft_vote_ensemble,2015,0,402,0.007441096476925898,0.0,0.6456345249964393
soft_vote_ensemble,2016,0,402,0.007441096476925898,0.0,0.6456345249964393
soft_vote_ensemble,2017,0,403,0.11786861395798257,0.6,0.00423728813559322
soft_vote_ensemble,2018,0,403,0.11786861395798257,0.6,0.00423728813559322
soft_vote_ensemble,2019,0,404,0.022900019629953448,0.0,0.19406067511750463
soft_vote_ensemble,2020,0,404,0.022900019629953448,0.0,0.19406067511750463
soft_vote_ensemble,2021,1,405,0.0032053522753130127,0.0,0.8559322033898304
soft_vote_ensemble,2022,0,405,0.0032053522753130127,0.0,0.8559322033898304
soft_vote_ensemble,2023,0,406,0.014011901223430174,0.0,0.3305084745762712
soft_vote_ensemble,2024,0,406,0.014011901223430174,0.0,0.3305084745762712
soft_vote_ensemble,2025,0,407,0.011953410147557322,0.0,0.385593220338983
soft_vote_ensemble,2026,0,407,0.011953410147557322,0.0,0.385593220338983
soft_vote_ensemble,2027,0,408,0.015624809577759007,0.0,0.3008474576271186
soft_vote_ensemble,2028,0,408,0.015624809577759007,0.0,0.3008474576271186
soft_vote_ensemble,2029,0,409,0.015101920695109416,0.0,0.29956558894744334
soft_vote_ensemble,2030,0,409,0.015101920695109416,0.0,0.29956558894744334
soft_vote_ensemble,2031,0,410,0.011225264818901468,0.0,0.34745762711864403
soft_vote_ensemble,2032,0,410,0.011225264818901468,0.0,0.34745762711864403
soft_vote_ensemble,2033,0,411,0.014804057196105794,0.0,0.31220623842757445
soft_vote_ensemble,2034,0,411,0.014804057196105794,0.0,0.31220623842757445
soft_vote_ensemble,2035,0,412,0.004993911080062465,0.0,0.6932773109243697
soft_vote_ensemble,2036,0,412,0.004993911080062465,0.0,0.6932773109243697
soft_vote_ensemble,2037,0,413,0.011179429877141062,0.0,0.3898305084745763
soft_vote_ensemble,2038,0,413,0.011179429877141062,0.0,0.3898305084745763
soft_vote_ensemble,2039,0,414,0.014645072927713646,0.0,0.31640791909984334
soft_vote_ensemble,2040,0,414,0.014645072927713646,0.0,0.31640791909984334
soft_vote_ensemble,2041,0,415,0.03158563953887809,0.1,0.11016949152542374
soft_vote_ensemble,2042,0,416,0.008066865770164798,0.0,0.5508474576271187
soft_vote_ensemble,2043,0,415,0.03158563953887809,0.1,0.11016949152542374
soft_vote_ensemble,2044,0,416,0.008066865770164798,0.0,0.5508474576271187
soft_vote_ensemble,2045,0,417,0.005213013069781397,0.0,0.6694915254237288
soft_vote_ensemble,2046,0,417,0.005213013069781397,0.0,0.6694915254237288
soft_vote_ensemble,2047,0,418,0.006271162997519747,0.0,0.6610169491525424
soft_vote_ensemble,2048,0,418,0.006271162997519747,0.0,0.6610169491525424
soft_vote_ensemble,2049,0,419,0.007310033812830015,0.0,0.599166785358211
soft_vote_ensemble,2050,0,419,0.007310033812830015,0.0,0.599166785358211
soft_vote_ensemble,2051,0,420,0.004181999173307463,0.0,0.8093220338983051
soft_vote_ensemble,2052,0,420,0.004181999173307463,0.0,0.8093220338983051
soft_vote_ensemble,2053,0,421,0.012676267677970962,0.0,0.3432203389830508
soft_vote_ensemble,2054,0,421,0.012676267677970962,0.0,0.3432203389830508
soft_vote_ensemble,2055,0,422,0.028855737166841155,0.0,0.13067939040022788
soft_vote_ensemble,2056,0,422,0.028855737166841155,0.0,0.13067939040022788
soft_vote_ensemble,2057,0,423,0.006820756238782509,0.0,0.654037886340977
soft_vote_ensemble,2058,0,423,0.006820756238782509,0.0,0.654037886340977
soft_vote_ensemble,2059,0,424,0.01025693252291684,0.0,0.4957627118644068
soft_vote_ensemble,2060,0,424,0.01025693252291684,0.0,0.4957627118644068
soft_vote_ensemble,2061,0,425,0.0097860653049532,0.0,0.5229312063808574
soft_vote_ensemble,2062,0,425,0.0097860653049532,0.0,0.5229312063808574
soft_vote_ensemble,2063,0,426,0.0045577869872042475,0.0,0.8093220338983051
soft_vote_ensemble,2064,0,426,0.0045577869872042475,0.0,0.8093220338983051
soft_vote_ensemble,2065,0,427,0.003781905063064439,0.0,0.902542372881356
soft_vote_ensemble,2066,0,427,0.003781905063064439,0.0,0.902542372881356
soft_vote_ensemble,2067,0,428,0.01593578182110316,0.0,0.3347457627118644
soft_vote_ensemble,2068,0,428,0.01593578182110316,0.0,0.3347457627118644
soft_vote_ensemble,2069,0,429,0.011829815221529377,0.0,0.39830508474576276
soft_vote_ensemble,2070,0,429,0.011829815221529377,0.0,0.39830508474576276
soft_vote_ensemble,2071,0,430,0.0019382284067769463,0.0,0.9661016949152542
soft_vote_ensemble,2072,0,430,0.0019382284067769463,0.0,0.9661016949152542
soft_vote_ensemble,2073,0,431,0.0061252337621847,0.0,0.635593220338983
soft_vote_ensemble,2074,0,431,0.0061252337621847,0.0,0.635593220338983
soft_vote_ensemble,2075,0,432,0.04986812677759068,0.4,0.03802877083036604
soft_vote_ensemble,2076,0,432,0.04986812677759068,0.4,0.03802877083036604
soft_vote_ensemble,2077,0,433,0.02686929878080323,0.2,0.30807577268195413
soft_vote_ensemble,2078,0,433,0.02686929878080323,0.2,0.30807577268195413
soft_vote_ensemble,2079,0,434,0.005928607857135956,0.0,0.6906779661016949
soft_vote_ensemble,2080,0,434,0.005928607857135956,0.0,0.6906779661016949
soft_vote_ensemble,2081,0,435,0.0074307052120545225,0.0,0.7838983050847458
soft_vote_ensemble,2082,0,435,0.0074307052120545225,0.0,0.7838983050847458
soft_vote_ensemble,2083,0,436,0.006415600150335899,0.0,0.7161016949152543
soft_vote_ensemble,2084,0,436,0.006415600150335899,0.0,0.7161016949152543
soft_vote_ensemble,2085,0,437,0.00973151586624857,0.0,0.4872881355932203
soft_vote_ensemble,2086,0,437,0.00973151586624857,0.0,0.4872881355932203
soft_vote_ensemble,2087,0,438,0.0025460378490822786,0.0,0.9194915254237288
soft_vote_ensemble,2088,0,438,0.0025460378490822786,0.0,0.9194915254237288
soft_vote_ensemble,2089,0,439,0.001328116498498033,0.0,0.9831932773109243
soft_vote_ensemble,2090,0,439,0.001328116498498033,0.0,0.9831932773109243
soft_vote_ensemble,2091,0,440,0.04015025738969261,0.2,0.09282865688648341
soft_vote_ensemble,2092,0,440,0.04015025738969261,0.2,0.09282865688648341
soft_vote_ensemble,2093,0,441,0.008400524225509635,0.0,0.47457627118644063
soft_vote_ensemble,2094,0,441,0.008400524225509635,0.0,0.47457627118644063
soft_vote_ensemble,2095,0,442,0.004205982833396066,0.0,0.8008474576271186
soft_vote_ensemble,2096,0,442,0.004205982833396066,0.0,0.8008474576271186
soft_vote_ensemble,2097,0,443,0.004528632254239171,0.0,0.7584745762711864
soft_vote_ensemble,2098,0,443,0.004528632254239171,0.0,0.7584745762711864
soft_vote_ensemble,2099,0,444,0.006493594206058835,0.0,0.6228813559322034
soft_vote_ensemble,2100,0,444,0.006493594206058835,0.0,0.6228813559322034
soft_vote_ensemble,2101,0,445,0.009855627875230087,0.0,0.5189787779518586
soft_vote_ensemble,2102,0,445,0.009855627875230087,0.0,0.5189787779518586
soft_vote_ensemble,2103,0,446,0.008389925213167327,0.0,0.5677966101694916
soft_vote_ensemble,2104,0,446,0.008389925213167327,0.0,0.5677966101694916
soft_vote_ensemble,2105,1,447,0.011797590083320993,0.0,0.44491525423728817
soft_vote_ensemble,2106,0,447,0.011797590083320993,0.0,0.44491525423728817
soft_vote_ensemble,2107,0,448,0.006031747722313909,0.0,0.6413616293975217
soft_vote_ensemble,2108,0,448,0.006031747722313909,0.0,0.6413616293975217
soft_vote_ensemble,2109,0,449,0.011263002739413977,0.0,0.5296610169491526
soft_vote_ensemble,2110,0,449,0.011263002739413977,0.0,0.5296610169491526
soft_vote_ensemble,2111,0,450,0.011781220173045646,0.0,0.3305084745762712
soft_vote_ensemble,2112,0,450,0.011781220173045646,0.0,0.3305084745762712
soft_vote_ensemble,2113,0,451,0.010245130708336828,0.0,0.6864406779661016
soft_vote_ensemble,2114,0,451,0.010245130708336828,0.0,0.6864406779661016
soft_vote_ensemble,2115,0,452,0.013051708909966675,0.0,0.34606893604899586
soft_vote_ensemble,2116,0,452,0.013051708909966675,0.0,0.34606893604899586
soft_vote_ensemble,2117,0,453,0.02694161752462292,0.0,0.12644210226463465
soft_vote_ensemble,2118,0,453,0.02694161752462292,0.0,0.12644210226463465
soft_vote_ensemble,2119,0,454,0.006765790152966253,0.0,0.673728813559322
soft_vote_ensemble,2120,0,454,0.006765790152966253,0.0,0.673728813559322
soft_vote_ensemble,2121,0,455,0.004372888202882326,0.0,0.8008474576271186
soft_vote_ensemble,2122,0,455,0.004372888202882326,0.0,0.8008474576271186
soft_vote_ensemble,2123,0,456,0.04381854236205838,0.2,0.07598632673408345
soft_vote_ensemble,2124,0,456,0.04381854236205838,0.2,0.07598632673408345
soft_vote_ensemble,2125,0,457,0.013180029767221232,0.0,0.3373095000712149
soft_vote_ensemble,2126,0,457,0.013180029767221232,0.0,0.3373095000712149
soft_vote_ensemble,2127,0,458,0.012601273837315376,0.0,0.2966101694915254
soft_vote_ensemble,2128,0,459,0.07170953245912422,0.2,0.03375587523144851
soft_vote_ensemble,2129,0,459,0.07170953245912422,0.2,0.03375587523144851
soft_vote_ensemble,2130,0,458,0.012601273837315376,0.0,0.2966101694915254
soft_vote_ensemble,2131,0,460,0.006620413275698123,0.0,0.6652542372881356
soft_vote_ensemble,2132,0,460,0.006620413275698123,0.0,0.6652542372881356
soft_vote_ensemble,2133,0,461,0.00629329056934011,0.0,0.6440677966101694
soft_vote_ensemble,2134,0,461,0.00629329056934011,0.0,0.6440677966101694
soft_vote_ensemble,2135,0,462,0.01197963297151414,0.0,0.4364406779661017
soft_vote_ensemble,2136,0,462,0.01197963297151414,0.0,0.4364406779661017
soft_vote_ensemble,2137,0,463,0.001483775781779554,0.0,0.9745762711864406
soft_vote_ensemble,2138,0,463,0.001483775781779554,0.0,0.9745762711864406
soft_vote_ensemble,2139,0,464,0.008892278765911761,0.0,0.5423728813559322
soft_vote_ensemble,2140,0,464,0.008892278765911761,0.0,0.5423728813559322
soft_vote_ensemble,2141,0,465,0.009030193720450387,0.0,0.4703389830508474
soft_vote_ensemble,2142,0,465,0.009030193720450387,0.0,0.4703389830508474
soft_vote_ensemble,2143,0,466,0.009721399000267557,0.0,0.5
soft_vote_ensemble,2144,0,466,0.009721399000267557,0.0,0.5
soft_vote_ensemble,2145,0,467,0.015570316827251612,0.0,0.2867825096140151
soft_vote_ensemble,2146,0,467,0.015570316827251612,0.0,0.2867825096140151
soft_vote_ensemble,2147,0,468,0.01615737184791688,0.0,0.3751246261216351
soft_vote_ensemble,2148,0,469,0.0031882961054830105,0.0,0.8983050847457628
soft_vote_ensemble,2149,0,469,0.0031882961054830105,0.0,0.8983050847457628
soft_vote_ensemble,2150,0,468,0.01615737184791688,0.0,0.3751246261216351
soft_vote_ensemble,2151,0,470,0.007482796731287866,0.0,0.6016949152542372
soft_vote_ensemble,2152,0,470,0.007482796731287866,0.0,0.6016949152542372
soft_vote_ensemble,2153,0,471,0.07562327063516353,0.4,0.025316906423586385
soft_vote_ensemble,2154,0,471,0.07562327063516353,0.4,0.025316906423586385
soft_vote_ensemble,2155,0,472,0.0023352525480227113,0.0,0.9449152542372882
soft_vote_ensemble,2156,0,472,0.0023352525480227113,0.0,0.9449152542372882
soft_vote_ensemble,2157,0,473,0.002971978941894952,0.0,0.9156815268480274
soft_vote_ensemble,2158,0,473,0.002971978941894952,0.0,0.9156815268480274
soft_vote_ensemble,2159,0,474,0.015072818094481355,0.0,0.2923728813559322
soft_vote_ensemble,2160,0,474,0.015072818094481355,0.0,0.2923728813559322
soft_vote_ensemble,2161,0,475,0.007057731327911635,0.0,0.6101694915254237
soft_vote_ensemble,2162,0,475,0.007057731327911635,0.0,0.6101694915254237
soft_vote_ensemble,2163,1,476,0.004236814323741021,0.0,0.7807648483122063
soft_vote_ensemble,2164,0,476,0.004236814323741021,0.0,0.7807648483122063
soft_vote_ensemble,2165,0,477,0.011955599655360475,0.0,0.5296610169491526
soft_vote_ensemble,2166,0,477,0.011955599655360475,0.0,0.5296610169491526
soft_vote_ensemble,2167,0,478,0.011980842419249176,0.0,0.4389688078621279
soft_vote_ensemble,2168,0,478,0.011980842419249176,0.0,0.4389688078621279
soft_vote_ensemble,2169,0,479,0.006116233782764661,0.0,0.6652542372881356
soft_vote_ensemble,2170,0,479,0.006116233782764661,0.0,0.6652542372881356
soft_vote_ensemble,2171,0,480,0.00949978007835901,0.0,0.461864406779661
soft_vote_ensemble,2172,0,480,0.00949978007835901,0.0,0.461864406779661
soft_vote_ensemble,2173,0,481,0.00694004837500471,0.0,0.7245762711864407
soft_vote_ensemble,2174,0,481,0.00694004837500471,0.0,0.7245762711864407
soft_vote_ensemble,2175,0,482,0.007677752339730599,0.0,0.5635593220338984
soft_vote_ensemble,2176,0,482,0.007677752339730599,0.0,0.5635593220338984
soft_vote_ensemble,2177,1,483,0.020006182161111476,0.0,0.25
soft_vote_ensemble,2178,0,483,0.020006182161111476,0.0,0.25
soft_vote_ensemble,2179,0,484,0.006547242973844719,0.0,0.6271186440677966
soft_vote_ensemble,2180,0,484,0.006547242973844719,0.0,0.6271186440677966
soft_vote_ensemble,2181,0,485,0.005832052997620128,0.0,0.711864406779661
soft_vote_ensemble,2182,0,485,0.005832052997620128,0.0,0.711864406779661
soft_vote_ensemble,2183,1,486,0.0031002802370998462,0.0,0.8686440677966102
soft_vote_ensemble,2184,0,486,0.0031002802370998462,0.0,0.8686440677966102
soft_vote_ensemble,2185,0,487,0.009959615348487992,0.0,0.43466030479988604
soft_vote_ensemble,2186,0,487,0.009959615348487992,0.0,0.43466030479988604
soft_vote_ensemble,2187,0,488,0.009674770824244502,0.0,0.461864406779661
soft_vote_ensemble,2188,0,488,0.009674770824244502,0.0,0.461864406779661
soft_vote_ensemble,2189,0,489,0.0035721660590480155,0.0,0.8902221905711437
soft_vote_ensemble,2190,0,489,0.0035721660590480155,0.0,0.8902221905711437
soft_vote_ensemble,2191,0,490,0.004654698146833276,0.0,0.7584745762711864
soft_vote_ensemble,2192,0,490,0.004654698146833276,0.0,0.7584745762711864
soft_vote_ensemble,2193,0,491,0.005144431624523704,0.0,0.7298817832217632
soft_vote_ensemble,2194,0,491,0.005144431624523704,0.0,0.7298817832217632
soft_vote_ensemble,2195,0,492,0.004070567439124968,0.0,0.8686440677966102
soft_vote_ensemble,2196,0,492,0.004070567439124968,0.0,0.8686440677966102
soft_vote_ensemble,2197,0,493,0.020548187255426054,0.0,0.19491525423728812
soft_vote_ensemble,2198,0,493,0.020548187255426054,0.0,0.19491525423728812
soft_vote_ensemble,2199,0,494,0.006806074483783375,0.0,0.6991525423728813
soft_vote_ensemble,2200,0,494,0.006806074483783375,0.0,0.6991525423728813
soft_vote_ensemble,2201,0,495,0.005726003864176049,0.0,0.7245762711864406
soft_vote_ensemble,2202,0,495,0.005726003864176049,0.0,0.7245762711864406
soft_vote_ensemble,2203,0,496,0.024898051058768113,0.1,0.1228813559322034
soft_vote_ensemble,2204,0,496,0.024898051058768113,0.1,0.1228813559322034
soft_vote_ensemble,2205,0,497,0.01100882985694172,0.0,0.4322033898305085
soft_vote_ensemble,2206,0,497,0.01100882985694172,0.0,0.4322033898305085
soft_vote_ensemble,2207,0,498,0.024565833658688207,0.1,0.364406779661017
soft_vote_ensemble,2208,0,498,0.024565833658688207,0.1,0.364406779661017
soft_vote_ensemble,2209,0,499,0.02345082870832784,0.0,0.15546218487394958
soft_vote_ensemble,2210,0,499,0.02345082870832784,0.0,0.15546218487394958
soft_vote_ensemble,2211,0,500,0.005504974860537418,0.0,0.711864406779661
soft_vote_ensemble,2212,0,500,0.005504974860537418,0.0,0.711864406779661
soft_vote_ensemble,2213,0,501,0.017379090933136686,0.0,0.2033898305084746
soft_vote_ensemble,2214,0,501,0.017379090933136686,0.0,0.2033898305084746
soft_vote_ensemble,2215,0,502,0.005810238356207618,0.0,0.6750462897023216
soft_vote_ensemble,2216,0,502,0.005810238356207618,0.0,0.6750462897023216
soft_vote_ensemble,2217,0,503,0.006503859253157001,0.0,0.711864406779661
soft_vote_ensemble,2218,0,503,0.006503859253157001,0.0,0.711864406779661
soft_vote_ensemble,2219,0,504,0.020904246781402673,0.0,0.1610169491525424
soft_vote_ensemble,2220,0,504,0.020904246781402673,0.0,0.1610169491525424
soft_vote_ensemble,2221,0,505,0.009635042446915064,0.0,0.4767483264492237
soft_vote_ensemble,2222,0,505,0.009635042446915064,0.0,0.4767483264492237
soft_vote_ensemble,2223,0,506,0.00785937320774992,0.0,0.5847457627118644
soft_vote_ensemble,2224,0,506,0.00785937320774992,0.0,0.5847457627118644
soft_vote_ensemble,2225,0,507,0.006863801039984835,0.0,0.6541803161942743
soft_vote_ensemble,2226,0,507,0.006863801039984835,0.0,0.6541803161942743
soft_vote_ensemble,2227,0,508,0.0214540360438363,0.0,0.16885059108389117
soft_vote_ensemble,2228,0,508,0.0214540360438363,0.0,0.16885059108389117
soft_vote_ensemble,2229,0,509,0.008519392823245342,0.0,0.49793476712718987
soft_vote_ensemble,2230,0,509,0.008519392823245342,0.0,0.49793476712718987
soft_vote_ensemble,2231,0,510,0.005815390612343866,0.0,0.7425580401652185
soft_vote_ensemble,2232,0,510,0.005815390612343866,0.0,0.7425580401652185
soft_vote_ensemble,2233,0,511,0.008934112279806155,0.0,0.5889830508474576
soft_vote_ensemble,2234,0,511,0.008934112279806155,0.0,0.5889830508474576
soft_vote_ensemble,2235,0,512,0.009283012193753949,0.0,0.48305084745762716
soft_vote_ensemble,2236,0,512,0.009283012193753949,0.0,0.48305084745762716
soft_vote_ensemble,2237,0,513,0.010146447878790932,0.0,0.5127118644067796
soft_vote_ensemble,2238,0,513,0.010146447878790932,0.0,0.5127118644067796
soft_vote_ensemble,2239,0,514,0.011714546413347175,0.0,0.3347457627118644
soft_vote_ensemble,2240,0,514,0.011714546413347175,0.0,0.3347457627118644
soft_vote_ensemble,2241,0,515,0.020806086737699316,0.0,0.1440677966101695
soft_vote_ensemble,2242,0,515,0.020806086737699316,0.0,0.1440677966101695
soft_vote_ensemble,2243,0,516,0.003047470031508073,0.0,0.8820324740065517
soft_vote_ensemble,2244,0,516,0.003047470031508073,0.0,0.8820324740065517
soft_vote_ensemble,2245,0,517,0.0020353263793178706,0.0,0.9577695484973651
soft_vote_ensemble,2246,0,518,0.020439079980729632,0.1,0.2627118644067797
soft_vote_ensemble,2247,0,518,0.020439079980729632,0.1,0.2627118644067797
soft_vote_ensemble,2248,0,517,0.0020353263793178706,0.0,0.9577695484973651
soft_vote_ensemble,2249,0,519,0.001992755746291233,0.0,0.923728813559322
soft_vote_ensemble,2250,0,519,0.001992755746291233,0.0,0.923728813559322
soft_vote_ensemble,2251,0,520,0.021391511702645048,0.0,0.2245762711864407
soft_vote_ensemble,2252,0,520,0.021391511702645048,0.0,0.2245762711864407
soft_vote_ensemble,2253,0,521,0.004006308704525808,0.0,0.8177966101694916
soft_vote_ensemble,2254,0,521,0.004006308704525808,0.0,0.8177966101694916
soft_vote_ensemble,2255,0,522,0.008005114571715415,0.0,0.6101694915254237
soft_vote_ensemble,2256,0,522,0.008005114571715415,0.0,0.6101694915254237
soft_vote_ensemble,2257,0,523,0.011105944249257736,0.0,0.39830508474576276
soft_vote_ensemble,2258,0,523,0.011105944249257736,0.0,0.39830508474576276
soft_vote_ensemble,2259,0,524,0.002888869463044879,0.0,0.9029340549779235
soft_vote_ensemble,2260,0,524,0.002888869463044879,0.0,0.9029340549779235
soft_vote_ensemble,2261,0,525,0.016669107162970636,0.0,0.2700113943882638
soft_vote_ensemble,2262,0,525,0.016669107162970636,0.0,0.2700113943882638
soft_vote_ensemble,2263,0,526,0.003388359212525943,0.0,0.8860561173621991
soft_vote_ensemble,2264,0,526,0.003388359212525943,0.0,0.8860561173621991
soft_vote_ensemble,2265,0,527,0.004752117324437947,0.0,0.8347457627118644
soft_vote_ensemble,2266,0,527,0.004752117324437947,0.0,0.8347457627118644
soft_vote_ensemble,2267,0,528,0.015113372715577575,0.0,0.23728813559322035
soft_vote_ensemble,2268,0,529,0.027959918777030884,0.0,0.1313559322033898
soft_vote_ensemble,2269,0,528,0.015113372715577575,0.0,0.23728813559322035
soft_vote_ensemble,2270,0,529,0.027959918777030884,0.0,0.1313559322033898
soft_vote_ensemble,2271,0,530,0.009183439215453578,0.0,0.597457627118644
soft_vote_ensemble,2272,0,530,0.009183439215453578,0.0,0.597457627118644
soft_vote_ensemble,2273,0,531,0.015377579189604093,0.0,0.3347457627118644
soft_vote_ensemble,2274,0,531,0.015377579189604093,0.0,0.3347457627118644
soft_vote_ensemble,2275,0,532,0.004791414594509991,0.0,0.7669491525423728
soft_vote_ensemble,2276,0,532,0.004791414594509991,0.0,0.7669491525423728
soft_vote_ensemble,2277,0,533,0.0061769470789622034,0.0,0.6271186440677966
soft_vote_ensemble,2278,0,533,0.0061769470789622034,0.0,0.6271186440677966
soft_vote_ensemble,2279,0,534,0.006372477783294266,0.0,0.6398305084745762
soft_vote_ensemble,2280,0,534,0.006372477783294266,0.0,0.6398305084745762
soft_vote_ensemble,2281,0,535,0.003880746640971579,0.0,0.8771186440677966
soft_vote_ensemble,2282,0,535,0.003880746640971579,0.0,0.8771186440677966
soft_vote_ensemble,2283,0,536,0.024013169697975904,0.0,0.13135593220338984
soft_vote_ensemble,2284,0,536,0.024013169697975904,0.0,0.13135593220338984
soft_vote_ensemble,2285,0,537,0.004105471122078585,0.0,0.8050847457627119
soft_vote_ensemble,2286,0,537,0.004105471122078585,0.0,0.8050847457627119
soft_vote_ensemble,2287,0,538,0.008726815924899,0.0,0.4872881355932204
soft_vote_ensemble,2288,0,538,0.008726815924899,0.0,0.4872881355932204
soft_vote_ensemble,2289,0,539,0.007373282585744016,0.0,0.5908702464036462
soft_vote_ensemble,2290,0,539,0.007373282585744016,0.0,0.5908702464036462
soft_vote_ensemble,2291,0,540,0.005364705073462327,0.0,0.7033898305084746
soft_vote_ensemble,2292,0,540,0.005364705073462327,0.0,0.7033898305084746
soft_vote_ensemble,2293,0,541,0.006531763713610325,0.0,0.611665004985045
soft_vote_ensemble,2294,0,541,0.006531763713610325,0.0,0.611665004985045
soft_vote_ensemble,2295,0,542,0.008541927559936918,0.0,0.4432060959977211
soft_vote_ensemble,2296,0,542,0.008541927559936918,0.0,0.4432060959977211
soft_vote_ensemble,2297,0,543,0.005450856581296885,0.0,0.8008474576271187
soft_vote_ensemble,2298,0,543,0.005450856581296885,0.0,0.8008474576271187
soft_vote_ensemble,2299,0,544,0.012813285483107928,0.0,0.35860276313915396
soft_vote_ensemble,2300,0,544,0.012813285483107928,0.0,0.35860276313915396
soft_vote_ensemble,2301,0,545,0.00564643576786713,0.0,0.7721834496510469
soft_vote_ensemble,2302,0,545,0.00564643576786713,0.0,0.7721834496510469
soft_vote_ensemble,2303,0,546,0.006604301675791522,0.0,0.65414470873095
soft_vote_ensemble,2304,0,546,0.006604301675791522,0.0,0.65414470873095
soft_vote_ensemble,2305,0,547,0.007029446650553456,0.0,0.5847457627118644
soft_vote_ensemble,2306,0,547,0.007029446650553456,0.0,0.5847457627118644
soft_vote_ensemble,2307,0,548,0.01096627421520773,0.0,0.40254237288135597
soft_vote_ensemble,2308,0,548,0.01096627421520773,0.0,0.40254237288135597
soft_vote_ensemble,2309,0,549,0.01260152790643326,0.0,0.371243412619285
soft_vote_ensemble,2310,0,549,0.01260152790643326,0.0,0.371243412619285
soft_vote_ensemble,2311,0,550,0.004880835282453278,0.0,0.8093220338983051
soft_vote_ensemble,2312,0,550,0.004880835282453278,0.0,0.8093220338983051
soft_vote_ensemble,2313,0,551,0.00923904826892734,0.0,0.5254237288135593
soft_vote_ensemble,2314,0,551,0.00923904826892734,0.0,0.5254237288135593
soft_vote_ensemble,2315,0,552,0.009883651799333235,0.0,0.4345534824099131
soft_vote_ensemble,2316,0,552,0.009883651799333235,0.0,0.4345534824099131
soft_vote_ensemble,2317,0,553,0.003645381260819899,0.0,0.8649052841475573
soft_vote_ensemble,2318,0,553,0.003645381260819899,0.0,0.8649052841475573
soft_vote_ensemble,2319,0,554,0.0035147642118167127,0.0,0.9110169491525424
soft_vote_ensemble,2320,0,554,0.0035147642118167127,0.0,0.9110169491525424
soft_vote_ensemble,2321,0,555,0.0024124178204064394,0.0,0.923728813559322
soft_vote_ensemble,2322,0,555,0.0024124178204064394,0.0,0.923728813559322
soft_vote_ensemble,2323,0,556,0.018493446679941464,0.0,0.2288135593220339
soft_vote_ensemble,2324,0,556,0.018493446679941464,0.0,0.2288135593220339
soft_vote_ensemble,2325,0,557,0.023977945036519652,0.0,0.1610169491525424
soft_vote_ensemble,2326,0,557,0.023977945036519652,0.0,0.1610169491525424
soft_vote_ensemble,2327,0,558,0.0035537355859110546,0.0,0.847457627118644
soft_vote_ensemble,2328,0,558,0.0035537355859110546,0.0,0.847457627118644
soft_vote_ensemble,2329,0,559,0.01140563161393096,0.0,0.3771186440677966
soft_vote_ensemble,2330,0,559,0.01140563161393096,0.0,0.3771186440677966
soft_vote_ensemble,2331,1,560,0.010497607472047032,0.0,0.5084745762711864
soft_vote_ensemble,2332,0,560,0.010497607472047032,0.0,0.5084745762711864
soft_vote_ensemble,2333,0,561,0.004646496562106533,0.0,0.75
soft_vote_ensemble,2334,0,561,0.004646496562106533,0.0,0.75
soft_vote_ensemble,2335,0,562,0.0022307323954415884,0.0,0.9279661016949152
soft_vote_ensemble,2336,0,562,0.0022307323954415884,0.0,0.9279661016949152
soft_vote_ensemble,2337,0,563,0.015879166977536757,0.0,0.25729952998148414
soft_vote_ensemble,2338,0,563,0.015879166977536757,0.0,0.25729952998148414
soft_vote_ensemble,2339,0,564,0.008622466606986196,0.0,0.4725110383136305
soft_vote_ensemble,2340,0,564,0.008622466606986196,0.0,0.4725110383136305
soft_vote_ensemble,2341,0,565,0.00435620132799259,0.0,0.7966101694915255
soft_vote_ensemble,2342,0,565,0.00435620132799259,0.0,0.7966101694915255
soft_vote_ensemble,2343,1,566,0.0100547658561812,0.0,0.5021364477994588
soft_vote_ensemble,2344,0,566,0.0100547658561812,0.0,0.5021364477994588
soft_vote_ensemble,2345,0,567,0.007923117867031626,0.0,0.6016949152542372
soft_vote_ensemble,2346,0,567,0.007923117867031626,0.0,0.6016949152542372
soft_vote_ensemble,2347,0,568,0.010270947734242973,0.0,0.4915254237288136
soft_vote_ensemble,2348,0,568,0.010270947734242973,0.0,0.4915254237288136
soft_vote_ensemble,2349,0,569,0.012994669576052647,0.0,0.4303874092009685
soft_vote_ensemble,2350,0,569,0.012994669576052647,0.0,0.4303874092009685
soft_vote_ensemble,2351,0,570,0.003358136821663499,0.0,0.8771186440677966
soft_vote_ensemble,2352,0,570,0.003358136821663499,0.0,0.8771186440677966
soft_vote_ensemble,2353,0,571,0.004351757339872963,0.0,0.8229240848881926
soft_vote_ensemble,2354,0,571,0.004351757339872963,0.0,0.8229240848881926
soft_vote_ensemble,2355,0,572,0.0020631864525244422,0.0,0.949330579689503
soft_vote_ensemble,2356,0,572,0.0020631864525244422,0.0,0.949330579689503
soft_vote_ensemble,2357,0,573,0.003123087160642216,0.0,0.8903290129611167
soft_vote_ensemble,2358,0,573,0.003123087160642216,0.0,0.8903290129611167
soft_vote_ensemble,2359,0,574,0.00934426731421128,0.0,0.5191924227318045
soft_vote_ensemble,2360,0,574,0.00934426731421128,0.0,0.5191924227318045
soft_vote_ensemble,2361,0,575,0.0037012278768231753,0.0,0.8389830508474576
soft_vote_ensemble,2362,0,575,0.0037012278768231753,0.0,0.8389830508474576
soft_vote_ensemble,2363,0,576,0.0036469400383066382,0.0,0.8697478991596639
soft_vote_ensemble,2364,0,576,0.0036469400383066382,0.0,0.8697478991596639
soft_vote_ensemble,2365,0,577,0.023086379314854168,0.1,0.4491525423728814
soft_vote_ensemble,2366,0,577,0.023086379314854168,0.1,0.4491525423728814
soft_vote_ensemble,2367,0,578,0.06618647265335076,0.6,0.00847457627118644
soft_vote_ensemble,2368,0,578,0.06618647265335076,0.6,0.00847457627118644
soft_vote_ensemble,2369,0,579,0.0057735944217278045,0.0,0.6949152542372881
soft_vote_ensemble,2370,0,579,0.0057735944217278045,0.0,0.6949152542372881
soft_vote_ensemble,2371,0,580,0.012832453015132694,0.0,0.4194915254237288
soft_vote_ensemble,2372,0,580,0.012832453015132694,0.0,0.4194915254237288
soft_vote_ensemble,2373,0,581,0.007166636487001945,0.0,0.6059322033898304
soft_vote_ensemble,2374,0,581,0.007166636487001945,0.0,0.6059322033898304
soft_vote_ensemble,2375,0,582,0.009455299885555405,0.0,0.4576271186440678
soft_vote_ensemble,2376,0,582,0.009455299885555405,0.0,0.4576271186440678
soft_vote_ensemble,2377,0,583,0.0026146329334439575,0.0,0.9194915254237288
soft_vote_ensemble,2378,0,583,0.0026146329334439575,0.0,0.9194915254237288
soft_vote_ensemble,2379,0,584,0.0032379799131562782,0.0,0.8813559322033898
soft_vote_ensemble,2380,0,584,0.0032379799131562782,0.0,0.8813559322033898
soft_vote_ensemble,2381,0,585,0.009123581457294357,0.0,0.5949651046859421
soft_vote_ensemble,2382,0,585,0.009123581457294357,0.0,0.5949651046859421
soft_vote_ensemble,2383,0,586,0.007456165879522173,0.0,0.673728813559322
soft_vote_ensemble,2384,0,586,0.007456165879522173,0.0,0.673728813559322
soft_vote_ensemble,2385,0,587,0.019205364460990085,0.0,0.2542372881355932
soft_vote_ensemble,2386,0,587,0.019205364460990085,0.0,0.2542372881355932
soft_vote_ensemble,2387,0,588,0.009024801100473635,0.0,0.4957627118644068
soft_vote_ensemble,2388,0,588,0.009024801100473635,0.0,0.4957627118644068
soft_vote_ensemble,2389,0,589,0.002238954639891539,0.0,0.961864406779661
soft_vote_ensemble,2390,0,589,0.002238954639891539,0.0,0.961864406779661
soft_vote_ensemble,2391,0,590,0.010108726371292157,0.0,0.4279661016949152
soft_vote_ensemble,2392,0,590,0.010108726371292157,0.0,0.4279661016949152
