model,product_id,label,group,proba_mean,flag_rate,rank_frac_median
random_score,0,0,0,0.5604584941384655,0.0,0.4506172839506173
random_score,1,0,1,0.5589399125859279,0.0,0.6013257575757576
random_score,2,0,1,0.5358814527784002,0.0,0.4442318114076683
random_score,3,0,2,0.4171679439167663,0.0,0.6543828749491939
random_score,4,0,2,0.535419981019097,0.0,0.4077868852459017
random_score,5,0,3,0.6070399603494465,0.0,0.46202185792349726
random_score,6,0,3,0.5289529910876617,0.0,0.44834710743801653
random_score,7,0,4,0.40155626552761203,0.0,0.6962809917355373
random_score,8,0,4,0.46336866042249997,0.0,0.46103170302127083
random_score,9,0,5,0.478397486967954,0.1,0.5041666666666667
random_score,10,0,5,0.5158502838241464,0.0,0.45092592592592595
random_score,11,0,6,0.33702643896559537,0.0,0.734435261707989
random_score,12,0,6,0.33699616349635486,0.0,0.6341188524590164
random_score,13,0,7,0.6289572913493625,0.0,0.2670427713688187
random_score,14,0,7,0.720398454354175,0.2,0.20006461925653846
random_score,15,0,8,0.5978864346672365,0.0,0.3666666666666667
random_score,16,0,8,0.5225303035063971,0.1,0.6228020950243172
random_score,17,0,9,0.5994573384358427,0.0,0.3830246913580247
random_score,18,0,9,0.482088812834984,0.0,0.4773662551440329
random_score,19,0,10,0.4643689679447549,0.0,0.6056818181818182
random_score,20,0,10,0.4420476187477034,0.0,0.5320110638872023
random_score,21,0,11,0.43187650264397703,0.0,0.6867596418732782
random_score,22,0,11,0.6048738410231229,0.0,0.34090909090909094
random_score,23,0,12,0.4727155956140307,0.0,0.6046789617486339
random_score,24,0,12,0.5658740582929369,0.0,0.38130462877937626
random_score,25,0,13,0.6130665681479222,0.0,0.4399104683195592
random_score,26,0,13,0.4884162655739995,0.1,0.53125
random_score,27,0,14,0.7309954359253582,0.0,0.18700068870523415
random_score,28,0,14,0.4514731493760852,0.0,0.518595041322314
random_score,29,0,15,0.41699544208142036,0.0,0.5658436213991769
random_score,30,0,15,0.5071434288224815,0.0,0.4979166666666667
random_score,31,0,16,0.3518123384540658,0.0,0.6991391184573003
random_score,32,0,16,0.4582934028594524,0.0,0.5166666666666666
random_score,33,0,17,0.6499068377735783,0.0,0.24287190082644627
random_score,34,0,17,0.3898433936696598,0.0,0.6516393442622951
random_score,35,0,18,0.468683676627107,0.0,0.6446379781420766
random_score,36,0,18,0.4564833313390827,0.0,0.5247087115566996
random_score,37,0,19,0.5707017855064623,0.0,0.3648607284970921
random_score,38,0,19,0.6327377010154731,0.0,0.2443989071038251
random_score,39,0,20,0.2786788965697231,0.0,0.7572830578512397
random_score,40,0,20,0.5988873733176264,0.0,0.43333333333333335
random_score,41,0,21,0.7120585767873238,0.0,0.25516528925619836
random_score,42,0,21,0.5471858331916939,0.1,0.42101801254806714
random_score,43,0,22,0.4607072516743262,0.0,0.5937319321157706
random_score,44,0,22,0.6288030137855449,0.0,0.3587133965921845
random_score,45,0,23,0.6076830552416472,0.0,0.35185185185185186
random_score,46,0,23,0.4086532280102964,0.0,0.575
random_score,47,1,24,0.4173774590233933,0.0,0.7117260533803007
random_score,48,0,24,0.44099516662294713,0.0,0.4834710743801653
random_score,49,0,25,0.5579356099630524,0.0,0.47107438016528924
random_score,50,0,25,0.45605283867854174,0.0,0.5194461310126155
random_score,51,0,26,0.44862969230367816,0.0,0.49695574445119073
random_score,52,0,26,0.6137715435579097,0.0,0.25569669761588953
random_score,53,0,27,0.6214410558046792,0.0,0.2772633744855967
random_score,54,0,27,0.4519138148952141,0.0,0.6714733859542603
random_score,55,0,28,0.3945487427552433,0.0,0.7603305785123967
random_score,56,0,28,0.5862775063523555,0.0,0.37466563786008233
random_score,57,0,29,0.4568228321541887,0.0,0.5893122174998313
random_score,58,0,29,0.5560538535101827,0.0,0.4403292181069959
random_score,59,0,30,0.3376632916923916,0.0,0.6893078512396694
random_score,60,0,30,0.4276699251993693,0.0,0.5772880318334863
random_score,61,0,31,0.43391479693726503,0.0,0.481267217630854
random_score,62,0,31,0.5751748501788542,0.0,0.34987139917695476
random_score,63,0,32,0.4794160441008869,0.0,0.3991837149437746
random_score,64,0,32,0.4708682265748624,0.0,0.5288395316804407
random_score,65,0,33,0.4716463649890198,0.0,0.5515432098765432
random_score,66,0,33,0.4157517488467876,0.0,0.7029044655307282
random_score,67,0,34,0.3849681110101644,0.0,0.6172266630537868
random_score,68,0,34,0.6912368326569347,0.0,0.20364787969109877
random_score,69,0,35,0.5495062964437436,0.0,0.39880464480874317
random_score,70,0,35,0.46806109184719846,0.0,0.4809767759562842
random_score,71,0,36,0.659128575464341,0.0,0.2681699146345611
random_score,72,0,36,0.6917635457572586,0.0,0.26959366391184575
random_score,73,0,37,0.6376952528436448,0.0,0.34552469135802466
random_score,74,0,37,0.38965554614368825,0.0,0.5999472842907186
random_score,75,0,38,0.4899882735030262,0.0,0.5269972451790634
random_score,76,0,38,0.5685606743676666,0.0,0.33758975748543557
random_score,77,0,39,0.6028048077436522,0.1,0.3458333333333333
random_score,78,0,39,0.5885673919019128,0.0,0.47620884773662553
random_score,79,0,40,0.6067587769897557,0.0,0.3779261957768333
random_score,80,1,40,0.47163869289895527,0.0,0.3991769547325103
random_score,81,0,41,0.5402992810098884,0.1,0.616416692174268
random_score,82,0,41,0.5850919916307172,0.0,0.4649104683195592
random_score,83,0,42,0.5112839469279078,0.0,0.4558038295412033
random_score,84,0,42,0.627635131388683,0.0,0.29313524590163936
random_score,85,0,43,0.5943575359101333,0.0,0.336646174863388
random_score,86,0,43,0.5092680012943869,0.0,0.425
random_score,87,0,44,0.5498641577435484,0.0,0.49573228559815746
random_score,88,0,44,0.24547106256613374,0.0,0.8698347107438016
random_score,89,0,45,0.3787082961866302,0.0,0.6153129657228018
random_score,90,0,45,0.5963957549552892,0.1,0.2809917355371901
random_score,91,0,46,0.5645792994340771,0.0,0.6143845866068088
random_score,92,0,46,0.5353136235959326,0.1,0.5082305920606964
random_score,93,0,47,0.4315855665744319,0.0,0.5554752066115702
random_score,94,0,47,0.6685419504255393,0.2,0.3223140495867769
random_score,95,1,48,0.4660559601436637,0.0,0.5710556745910281
random_score,96,0,48,0.3940950846375774,0.0,0.5392561983471074
random_score,97,0,49,0.5161867234572662,0.0,0.3676128314106456
random_score,98,0,49,0.4706395547133549,0.0,0.567758433816556
random_score,99,1,50,0.31855231575482346,0.0,0.8045319062457661
random_score,100,0,50,0.6526586639491154,0.1,0.2781973987264598
random_score,101,1,51,0.45177102945226616,0.0,0.5441290561964515
random_score,102,0,51,0.5446193968796432,0.0,0.365702479338843
random_score,103,1,52,0.4292259120830318,0.0,0.6350034435261708
random_score,104,0,52,0.42350623940036297,0.0,0.720164609053498
random_score,105,1,53,0.5585289265115132,0.0,0.4866592457667139
random_score,106,0,53,0.4331831927970275,0.0,0.5135360337380539
random_score,107,1,54,0.5807067990206181,0.1,0.3101177224583418
random_score,108,0,54,0.4830918907311205,0.1,0.578512396694215
random_score,109,1,55,0.38183749973945813,0.0,0.6541409465020576
random_score,110,0,55,0.4995237474359439,0.0,0.4672131147540983
random_score,111,1,56,0.3983319302337633,0.0,0.6151774827259179
random_score,112,0,56,0.37782806085643,0.0,0.6688964909903807
random_score,113,1,57,0.6234111482955347,0.0,0.2625
random_score,114,0,57,0.583499459879141,0.1,0.2716095380029806
random_score,115,1,58,0.6047688358929099,0.0,0.34090909090909094
random_score,116,1,58,0.5628655479880278,0.0,0.40850550964187327
random_score,117,1,59,0.5035192018399238,0.1,0.525068870523416
random_score,118,1,59,0.5782858921371208,0.0,0.45416666666666666
random_score,119,1,60,0.6340103097105094,0.0,0.290564738292011
random_score,120,1,60,0.49691433232388416,0.0,0.47107438016528924
random_score,121,0,61,0.5687814475586992,0.0,0.496981042973757
random_score,122,0,61,0.697104488480095,0.0,0.21970080280644944
random_score,123,0,62,0.5026971968672953,0.0,0.524793388429752
random_score,124,0,62,0.5770820877276607,0.0,0.3214248971193416
random_score,125,0,63,0.44586005216724567,0.0,0.641820987654321
random_score,126,0,63,0.5325042461925789,0.0,0.4804442420562639
random_score,127,0,64,0.37126037108768645,0.0,0.6541666666666667
random_score,128,0,64,0.3957939903018142,0.0,0.7494434325035417
random_score,129,0,65,0.40872308829288,0.0,0.5933937124738582
random_score,130,0,65,0.5244468958589319,0.0,0.5371900826446281
random_score,131,0,66,0.5513022092529855,0.1,0.42418032786885246
random_score,132,0,66,0.6361929070301839,0.0,0.31228830781736894
random_score,133,0,67,0.4252310587674623,0.0,0.6541666666666667
random_score,134,0,67,0.5964181570108651,0.0,0.3520833333333333
random_score,135,0,68,0.3856356191155979,0.0,0.5881147540983607
random_score,136,0,68,0.5499932495608129,0.0,0.3140495867768595
random_score,137,0,69,0.5669876941760801,0.0,0.4035191708440591
random_score,138,0,69,0.5146784476562598,0.0,0.4474458388599803
random_score,139,0,70,0.5012123014674204,0.0,0.5993852459016393
random_score,140,0,70,0.3918403182969207,0.0,0.625
random_score,141,0,71,0.5112903668315546,0.0,0.41064049586776863
random_score,142,0,71,0.5387660193071434,0.0,0.4396604938271605
random_score,143,0,72,0.5148307986378462,0.0,0.52593272795293
random_score,144,0,72,0.5497217772695986,0.0,0.5019455922865014
random_score,145,0,73,0.6994910534516631,0.0,0.22821969696969696
random_score,146,0,73,0.36434082196151574,0.0,0.7013429752066116
random_score,147,0,74,0.6482605190377987,0.0,0.22314049586776857
random_score,148,0,74,0.41918225161519496,0.0,0.6044753086419753
random_score,149,0,75,0.6176460243311175,0.0,0.27777401436119764
random_score,150,0,75,0.4452551250866083,0.0,0.5655396174863387
random_score,151,0,76,0.5566145274229723,0.0,0.4222666305378675
random_score,152,0,76,0.44907717685494736,0.0,0.4846784341733837
random_score,153,0,77,0.48079917575482733,0.0,0.5781893004115226
random_score,154,0,77,0.4493092201277443,0.0,0.5307377049180328
random_score,155,0,78,0.5610284300099669,0.0,0.32160833928510696
random_score,156,0,78,0.5567137437922498,0.2,0.6132976561441539
random_score,157,0,79,0.41685161911794966,0.0,0.5996340147068744
random_score,158,0,79,0.46000983615044316,0.0,0.5862363387978142
random_score,159,0,80,0.5691651885088936,0.0,0.3450413223140496
random_score,160,0,80,0.38987086490301986,0.0,0.6646090534979424
random_score,161,0,81,0.5947388504477862,0.0,0.4279738517816014
random_score,162,0,81,0.6080624056074913,0.0,0.3220969945355191
random_score,163,0,82,0.5869543981503781,0.0,0.384297520661157
random_score,164,0,82,0.5856887706985099,0.0,0.40082644628099173
random_score,165,0,83,0.5529942359280576,0.0,0.4959524454680937
random_score,166,0,83,0.4341075294144119,0.0,0.5192622950819672
random_score,167,0,84,0.5966699713776566,0.0,0.31611570247933884
random_score,168,0,84,0.5480321051979576,0.0,0.4528857878336269
random_score,169,0,85,0.6319535757169608,0.0,0.25063705234159783
random_score,170,0,85,0.45787821772660064,0.0,0.5918443696221474
random_score,171,0,86,0.6387523733615337,0.1,0.30371900826446285
random_score,172,0,86,0.39172099579157155,0.0,0.7036986858149302
random_score,173,0,87,0.48346700163740663,0.1,0.5288911845730028
random_score,174,0,87,0.5875363314247766,0.0,0.3045657769949871
random_score,175,0,88,0.48697897810039514,0.0,0.49380165289256195
random_score,176,0,88,0.48975567238761564,0.0,0.47722192114889583
random_score,177,0,89,0.6860630525803835,0.0,0.27892561983471076
random_score,178,0,89,0.6789857501009496,0.1,0.24173553719008264
random_score,179,0,90,0.41512554862298384,0.0,0.6315573770491804
random_score,180,0,90,0.5895709518952101,0.0,0.3243801652892562
random_score,181,0,91,0.4244185671748947,0.0,0.7261019283746557
random_score,182,0,91,0.4785088821750083,0.0,0.6456143930891405
random_score,183,0,92,0.5089839692347731,0.0,0.49794238683127573
random_score,184,0,92,0.6432457895495668,0.1,0.24114886236098357
random_score,185,0,93,0.41842041505443583,0.0,0.7272727272727273
random_score,186,0,93,0.3974670899833183,0.1,0.6103288780056457
random_score,187,0,94,0.3341688712406222,0.0,0.6770762769272456
random_score,188,0,94,0.5886651055353792,0.0,0.26191204979083765
random_score,189,0,95,0.6023558945414428,0.0,0.365702479338843
random_score,190,0,95,0.53188186457072,0.0,0.430787037037037
random_score,191,0,96,0.5252383425194469,0.0,0.44233504945129387
random_score,192,0,96,0.5869342644435157,0.1,0.4393259191238989
random_score,193,0,97,0.478186046473159,0.0,0.45775941230486683
random_score,194,0,97,0.4973856982141317,0.0,0.56224173553719
random_score,195,0,98,0.46955814861374945,0.0,0.5208161157024793
random_score,196,0,98,0.36768109545146815,0.0,0.6895833333333333
random_score,197,0,99,0.4283021983742006,0.0,0.6735314207650274
random_score,198,0,99,0.4504607321477364,0.0,0.6115702479338843
random_score,199,0,100,0.5142138091670128,0.0,0.4356232782369146
random_score,200,0,100,0.7040961353065487,0.0,0.15874230520695168
random_score,201,0,101,0.535293742711598,0.0,0.43993022625660483
random_score,202,0,101,0.49471373060830126,0.0,0.4524793388429752
random_score,203,0,102,0.27536102271535884,0.0,0.7706611570247934
random_score,204,0,102,0.5593620612424834,0.0,0.3321797520661157
random_score,205,0,103,0.4485224394320791,0.0,0.44526919021868516
random_score,206,0,103,0.6053754807671041,0.0,0.3829088199430971
random_score,207,0,104,0.5484256425010463,0.0,0.46926229508196715
random_score,208,0,104,0.7031361752853594,0.0,0.3245125817985563
random_score,209,0,105,0.5399034440012701,0.0,0.308641975308642
random_score,210,0,105,0.4108869388971709,0.0,0.6638257575757576
random_score,211,0,106,0.5701583991218607,0.0,0.5802736756537055
random_score,212,0,106,0.44156422916210614,0.0,0.576877572016461
random_score,213,0,107,0.74391224038644,0.0,0.25773730571710374
random_score,214,0,107,0.28785010742663963,0.0,0.8294269069231811
random_score,215,0,108,0.47680114042286253,0.0,0.5728344464683262
random_score,216,0,108,0.5991942616966691,0.0,0.2362704918032787
random_score,217,0,109,0.5678221580957973,0.0,0.39364754098360655
random_score,218,0,109,0.3567066565403529,0.0,0.7334710743801653
random_score,219,0,110,0.5352927306668012,0.0,0.437411455171018
random_score,220,0,110,0.6209481981666576,0.0,0.2710989678202793
random_score,221,0,111,0.39726774673026477,0.0,0.7193908784817875
random_score,222,0,111,0.5730088669446659,0.1,0.36266707478828686
random_score,223,0,112,0.609039192052225,0.0,0.30724755977281226
random_score,224,0,112,0.5850102469878158,0.1,0.32644628099173556
random_score,225,0,113,0.37786521085995456,0.0,0.6363636363636364
random_score,226,0,113,0.5952834906579942,0.1,0.38353994490358123
random_score,227,0,114,0.5232667347192198,0.1,0.5371900826446281
random_score,228,0,114,0.553389741950501,0.0,0.39549180327868855
random_score,229,0,115,0.43707842291347154,0.0,0.534104938271605
random_score,230,0,115,0.5581958488564521,0.0,0.43179012345679013
random_score,231,0,116,0.5697270188256504,0.0,0.49063786008230453
random_score,232,0,116,0.35488290542891804,0.0,0.6900593671996222
random_score,233,0,117,0.6009051828423082,0.0,0.35898547767234634
random_score,234,0,117,0.38116461604385565,0.0,0.7535670916818458
random_score,235,0,118,0.4640286703419479,0.0,0.42464204332891203
random_score,236,0,118,0.4541398093776582,0.0,0.5241255144032921
random_score,237,0,119,0.5282635383429877,0.0,0.4408108657363501
random_score,238,0,119,0.3460025306494194,0.0,0.7284582034954613
random_score,239,0,120,0.5475621942739443,0.1,0.4580059857837636
random_score,240,0,120,0.49167089382682583,0.0,0.5811323618700668
random_score,241,0,121,0.47865520844628273,0.0,0.6792440048773879
random_score,242,0,121,0.4895755542047107,0.0,0.5505915637860082
random_score,243,0,122,0.5307232869182348,0.0,0.4012345679012346
random_score,244,0,122,0.4566084658812689,0.0,0.5946502057613169
random_score,245,0,123,0.5441641645669592,0.0,0.5892389807162535
random_score,246,0,123,0.5450874880835671,0.0,0.3950514835388159
random_score,247,0,124,0.3963448510640023,0.0,0.7179235537190083
random_score,248,0,124,0.5106085693132085,0.1,0.5061985596707819
random_score,249,0,125,0.6215374892440984,0.0,0.36900996496956096
random_score,250,0,125,0.48952543879789745,0.0,0.5020661157024793
random_score,251,0,126,0.33729912913553894,0.0,0.6742679318436895
random_score,252,0,126,0.663077669891317,0.2,0.3219399381015543
random_score,253,0,127,0.6121870409383869,0.0,0.3203551912568306
random_score,254,0,127,0.4051587602408097,0.0,0.6796532415840248
random_score,255,0,128,0.46985347402422317,0.0,0.6205829337142468
random_score,256,0,128,0.3815103206149111,0.0,0.751877572016461
random_score,257,0,129,0.4513884931742932,0.0,0.48980716253443524
random_score,258,0,129,0.2708581853631114,0.0,0.8653753443526171
random_score,259,0,130,0.5107416491953154,0.0,0.4661259055198449
random_score,260,0,130,0.5304071561049069,0.1,0.384383608815427
random_score,261,0,131,0.49179653348245134,0.0,0.4774590163934426
random_score,262,0,131,0.39301919320157547,0.0,0.690891873278237
random_score,263,0,132,0.22285949204514485,0.0,0.8208406719956646
random_score,264,0,132,0.41685252085562396,0.0,0.5991735537190083
random_score,265,0,133,0.4276170247650247,0.0,0.5504795429037853
random_score,266,0,133,0.7076914784410407,0.1,0.1869476489239695
random_score,267,0,134,0.4634568089059786,0.0,0.6024691358024692
random_score,268,0,134,0.5160722431467554,0.0,0.48471125952911015
random_score,269,0,135,0.42656480537113933,0.0,0.5953512396694214
random_score,270,0,135,0.4890372513844407,0.0,0.4578104275073972
random_score,271,0,136,0.5077512353296558,0.0,0.6182162534435262
random_score,272,0,136,0.5244687501935363,0.0,0.48155737704918034
random_score,273,0,137,0.6179399180045192,0.0,0.33555751253217725
random_score,274,0,137,0.5120741424801306,0.0,0.5202547080341418
random_score,275,0,138,0.6334739584715442,0.0,0.31687779433681074
random_score,276,0,138,0.3430206077676087,0.0,0.7690915300546448
random_score,277,0,139,0.6480645546152317,0.0,0.35450464238343027
random_score,278,0,139,0.640274905267049,0.0,0.21694214876033058
random_score,279,0,140,0.5121239188952708,0.0,0.44470628415300545
random_score,280,0,140,0.5557440209246993,0.0,0.43621399176954734
random_score,281,0,141,0.504131769555111,0.0,0.4464503454816421
random_score,282,0,141,0.4495753528637709,0.0,0.5970566318926974
random_score,283,0,142,0.40849976555670714,0.0,0.5515851510635416
random_score,284,0,142,0.4131374554779431,0.0,0.6915895061728395
random_score,285,0,143,0.5429248503138691,0.0,0.4163265653164643
random_score,286,0,143,0.542340398682168,0.0,0.5358480064764217
random_score,287,0,144,0.647339979666444,0.0,0.39647038567493115
random_score,288,0,144,0.4222142649012299,0.0,0.5805785123966942
random_score,289,0,145,0.567348671280657,0.0,0.44650205761316875
random_score,290,0,145,0.41752309412361077,0.0,0.6722968319559228
random_score,291,0,146,0.35729348238803343,0.0,0.6994648421623086
random_score,292,0,146,0.5703508816975272,0.0,0.375
random_score,293,0,147,0.481821393600125,0.0,0.47756542699724513
random_score,294,0,147,0.6860122123084431,0.0,0.3304914659650543
random_score,295,0,148,0.5103039227369155,0.1,0.5206611570247934
random_score,296,0,149,0.489670149745685,0.1,0.5785123966942148
random_score,297,0,149,0.7304107350622349,0.0,0.21036969016767
random_score,298,0,150,0.5364047528327802,0.0,0.3504304407713499
random_score,299,0,148,0.42216697954406646,0.0,0.54375
random_score,300,0,150,0.5586761096663903,0.0,0.3918560606060606
random_score,301,0,151,0.38133902630875494,0.0,0.6720402679998639
random_score,302,0,151,0.48553738557955917,0.0,0.4547325102880658
random_score,303,0,152,0.5789419247814699,0.1,0.35366142799078715
random_score,304,0,152,0.593185826493415,0.0,0.35734289617486337
random_score,305,0,153,0.49992102546230976,0.0,0.5147382920110193
random_score,306,0,153,0.5396672552706477,0.0,0.5727100550964187
random_score,307,0,154,0.4745542838926742,0.0,0.5142426500474191
random_score,308,0,154,0.4654122090808549,0.1,0.5521857923497268
random_score,309,0,155,0.45430576504605125,0.0,0.6234053497942387
random_score,310,0,156,0.35483104362667733,0.0,0.6091823601138058
random_score,311,0,156,0.5019400490017368,0.0,0.46878810459287357
random_score,312,0,155,0.5410685873574526,0.0,0.41897382920110193
random_score,313,0,157,0.4724501629600691,0.0,0.5
random_score,314,0,157,0.5266916649701159,0.0,0.4783440465258647
random_score,315,0,158,0.5405193321904487,0.0,0.3432840855427376
random_score,316,0,158,0.5731338049975333,0.0,0.3380012243648607
random_score,317,0,159,0.530320209545944,0.0,0.5330578512396694
random_score,318,0,159,0.3240572725497517,0.0,0.7293388429752066
random_score,319,0,160,0.6026108704380182,0.0,0.2531161089283295
random_score,320,0,160,0.48332891989580923,0.1,0.49914974662449413
random_score,321,0,161,0.48567428924663025,0.0,0.5379477838494231
random_score,322,0,161,0.5950131950383102,0.0,0.2998127909330095
random_score,323,0,162,0.46768069097347037,0.0,0.44305555555555554
random_score,324,0,162,0.6171699200496297,0.0,0.31450617283950616
random_score,325,0,163,0.44823964614802997,0.0,0.606043388429752
random_score,326,0,163,0.3895118006918331,0.0,0.7132095364418597
random_score,327,0,164,0.5466136691749988,0.1,0.49057208392363216
random_score,328,0,164,0.39228759205831787,0.0,0.654320987654321
random_score,329,0,165,0.4336502486825514,0.0,0.6001853552358603
random_score,330,0,165,0.48751386446867195,0.0,0.48760330578512395
random_score,331,0,166,0.493051823124848,0.0,0.4852617079889807
random_score,332,0,166,0.5926463848032801,0.0,0.363822652757079
random_score,333,0,167,0.4138042238717066,0.0,0.6198347107438016
random_score,334,0,167,0.48220245273007284,0.0,0.7112964663469714
random_score,335,0,168,0.4223733165732154,0.0,0.6768222463080883
random_score,336,0,168,0.627793164341069,0.1,0.2671553497942387
random_score,337,0,169,0.3449817577225534,0.0,0.7324041457797046
random_score,338,0,169,0.48240579278321355,0.0,0.5050930177192804
random_score,339,0,170,0.4926716766927671,0.0,0.4460055096418733
random_score,340,0,170,0.35483509174049865,0.0,0.659195169668758
random_score,341,0,171,0.5633752436830597,0.0,0.41735537190082644
random_score,342,0,171,0.4067449983690167,0.0,0.6227425772880318
random_score,343,0,172,0.4145574115243208,0.0,0.6166666666666667
random_score,344,0,172,0.38696845569052696,0.0,0.538176376560215
random_score,345,0,173,0.5037884060379911,0.2,0.5872785089956807
random_score,346,0,173,0.4826974449254481,0.0,0.47117599241295216
random_score,347,0,174,0.5695519235237734,0.0,0.34917355371900827
random_score,348,0,174,0.28179733984367805,0.0,0.7221582441403605
random_score,349,0,175,0.6685694313421395,0.2,0.28600823045267487
random_score,350,0,175,0.5141790027557194,0.0,0.454596260669286
random_score,351,0,176,0.4345593229873616,0.0,0.6590909090909092
random_score,352,0,176,0.470679621078089,0.0,0.4354166666666667
random_score,353,0,177,0.529347684582015,0.0,0.48972022761143474
random_score,354,0,177,0.4971226156130178,0.0,0.44805327868852457
random_score,355,0,178,0.39028411212834363,0.0,0.6384297520661157
random_score,356,0,178,0.47352678166721923,0.0,0.6078897659043379
random_score,357,0,179,0.6222298313063458,0.0,0.38178374655647385
random_score,358,0,179,0.5750805615230931,0.1,0.4090220385674931
random_score,359,0,180,0.32308920394228086,0.0,0.7460382513661202
random_score,360,0,180,0.7366862851360133,0.1,0.17287630402384502
random_score,361,0,181,0.39836228926857936,0.0,0.7165895061728396
random_score,362,0,181,0.4765787311463864,0.1,0.5768422865013774
random_score,363,0,182,0.5859975625989335,0.1,0.40654269972451795
random_score,364,0,182,0.4404257343896688,0.0,0.5666666666666667
random_score,365,0,183,0.49716056033768313,0.0,0.4298497267759563
random_score,366,0,183,0.4127197377693902,0.0,0.6553546831955923
random_score,367,0,184,0.4737309028199258,0.0,0.5136574074074074
random_score,368,0,184,0.6940949253437918,0.0,0.2567462726843419
random_score,369,0,185,0.5072411312384606,0.0,0.4650273224043716
random_score,370,0,185,0.6329207075142318,0.0,0.23377057613168725
random_score,371,0,186,0.5111042967684867,0.0,0.5123456790123457
random_score,372,0,186,0.3513430077785575,0.0,0.764344262295082
random_score,373,0,187,0.47931270717415375,0.0,0.5380063258851138
random_score,374,0,187,0.39596417988431937,0.0,0.6723038465462707
random_score,375,0,188,0.7008665242774949,0.0,0.28342778115091416
random_score,376,0,188,0.38842665375490437,0.0,0.737232678944883
random_score,377,0,189,0.5534096850042727,0.0,0.3946280991735537
random_score,378,0,189,0.4539814112359394,0.0,0.5206611570247934
random_score,379,0,190,0.6057240155101496,0.1,0.39708372849207424
random_score,380,0,190,0.4063634756532443,0.0,0.7134901200557766
random_score,381,0,191,0.5035904071778877,0.0,0.48623154044167455
random_score,382,0,191,0.5572932162011651,0.0,0.4092941335862349
random_score,383,0,192,0.3690299029890013,0.0,0.7837183308494784
random_score,384,0,192,0.34956275871879255,0.0,0.696918044077135
random_score,385,0,193,0.52051669674767,0.0,0.514344262295082
random_score,386,0,193,0.5954525624069791,0.0,0.4855544077134986
random_score,387,0,194,0.48883491862083306,0.0,0.44999999999999996
random_score,388,0,194,0.41330935158763127,0.0,0.5862654320987655
random_score,389,0,195,0.5042737654558086,0.0,0.4454647484950515
random_score,390,0,195,0.5895925324395983,0.0,0.36320592286501374
random_score,391,0,196,0.628794894989789,0.0,0.36352290359576334
random_score,392,0,196,0.5106476520950884,0.0,0.4331530796177261
random_score,393,0,197,0.6477187375253128,0.0,0.2253756830601093
random_score,394,0,197,0.4577819875593276,0.0,0.5777520576131687
random_score,395,0,198,0.3660294197075307,0.0,0.6859019766578965
random_score,396,0,199,0.6807780994594321,0.1,0.23966942148760328
random_score,397,0,199,0.4873473322123827,0.0,0.46939890710382515
random_score,398,0,198,0.7390867430318894,0.1,0.17901234567901236
random_score,399,0,200,0.48289489318812107,0.0,0.6304303278688524
random_score,400,0,200,0.4027348864268035,0.0,0.7015432098765433
random_score,401,0,201,0.6048376111206151,0.0,0.33415807910757406
random_score,402,0,202,0.46662892682603135,0.0,0.5999642893582287
random_score,403,0,201,0.39647255173216134,0.0,0.5971074380165289
random_score,404,0,202,0.5212978056070944,0.1,0.38749999999999996
random_score,405,0,203,0.5480002114882333,0.1,0.38335055096418735
random_score,406,0,204,0.4646799517365972,0.0,0.5271135347513887
random_score,407,0,204,0.5170097609397868,0.0,0.40289256198347106
random_score,408,0,205,0.36226829243651987,0.0,0.6955527706272863
random_score,409,0,205,0.5672112695178468,0.0,0.4097222222222222
random_score,410,0,203,0.7827512541946143,0.1,0.11776859504132231
random_score,411,0,206,0.43956320541084776,0.0,0.5622267759562842
random_score,412,0,206,0.5451473497707737,0.0,0.4625
random_score,413,0,207,0.3037219792221749,0.0,0.8078512396694215
random_score,414,0,207,0.5653505090524374,0.0,0.44628099173553715
random_score,415,0,208,0.5609551187199366,0.0,0.35624999999999996
random_score,416,0,209,0.5390958952217504,0.0,0.43725980342141957
random_score,417,0,209,0.5002690679105697,0.0,0.5102459016393442
random_score,418,0,208,0.5496446115438841,0.0,0.3629993112947658
random_score,419,0,210,0.42028792878827287,0.0,0.5811323618700668
random_score,420,0,210,0.47809605850265696,0.0,0.5430497222598564
random_score,421,0,211,0.47697050335949165,0.0,0.5340441451552562
random_score,422,0,212,0.40987904917525675,0.0,0.525103305785124
random_score,423,0,212,0.4884960560961845,0.0,0.5009352787130564
random_score,424,0,211,0.5024487952120221,0.0,0.3909192521338572
random_score,425,0,213,0.4138986637799772,0.0,0.5821365668608589
random_score,426,0,213,0.5629284814696774,0.0,0.46034779614325066
random_score,427,0,214,0.5205304419014232,0.0,0.4494535519125683
random_score,428,0,215,0.3886889479778574,0.0,0.549982782369146
random_score,429,0,215,0.45618057026339665,0.0,0.49380165289256195
random_score,430,0,214,0.3902209689621268,0.0,0.6630144032921811
random_score,431,0,216,0.457905258969965,0.0,0.4640368852459016
random_score,432,0,216,0.6247445399780517,0.0,0.35451101928374656
random_score,433,0,217,0.7202190817260112,0.1,0.20661157024793386
random_score,434,0,217,0.5134846494525209,0.0,0.5077564015716027
random_score,435,0,218,0.4341223627010112,0.0,0.5188490719414713
random_score,436,0,218,0.5378065472756266,0.0,0.48953393849071947
random_score,437,0,219,0.5625286708937665,0.0,0.3566727884909703
random_score,438,0,219,0.47684720468259395,0.0,0.5055041152263374
random_score,439,0,220,0.26085902349661116,0.0,0.7721783714497741
random_score,440,0,220,0.46371720288942664,0.0,0.47022363893948593
random_score,441,0,221,0.378362448540257,0.0,0.6289409243954698
random_score,442,0,221,0.5333071732776269,0.0,0.42386831275720166
random_score,443,0,222,0.42085798010530145,0.0,0.5917168316158214
random_score,444,0,222,0.3502116291220108,0.0,0.7443458150528858
random_score,445,0,223,0.5651609013705325,0.0,0.44628099173553715
random_score,446,0,223,0.598914206363381,0.0,0.41334876543209875
random_score,447,0,224,0.4321337085824003,0.0,0.7308384773662551
random_score,448,0,224,0.5837323375901603,0.0,0.45020661157024794
random_score,449,0,225,0.4826345921659496,0.0,0.5041322314049587
random_score,450,0,225,0.5774739332333667,0.1,0.38636363636363635
random_score,451,0,226,0.634495622399067,0.0,0.2839359504132231
random_score,452,0,226,0.5029395858351517,0.0,0.4127066115702479
random_score,453,0,227,0.5837957413185725,0.0,0.37603305785123964
random_score,454,0,227,0.5282207244690864,0.0,0.3959459919055879
random_score,455,0,228,0.5306121048059519,0.0,0.516816826988213
random_score,456,0,228,0.512931634780136,0.0,0.4276639344262295
random_score,457,0,229,0.43799627415243403,0.0,0.6446280991735537
random_score,458,0,229,0.5290867485120119,0.1,0.4018595041322314
random_score,459,0,230,0.49624584734856125,0.0,0.5533464300230321
random_score,460,0,230,0.5213885451545909,0.0,0.37732438016528924
random_score,461,0,231,0.5170962158172417,0.0,0.5204918032786885
random_score,462,0,231,0.4803282905808567,0.0,0.518595041322314
random_score,463,0,232,0.35355662612799454,0.0,0.7674897119341564
random_score,464,0,232,0.5642993564975112,0.0,0.44364754098360654
random_score,465,0,233,0.5105401302303804,0.0,0.49598631621731476
random_score,466,0,234,0.5476533733185083,0.0,0.45389765904337853
random_score,467,0,233,0.5126026375165222,0.0,0.4025826446280992
random_score,468,0,234,0.5549508465918292,0.0,0.44729279325238924
random_score,469,0,235,0.6588176058068583,0.0,0.256198347107438
random_score,470,0,235,0.3154584910480439,0.0,0.7491046831955923
random_score,471,0,236,0.49338101555963537,0.1,0.586488958135754
random_score,472,0,236,0.55326482863213,0.0,0.4047814207650273
random_score,473,0,237,0.37140660366112044,0.0,0.695230998509687
random_score,474,0,237,0.5674541826940378,0.0,0.2936085896220024
random_score,475,0,238,0.6336823733038417,0.0,0.3111570247933884
random_score,476,0,238,0.6274957958210814,0.0,0.3007575757575758
random_score,477,0,239,0.45506325371440415,0.0,0.5500344352617079
random_score,478,0,239,0.4959343236418462,0.0,0.5289084022038568
random_score,479,0,240,0.3564645982261528,0.0,0.7075068870523415
random_score,480,0,240,0.6844553779247212,0.0,0.25413223140495866
random_score,481,0,241,0.4126597091470237,0.0,0.6180612947658402
random_score,482,0,241,0.49687467356725606,0.0,0.5392561983471075
random_score,483,0,242,0.47271050973606216,0.1,0.4948559670781893
random_score,484,0,242,0.5984538276506624,0.0,0.4474458388599803
random_score,485,0,243,0.5239412179583386,0.0,0.5331284153005464
random_score,486,0,243,0.5217674388212947,0.0,0.537396694214876
random_score,487,0,244,0.5294991505431156,0.0,0.4816420539222328
random_score,488,0,244,0.5192619857496069,0.0,0.4669421487603306
random_score,489,0,245,0.5159026212935396,0.0,0.5103305785123966
random_score,490,0,245,0.46704613262188144,0.0,0.6160190244889698
random_score,491,0,246,0.539163812079942,0.0,0.45637052341597795
random_score,492,0,246,0.5068973245813333,0.0,0.5730027548209367
random_score,493,0,247,0.462328600736092,0.0,0.47214569941842666
random_score,494,0,247,0.6132008928419173,0.0,0.35674931129476584
random_score,495,0,248,0.4408931081761957,0.0,0.6127572016460905
random_score,496,0,248,0.5555231548313698,0.0,0.411522633744856
random_score,497,0,249,0.45719503578874743,0.1,0.6068283430429482
random_score,498,0,249,0.5948530049266608,0.1,0.3319672131147541
random_score,499,0,250,0.5761581979702813,0.0,0.38125
random_score,500,0,250,0.4517421425696938,0.0,0.5558401639344263
random_score,501,0,251,0.6229051177781761,0.0,0.27960390946502056
random_score,502,0,251,0.47922035010662334,0.0,0.577390062238547
random_score,503,0,252,0.4657505122246125,0.0,0.546389824167602
random_score,504,0,252,0.46128959360597727,0.0,0.4152892561983471
random_score,505,0,253,0.3111285078350825,0.0,0.7181276249830646
random_score,506,0,253,0.48778270997049306,0.0,0.5723140495867769
random_score,507,0,254,0.5405647329128003,0.0,0.4721542019521817
random_score,508,0,254,0.3993887618644362,0.0,0.6267302656191545
random_score,509,0,255,0.47748605134335487,0.0,0.6266877529503792
random_score,510,0,255,0.5366916666604886,0.0,0.4132231404958678
random_score,511,0,256,0.4289916716235183,0.0,0.5891772920461444
random_score,512,0,256,0.5209359259982066,0.0,0.3752238292011019
random_score,513,0,257,0.46949750472259166,0.0,0.43975550964187327
random_score,514,0,257,0.47981394485065465,0.0,0.4802061014182226
random_score,515,0,258,0.5523015177852993,0.0,0.4721797095534469
random_score,516,0,258,0.5654994616638038,0.0,0.4433136074550216
random_score,517,0,259,0.5133409236745837,0.0,0.3512636612021858
random_score,518,0,259,0.44539615786892606,0.0,0.5833333333333333
random_score,519,0,260,0.44560112813460223,0.0,0.5518422865013775
random_score,520,0,260,0.3832032894625543,0.0,0.6646090534979423
random_score,521,0,261,0.4983627782380705,0.0,0.5042008196721312
random_score,522,0,261,0.34365710695947865,0.0,0.7222090502641918
random_score,523,0,262,0.47879418035873195,0.0,0.5532786885245902
random_score,524,0,262,0.4534344323556299,0.0,0.5372417355371901
random_score,525,0,263,0.4343092746540881,0.0,0.5729525062403023
random_score,526,0,263,0.4986390194780098,0.0,0.4874339520390191
random_score,527,0,264,0.5954886392350134,0.0,0.40055994063280037
random_score,528,0,264,0.4168075221865316,0.0,0.5705922865013775
random_score,529,0,265,0.40884845797734765,0.0,0.5965485706543829
random_score,530,0,265,0.4437678134532785,0.1,0.6867079889807163
random_score,531,0,266,0.38870871911610194,0.0,0.6618852459016393
random_score,532,0,266,0.6163260827459744,0.1,0.27184917355371896
random_score,533,0,267,0.49265379474277804,0.0,0.5720164609053497
random_score,534,0,267,0.4588457362717442,0.0,0.5093952997993402
random_score,535,0,268,0.5086087468100442,0.0,0.40639560589055534
random_score,536,0,268,0.2610506917346093,0.0,0.8473625140291807
random_score,537,0,269,0.5204908445490611,0.0,0.4938524590163934
random_score,538,0,269,0.4523417531055764,0.0,0.54202927882345
random_score,539,0,270,0.5213987866184928,0.0,0.4447060018967619
random_score,540,0,270,0.5886047348242954,0.0,0.1890495867768595
random_score,541,0,271,0.5541425960791618,0.0,0.3895605890555386
random_score,542,0,271,0.6131618253251245,0.0,0.3256198347107438
random_score,543,0,272,0.6708698193015549,0.0,0.3615702479338843
random_score,544,0,272,0.5165402932676504,0.0,0.4524793388429752
random_score,545,0,273,0.4464413957294823,0.0,0.5214531471362072
random_score,546,0,273,0.37460456154462535,0.0,0.7134646124545114
random_score,547,0,274,0.5364640527415323,0.0,0.3877057613168724
random_score,548,0,274,0.5109423283370069,0.0,0.47933884297520657
random_score,549,0,275,0.634520427071278,0.0,0.3046504538680396
random_score,550,0,275,0.46973322548857865,0.1,0.5670339761248853
random_score,551,0,276,0.48220873339986065,0.0,0.5802469135802468
random_score,552,0,276,0.40808983823386014,0.0,0.6059333468258787
random_score,553,0,277,0.5455413220585517,0.0,0.32820247933884295
random_score,554,0,277,0.3640329375398038,0.0,0.7483606557377049
random_score,555,0,278,0.5906388725369919,0.0,0.3202479338842975
random_score,556,0,278,0.6295275287823168,0.0,0.39788223140495865
random_score,557,0,279,0.3643812828627793,0.0,0.7572830578512397
random_score,558,0,279,0.5528520649070217,0.0,0.36363636363636365
random_score,559,0,280,0.4291754657103734,0.0,0.6121654252967383
random_score,560,0,280,0.5045798352689407,0.0,0.4524793388429752
random_score,561,0,281,0.3636212134319535,0.0,0.6878921270997773
random_score,562,0,281,0.39324156873512855,0.0,0.6225470190116655
random_score,563,0,282,0.578812888394969,0.0,0.29338842975206614
random_score,564,0,282,0.37053173062371425,0.0,0.5929752066115703
random_score,565,0,283,0.4623594016054291,0.0,0.45020661157024794
random_score,566,0,283,0.4611328084245126,0.0,0.4843106995884774
random_score,567,0,284,0.5108080582640363,0.0,0.40312965722801786
random_score,568,0,284,0.527135119097655,0.0,0.5351409023167593
random_score,569,0,285,0.39721121740545084,0.0,0.6681886202088222
random_score,570,0,285,0.6061449140944667,0.0,0.3213154269972452
random_score,571,0,286,0.44414000670235704,0.0,0.53125
random_score,572,0,286,0.5678074124994481,0.0,0.4837773224043716
random_score,573,0,287,0.62569176634079,0.0,0.37603305785123964
random_score,574,0,287,0.3775168059256944,0.0,0.8413257150630888
random_score,575,0,288,0.432115968719016,0.0,0.6702292283100364
random_score,576,0,288,0.6846610477233884,0.0,0.2729849726775956
random_score,577,0,289,0.4019374814637585,0.0,0.5101584022038568
random_score,578,0,289,0.517403028668977,0.0,0.5403275176002449
random_score,579,0,290,0.4793734890346776,0.0,0.6427254098360655
random_score,580,0,290,0.6384215403383389,0.0,0.3429752066115702
random_score,581,0,291,0.53382338309115,0.0,0.4806352459016393
random_score,582,0,291,0.3639025554577512,0.0,0.742220181614121
random_score,583,0,292,0.5088332974456884,0.1,0.4897119341563786
random_score,584,0,292,0.602954307119574,0.0,0.3154950175152196
random_score,585,0,293,0.5958376813342633,0.2,0.30172704580719156
random_score,586,0,293,0.5137694285678175,0.0,0.49284086657824033
random_score,587,0,294,0.5435058149769768,0.1,0.39945987654320986
random_score,588,0,294,0.44378354177608126,0.0,0.7710040983606558
random_score,589,0,295,0.4221519547353312,0.0,0.6969016766996565
random_score,590,0,295,0.6212661006528174,0.1,0.41442199775533106
random_score,591,0,296,0.36475510574293335,0.0,0.5749257910004723
random_score,592,0,296,0.5171835517936422,0.0,0.4084016393442623
random_score,593,0,297,0.32555396736080355,0.0,0.756198347107438
random_score,594,0,297,0.6232561211990245,0.0,0.29338842975206614
random_score,595,0,298,0.516772959926856,0.1,0.485655737704918
random_score,596,0,298,0.4836717186466256,0.0,0.4075328546267443
random_score,597,0,299,0.4788997991650511,0.0,0.568543388429752
random_score,598,0,299,0.5315041464542458,0.0,0.5118378268527299
random_score,599,0,300,0.4298015563743706,0.0,0.5601756198347108
random_score,600,0,300,0.4877377682705631,0.0,0.512809917355372
random_score,601,0,301,0.465747694345254,0.0,0.5392561983471074
random_score,602,0,301,0.5957390092936041,0.0,0.3925619834710744
random_score,603,0,302,0.5942187525241056,0.0,0.36765499561492276
random_score,604,0,302,0.417752331016903,0.0,0.5070696721311476
random_score,605,0,303,0.3092464545961404,0.0,0.7834914804611774
random_score,606,0,303,0.646379988566929,0.0,0.2334710743801653
random_score,607,0,304,0.41681063056540857,0.0,0.6136363636363636
random_score,608,0,304,0.42888762762696564,0.0,0.6204298881066558
random_score,609,0,305,0.36610051318220205,0.0,0.7092388531782472
random_score,610,0,305,0.5727169040773374,0.0,0.45041322314049587
random_score,611,0,306,0.45387135067590234,0.0,0.5379723157500935
random_score,612,0,306,0.565682524913872,0.0,0.32436922350401404
random_score,613,0,307,0.41029575574622984,0.0,0.609504132231405
random_score,614,0,307,0.46434102196867777,0.0,0.47107438016528924
random_score,615,0,308,0.44666814661309956,0.0,0.6728593686492346
random_score,616,0,308,0.47203795715311436,0.0,0.4711421216637312
random_score,617,0,309,0.3995961375094584,0.0,0.6673353909465021
random_score,618,0,309,0.46536556506480464,0.0,0.6049382716049383
random_score,619,0,310,0.5316170205412929,0.0,0.4887590231397153
random_score,620,0,310,0.5181151598005758,0.0,0.4164115906540149
random_score,621,0,311,0.6133051629564964,0.0,0.39605716253443524
random_score,622,0,311,0.5129130184579835,0.0,0.6209016393442623
random_score,623,0,312,0.5364971790021156,0.0,0.47549931129476586
random_score,624,0,312,0.5815290146235438,0.0,0.45466400216772795
random_score,625,0,313,0.4451117649653334,0.0,0.6551440329218108
random_score,626,0,313,0.5614013717670663,0.0,0.3833333333333333
random_score,627,0,314,0.5409674109148972,0.0,0.5227272727272727
random_score,628,0,314,0.6212054750380153,0.0,0.3655046211967888
random_score,629,0,315,0.45277408940111624,0.0,0.5686095931997571
random_score,630,0,315,0.27301782447278433,0.0,0.7464034282216101
random_score,631,0,316,0.5899923050622978,0.1,0.3155396174863388
random_score,632,0,316,0.40485726339713207,0.0,0.4815404416745699
random_score,633,0,317,0.4470331233285223,0.0,0.5432360113805716
random_score,634,0,317,0.4934483123429092,0.0,0.5228305785123968
random_score,635,0,318,0.5545481027151176,0.0,0.3944672131147541
random_score,636,0,318,0.41600087435415684,0.0,0.6633196721311476
random_score,637,0,319,0.4494596675516333,0.0,0.48335252675789186
random_score,638,0,319,0.3666994488196731,0.0,0.6474537037037037
random_score,639,0,320,0.5072374397371412,0.0,0.5525626636737748
random_score,640,0,320,0.4146058579283354,0.0,0.6665255385449126
random_score,641,0,321,0.5906705932703924,0.1,0.3311471193415638
random_score,642,0,321,0.5532258508704216,0.0,0.3744855967078189
random_score,643,0,322,0.3820313442918321,0.0,0.6872427983539096
random_score,644,0,322,0.5705109044546333,0.1,0.49794238683127573
random_score,645,0,323,0.49532817975000115,0.0,0.4070247933884298
random_score,646,0,323,0.5693583421429216,0.0,0.3677685950413223
random_score,647,0,324,0.49094189417751605,0.0,0.5154661089004523
random_score,648,0,324,0.4460276960438784,0.0,0.5867768595041323
random_score,649,0,325,0.5380591899373769,0.0,0.4896694214876033
random_score,650,0,325,0.5979484243072186,0.1,0.3469945355191257
random_score,651,0,326,0.4019836326203568,0.0,0.6446280991735538
random_score,652,0,326,0.5149120413866296,0.0,0.45024386939439104
random_score,653,0,327,0.40422295901530114,0.0,0.6352242968404584
random_score,654,0,327,0.40934478566738475,0.0,0.5991735537190083
random_score,655,0,328,0.6723428067236029,0.1,0.19753086419753085
random_score,656,0,328,0.43236796277229955,0.0,0.506198347107438
random_score,657,0,329,0.5473065913708177,0.0,0.4441115702479339
random_score,658,0,329,0.45662956986788095,0.1,0.615702479338843
random_score,659,0,330,0.4636288179143769,0.0,0.561714480874317
random_score,660,0,330,0.47729091089708653,0.0,0.5145833333333334
random_score,661,0,331,0.3407168237092734,0.0,0.6797881670377117
random_score,662,0,331,0.38984852196028263,0.0,0.6528925619834711
random_score,663,0,332,0.5041505702752016,0.0,0.5124483471074379
random_score,664,0,332,0.39498892443168704,0.0,0.7101510635415256
random_score,665,0,333,0.5023272463877007,0.0,0.4896694214876033
random_score,666,0,333,0.35342006364696116,0.0,0.6865200829847294
random_score,667,0,334,0.4829524193129985,0.0,0.6728932393984555
random_score,668,0,334,0.45987311898610894,0.0,0.6064347175458287
random_score,669,0,335,0.48634759870497646,0.0,0.49586776859504134
random_score,670,0,335,0.40136114420803504,0.0,0.6536152773526511
random_score,671,0,336,0.36590016791996616,0.0,0.7414275956284153
random_score,672,0,336,0.5221914669269472,0.0,0.4957644628099173
random_score,673,0,337,0.4365783381486561,0.0,0.5578512396694215
random_score,674,0,337,0.38994598591088003,0.0,0.6077632732915064
random_score,675,0,338,0.35062277770881184,0.0,0.7158582847852595
random_score,676,0,338,0.4452377087237068,0.1,0.5846768730524319
random_score,677,0,339,0.5236155893995902,0.1,0.440843621399177
random_score,678,0,339,0.5567312052715763,0.0,0.5359912253851649
random_score,679,0,340,0.7612777481509994,0.1,0.13636363636363635
random_score,680,0,340,0.40511498976396376,0.0,0.6363636363636364
random_score,681,0,341,0.48220180340434454,0.0,0.47291666666666665
random_score,682,0,341,0.4190400445422434,0.0,0.6141528925619835
random_score,683,0,342,0.6187235826030617,0.0,0.26740956509958
random_score,684,0,342,0.3690353764559319,0.0,0.6684056473829201
random_score,685,0,343,0.31769674179745616,0.0,0.7270833333333333
random_score,686,0,343,0.6115134604173139,0.0,0.3828446502057613
random_score,687,0,344,0.4279784005601443,0.0,0.6081947420331258
random_score,688,0,344,0.5099365716053568,0.0,0.5339676223514607
random_score,689,0,345,0.7073069330924117,0.1,0.207172131147541
random_score,690,0,345,0.46527264412566416,0.1,0.6121243169398907
random_score,691,0,346,0.41088054558804876,0.0,0.6207274767880828
random_score,692,0,346,0.4670371570269258,0.0,0.5815137911097507
random_score,693,0,347,0.625480144942859,0.0,0.2445637447500339
random_score,694,0,347,0.38221893488197,0.0,0.5854162450246239
random_score,695,0,348,0.4066023166233782,0.1,0.6804924242424242
random_score,696,0,348,0.6258921571459797,0.0,0.3755987317007353
random_score,697,0,349,0.6131882721398018,0.0,0.4028925619834711
random_score,698,0,349,0.38866274652132426,0.1,0.6549586776859504
random_score,699,0,350,0.4259943541126166,0.1,0.6354166666666666
random_score,700,0,350,0.3937280037471337,0.0,0.6990702479338844
random_score,701,0,351,0.4905790274783145,0.0,0.43243312757201646
random_score,702,0,351,0.5640593841474287,0.0,0.39711934156378603
random_score,703,0,352,0.5451456135834197,0.0,0.4403292181069959
random_score,704,0,352,0.5449806552886602,0.0,0.4782505186545591
random_score,705,0,353,0.39847574573537725,0.0,0.5881147540983607
random_score,706,0,353,0.45426075610219846,0.0,0.5020491803278688
random_score,707,0,354,0.4759855341910231,0.0,0.5557851239669421
random_score,708,0,354,0.5089566804703902,0.0,0.4772727272727273
random_score,709,0,355,0.40903347518016575,0.0,0.541051348055819
random_score,710,0,355,0.4285836813188135,0.0,0.6177685950413223
random_score,711,0,356,0.3395040425078867,0.0,0.6831275720164609
random_score,712,0,356,0.5249213329110703,0.0,0.42359972677595625
random_score,713,0,357,0.5938010819835862,0.0,0.3894500561167228
random_score,714,0,357,0.5225679102764194,0.0,0.5248622589531681
random_score,715,0,358,0.4572181429182507,0.0,0.6255758027367565
random_score,716,0,358,0.5262808937561635,0.0,0.5228796910987671
random_score,717,0,359,0.4804426453563395,0.0,0.5971074380165289
random_score,718,0,359,0.5154428397842505,0.0,0.4194214876033058
random_score,719,0,360,0.5301897618677807,0.0,0.4772727272727273
random_score,720,0,360,0.3899967787556231,0.0,0.7446992277469178
random_score,721,0,361,0.5139044262120432,0.0,0.390495867768595
random_score,722,0,362,0.46141736821583335,0.0,0.6287017906336088
random_score,723,0,362,0.3825483569664198,0.0,0.6502506435442352
random_score,724,0,361,0.42242130535859646,0.0,0.6079028925619835
random_score,725,0,363,0.5046031808570929,0.0,0.4569164069909226
random_score,726,0,363,0.5548618621434458,0.0,0.4152892561983471
random_score,727,0,364,0.43305382193866626,0.0,0.6074380165289256
random_score,728,0,364,0.5498058855020622,0.0,0.4898387752337082
random_score,729,0,365,0.4860291686343815,0.0,0.5937914498520559
random_score,730,0,365,0.5484322243016717,0.0,0.45041322314049587
random_score,731,0,366,0.5309085721550747,0.0,0.46087928464977646
random_score,732,0,366,0.6185067533549289,0.0,0.2830578512396694
random_score,733,0,367,0.5501625751238228,0.1,0.4169765840220386
random_score,734,0,368,0.4186178250551646,0.0,0.6349173553719009
random_score,735,0,368,0.47367260975167047,0.0,0.5484814474713464
random_score,736,0,367,0.6558575042016324,0.1,0.2858521880503997
random_score,737,0,369,0.45395547205301784,0.0,0.5788739669421488
random_score,738,0,369,0.5240504409319662,0.0,0.45041322314049587
random_score,739,0,370,0.4806220715846242,0.0,0.5268595041322314
random_score,740,0,371,0.3954265114082117,0.0,0.6375
random_score,741,0,371,0.5109140864493936,0.0,0.48121584699453546
random_score,742,0,370,0.5536031303895399,0.0,0.3698347107438017
random_score,743,0,372,0.3889597487914104,0.0,0.6858851109761857
random_score,744,0,372,0.36627202548563964,0.0,0.676954732510288
random_score,745,0,373,0.5610410019352481,0.1,0.4430041152263374
random_score,746,0,373,0.5713841707737877,0.0,0.37524232221201914
random_score,747,0,374,0.4248889633683497,0.0,0.64375
random_score,748,0,375,0.6104768864415573,0.0,0.40314659260262836
random_score,749,0,375,0.37481355564195934,0.0,0.7191939890710383
random_score,750,0,374,0.43756082075273595,0.0,0.6179063360881543
random_score,751,0,376,0.5965956510568914,0.0,0.2714763374485597
random_score,752,0,376,0.44163435580559274,0.0,0.5945987654320988
random_score,753,0,377,0.5213189065901134,0.0,0.4413664575322135
random_score,754,0,377,0.4823563799065497,0.0,0.49678961748633876
random_score,755,0,378,0.6046070751696642,0.0,0.28125
random_score,756,0,378,0.5007532011612732,0.0,0.45416666666666666
random_score,757,0,379,0.35665799450334956,0.0,0.7128099173553719
random_score,758,0,380,0.4215037472035171,0.0,0.6774488551686764
random_score,759,0,379,0.6768011026248412,0.1,0.31119146005509646
random_score,760,0,380,0.47934213985929064,0.0,0.668724279835391
random_score,761,0,381,0.6170046890843481,0.0,0.29901859504132233
random_score,762,0,381,0.541820260787248,0.1,0.5289256198347108
random_score,763,0,382,0.6842255778988825,0.0,0.17317960752304187
random_score,764,0,382,0.32094191133375005,0.0,0.6656420765027322
random_score,765,0,383,0.6418791072510862,0.0,0.25045537340619306
random_score,766,0,384,0.5939028658108242,0.1,0.33811475409836067
random_score,767,0,384,0.5621471379113402,0.0,0.39243827160493827
random_score,768,0,383,0.6063349727484869,0.0,0.31954201101928376
random_score,769,0,385,0.3808307110087824,0.0,0.6429235537190083
random_score,770,0,385,0.5778216706467064,0.0,0.4631542699724518
random_score,771,0,386,0.48181156739811126,0.0,0.5285191708440591
random_score,772,0,386,0.48007727913309745,0.0,0.6398523235333966
random_score,773,0,387,0.5560214908799714,0.0,0.359504132231405
random_score,774,0,388,0.407653014792743,0.1,0.6538108356290175
random_score,775,0,388,0.35428987401862566,0.0,0.6549586776859504
random_score,776,0,389,0.4323232953139053,0.0,0.5847107438016529
random_score,777,0,387,0.4081895600366935,0.0,0.6172839506172839
random_score,778,0,389,0.4872903049957428,0.0,0.5502260001349255
random_score,779,0,390,0.3995621776023891,0.0,0.78099173553719
random_score,780,0,390,0.5610105975654829,0.0,0.45597213789381363
random_score,781,0,391,0.4477766994622298,0.0,0.5977706356494235
random_score,782,0,392,0.39687446494326317,0.1,0.7407407407407407
random_score,783,0,391,0.6626167127410657,0.0,0.3381712750399619
random_score,784,0,392,0.5870481543014242,0.0,0.4267506717001667
random_score,785,0,393,0.372249722829242,0.0,0.7300887978142077
random_score,786,0,393,0.5468995077359174,0.0,0.45023148148148145
random_score,787,0,394,0.5669741985266838,0.0,0.4164966159915655
random_score,788,0,394,0.5527834101705981,0.0,0.3130853994490358
random_score,789,0,395,0.5666198604103501,0.1,0.4308063803013298
random_score,790,0,395,0.6127254454845625,0.0,0.40448121163057416
random_score,791,0,396,0.3909082843833563,0.0,0.6459829291423926
random_score,792,0,396,0.7018444695868599,0.2,0.22610192837465565
random_score,793,0,397,0.5701641252580865,0.0,0.3917117300955685
random_score,794,0,397,0.44591513190368215,0.0,0.6051856117057309
random_score,795,0,398,0.4870344376633021,0.0,0.524200650318385
random_score,796,0,398,0.35059288138994316,0.0,0.6583333333333333
random_score,797,0,399,0.5236937628216904,0.0,0.4828551912568306
random_score,798,0,399,0.5681446684281711,0.2,0.5557851239669421
random_score,799,0,400,0.6111289840764222,0.1,0.31203197733252375
random_score,800,0,401,0.5381447402552595,0.1,0.3745935510093483
random_score,801,0,400,0.5090797568461892,0.0,0.5298353909465021
random_score,802,0,401,0.47291182798804127,0.0,0.5432098765432098
random_score,803,0,402,0.5305433472796628,0.0,0.46165123456790125
random_score,804,0,403,0.5511998368574873,0.1,0.359504132231405
random_score,805,0,402,0.39827337471618185,0.0,0.6710040983606558
random_score,806,0,403,0.5269690799835345,0.1,0.49380165289256195
random_score,807,0,404,0.564319710744553,0.1,0.4907921810699588
random_score,808,0,405,0.4667319926404575,0.0,0.4723234163124873
random_score,809,0,405,0.4959027990241795,0.0,0.4843978505594667
random_score,810,0,404,0.6295475223348996,0.0,0.3238168724279835
random_score,811,0,406,0.5005689786303945,0.0,0.4200311610892833
random_score,812,0,406,0.8016604839320255,0.1,0.06377862078309172
random_score,813,0,407,0.4306865628514652,0.0,0.5785519125683061
random_score,814,0,407,0.6104578179929536,0.0,0.4979166666666667
random_score,815,0,408,0.5105132602098408,0.0,0.51440329218107
random_score,816,0,408,0.4306994553194915,0.1,0.5504886831275719
random_score,817,0,409,0.39222262312493206,0.0,0.6000748222970445
random_score,818,0,409,0.4623204290875482,0.0,0.5767906336088154
random_score,819,0,410,0.45157367018531425,0.0,0.5215206098630507
random_score,820,0,410,0.3570233600109568,0.0,0.7062672873237537
random_score,821,0,411,0.4214309121918938,0.0,0.5516393442622951
random_score,822,0,411,0.6396102283159157,0.0,0.32278005464480874
random_score,823,0,412,0.5592235397171892,0.0,0.4083333333333333
random_score,824,0,412,0.5873978602049119,0.0,0.2875
random_score,825,0,413,0.5991617491307435,0.0,0.32280517545048093
random_score,826,0,413,0.48526032064113256,0.0,0.49875193955339675
random_score,827,0,414,0.493468247085968,0.0,0.379874182014437
random_score,828,0,414,0.41901269196296614,0.0,0.6114517003116109
random_score,829,0,415,0.3092586902022389,0.0,0.7204139005554803
random_score,830,0,415,0.4788871186127054,0.0,0.5137400945481754
random_score,831,0,416,0.6028431791443465,0.0,0.3613464187327824
random_score,832,0,416,0.4127499878650681,0.0,0.6391014522327654
random_score,833,0,417,0.5373614015841826,0.0,0.46003787878787883
random_score,834,0,417,0.470668536458394,0.0,0.48760330578512395
random_score,835,0,418,0.5591075627277527,0.0,0.38661766698279365
random_score,836,0,418,0.47792830381935064,0.0,0.522633744855967
random_score,837,0,419,0.5911227263735692,0.1,0.3833333333333333
random_score,838,0,419,0.4109473865118482,0.0,0.598750169353746
random_score,839,0,420,0.5727189838463772,0.0,0.35792914239262974
random_score,840,0,420,0.42678551671002235,0.0,0.5971074380165289
random_score,841,0,421,0.3431301463213578,0.0,0.7231404958677685
random_score,842,0,421,0.52786163798932,0.0,0.4540461432506887
random_score,843,0,422,0.42780005132759713,0.0,0.6973251028806584
random_score,844,0,422,0.3089186280537833,0.0,0.7262052341597796
random_score,845,0,423,0.5891064347565069,0.0,0.39139344262295084
random_score,846,0,423,0.6590634667604319,0.0,0.35655737704918034
random_score,847,0,424,0.554253794561707,0.0,0.3688185882671725
random_score,848,0,424,0.4302189672892963,0.0,0.6136363636363636
random_score,849,0,425,0.5294138185586098,0.0,0.4420454545454545
random_score,850,0,425,0.5484805937758116,0.0,0.46120218579234973
random_score,851,0,426,0.4920693729737124,0.0,0.40821514811413806
random_score,852,0,426,0.47171015160980084,0.0,0.4659813624460089
random_score,853,0,427,0.3361377552112155,0.0,0.676954732510288
random_score,854,0,427,0.5325362609595563,0.1,0.4186985596707819
random_score,855,0,428,0.4950527767799442,0.0,0.5833505509641873
random_score,856,0,428,0.557425735131351,0.0,0.4536611910349284
random_score,857,0,429,0.38375962941465164,0.1,0.6668811814117328
random_score,858,0,429,0.5665783326223075,0.0,0.4628776588538138
random_score,859,0,430,0.3487133954279499,0.0,0.781399857157433
random_score,860,0,431,0.39011116397885803,0.0,0.5952995867768596
random_score,861,0,430,0.42164266542179885,0.0,0.6576964935550794
random_score,862,0,431,0.6147478765274477,0.1,0.39602251470938343
random_score,863,0,432,0.3522648971074447,0.0,0.7578341091546921
random_score,864,0,432,0.6738914113624527,0.1,0.3273777265953123
random_score,865,0,433,0.5058149771361407,0.0,0.49423209366391185
random_score,866,0,433,0.4806524362130903,0.0,0.5593076818859233
random_score,867,0,434,0.5170307536004756,0.0,0.44421487603305787
random_score,868,0,434,0.4895971490890004,0.0,0.4481060606060606
random_score,869,0,435,0.4620260275910476,0.0,0.6177685950413223
random_score,870,0,435,0.596751506118531,0.0,0.23760330578512398
random_score,871,0,436,0.4435363502209057,0.0,0.6037239425217567
random_score,872,0,436,0.5319120249059992,0.0,0.520525956284153
random_score,873,0,437,0.399905095454696,0.0,0.6378031432055278
random_score,874,0,437,0.5164292749500323,0.0,0.5526051763425501
random_score,875,0,438,0.6258830506011622,0.1,0.2892561983471074
random_score,876,0,438,0.5321672195228306,0.0,0.3817884368886191
random_score,877,0,439,0.5213770841783802,0.0,0.44166666666666665
random_score,878,0,439,0.41357724303013554,0.0,0.537345041322314
random_score,879,0,440,0.43821653963387713,0.0,0.589227889091277
random_score,880,0,440,0.5777512390450716,0.0,0.2545621669027862
random_score,881,0,441,0.4979887886998511,0.0,0.4555298353909465
random_score,882,0,441,0.3716434998642954,0.0,0.6352413019079686
random_score,883,0,442,0.5779960577646889,0.0,0.3234504132231405
random_score,884,0,442,0.5954543990345711,0.0,0.3638661202185792
random_score,885,0,443,0.326944846055174,0.0,0.7509145102289663
random_score,886,0,443,0.4892551682117297,0.0,0.488615107301976
random_score,887,0,444,0.5230718835490995,0.0,0.3643775720164609
random_score,888,0,444,0.432706472028897,0.0,0.5139716840536512
random_score,889,0,445,0.4235646615754275,0.0,0.687152824820485
random_score,890,0,445,0.45746954000862117,0.1,0.5854338842975206
random_score,891,0,446,0.409857242428997,0.0,0.6144611094106044
random_score,892,0,446,0.5302857293157694,0.0,0.5557851239669421
random_score,893,0,447,0.3946517002829919,0.0,0.6426912568306011
random_score,894,0,447,0.46588978641671985,0.1,0.529717331174526
random_score,895,0,448,0.6324584056928583,0.0,0.26944181005283835
random_score,896,0,448,0.5627948931867648,0.1,0.5088572009212844
random_score,897,0,449,0.4811513000910238,0.0,0.5884873323397914
random_score,898,0,449,0.6179433510487685,0.1,0.35330578512396693
random_score,899,0,450,0.302488489463162,0.0,0.8181818181818181
random_score,900,0,450,0.6044318443286666,0.1,0.35156680440771354
random_score,901,0,451,0.566581214002637,0.0,0.42814320552770624
random_score,902,0,451,0.6169036026486512,0.0,0.3430816973622074
random_score,903,0,452,0.582577643308602,0.0,0.3827564015716028
random_score,904,0,452,0.4308362382554877,0.0,0.6470683263612557
random_score,905,0,453,0.5422444407797802,0.0,0.48140495867768596
random_score,906,0,453,0.5665980879410745,0.1,0.4916666666666667
random_score,907,0,454,0.5080761076390274,0.1,0.5640495867768596
random_score,908,0,454,0.4368865970090761,0.0,0.6177937158469946
random_score,909,0,455,0.4112217213832154,0.0,0.7106898907103825
random_score,910,0,455,0.6199120816593959,0.0,0.25106692860046065
random_score,911,0,456,0.548292043505779,0.0,0.43366046831955923
random_score,912,0,456,0.3978849927978949,0.0,0.6247236676529606
random_score,913,0,457,0.5104728122236841,0.0,0.5023032109470261
random_score,914,0,457,0.49024506476539365,0.0,0.5075874485596708
random_score,915,0,458,0.5883815863872749,0.0,0.31892697466467956
random_score,916,0,458,0.5389969775173591,0.0,0.4596044621297147
random_score,917,0,459,0.652844935073744,0.0,0.24119137502975888
random_score,918,0,459,0.5850250271367041,0.1,0.3806733504945129
random_score,919,0,460,0.40637788713549783,0.0,0.5454545454545454
random_score,920,0,460,0.49953796110101667,0.0,0.5484049246675509
random_score,921,0,461,0.4109946486001822,0.0,0.6942148760330579
random_score,922,0,461,0.5691224873364711,0.0,0.4400826446280992
random_score,923,0,462,0.5596630456687774,0.1,0.427787562660886
random_score,924,0,463,0.5056050872708658,0.0,0.47107438016528924
random_score,925,0,462,0.3223980539766757,0.0,0.7566914940652314
random_score,926,0,463,0.42209563294695923,0.0,0.5690490766248342
random_score,927,0,464,0.7311442393523774,0.0,0.15
random_score,928,0,464,0.45715569670459943,0.0,0.6012978142076503
random_score,929,0,465,0.7276386584019994,0.0,0.1563473784040103
random_score,930,0,465,0.4400781820077541,0.1,0.6143939393939394
random_score,931,0,466,0.5985108464898071,0.0,0.42592592592592593
random_score,932,0,466,0.6195431548860235,0.1,0.3832772166105499
random_score,933,0,467,0.5385580978832822,0.0,0.518595041322314
random_score,934,0,467,0.47589284873603493,0.0,0.4400826446280992
random_score,935,0,468,0.3783382729867835,0.1,0.6684731066251186
random_score,936,0,468,0.5218212178389466,0.1,0.4607099309036716
random_score,937,0,469,0.43228892767728533,0.0,0.5987671047283566
random_score,938,0,469,0.56560272854509,0.0,0.30625
random_score,939,0,470,0.4195596820266722,0.0,0.49583333333333335
random_score,940,0,470,0.6065330297129268,0.1,0.3850565843621399
random_score,941,0,471,0.5677221511433975,0.0,0.5184426229508197
random_score,942,0,471,0.531998124856134,0.1,0.5741600054193199
random_score,943,0,472,0.36136491342262955,0.0,0.7214314865830017
random_score,944,0,472,0.3664103366245388,0.0,0.6235096870342771
random_score,945,0,473,0.39068702008998824,0.1,0.6229166666666667
random_score,946,0,473,0.6382767342145522,0.0,0.24691358024691357
random_score,947,0,474,0.5330611760705776,0.0,0.44182162534435265
random_score,948,0,474,0.5408736977571408,0.0,0.4152892561983471
random_score,949,0,475,0.39964079226588506,0.0,0.5983606557377049
random_score,950,0,475,0.5811889485272005,0.0,0.3168724279835391
random_score,951,0,476,0.4128998932834599,0.0,0.6421724698550333
random_score,952,0,476,0.6181767784206871,0.0,0.3422131147540984
random_score,953,0,477,0.40245363512177335,0.0,0.6603271914374746
random_score,954,0,477,0.5736890221442634,0.2,0.43905383804373704
random_score,955,0,478,0.41172948986828484,0.0,0.5988856523506301
random_score,956,0,478,0.5526193600010594,0.1,0.45661157024793386
random_score,957,0,479,0.550577243970259,0.1,0.345786478796911
random_score,958,0,479,0.6090891857500951,0.0,0.3735242528503002
random_score,959,0,480,0.48686451426636773,0.0,0.4980185611705731
random_score,960,0,480,0.6650484588451434,0.1,0.2841769972451791
random_score,961,0,481,0.5408494826168359,0.0,0.47848008706594564
random_score,962,0,481,0.6384931270382241,0.0,0.2855195473251029
random_score,963,0,482,0.4144217761196763,0.0,0.5165289256198347
random_score,964,0,482,0.4705707085594023,0.0,0.5932718579234972
random_score,965,0,483,0.47774048647562706,0.0,0.462534435261708
random_score,966,0,483,0.47420285623702174,0.0,0.5670339761248853
random_score,967,0,484,0.7102206842770707,0.0,0.24634857990959996
random_score,968,0,484,0.5381474205484559,0.0,0.3876305138931402
random_score,969,0,485,0.5261159160684371,0.0,0.4648760330578512
random_score,970,0,485,0.5959725992266673,0.0,0.3729166666666667
random_score,971,0,486,0.679603210602251,0.0,0.2603305785123967
random_score,972,0,486,0.47601532622266074,0.0,0.48155737704918034
random_score,973,0,487,0.39042605495807065,0.0,0.5640495867768596
random_score,974,0,487,0.55767085383315,0.0,0.38636363636363635
random_score,975,0,488,0.5930717237469828,0.1,0.2448559670781893
random_score,976,0,488,0.3706844097821257,0.0,0.6864754098360656
random_score,977,0,489,0.500137491582591,0.0,0.542368125701459
random_score,978,0,489,0.5348576116175556,0.0,0.511441256830601
random_score,979,0,490,0.6704970554320315,0.0,0.28866952351800834
random_score,980,0,490,0.2719346067934712,0.0,0.7937115260347584
random_score,981,0,491,0.4817744157072087,0.0,0.53125
random_score,982,0,491,0.6397257357012864,0.0,0.22633744855967078
random_score,983,0,492,0.40935672826137404,0.1,0.7051406319083087
random_score,984,0,492,0.45009242154740975,0.0,0.5946502057613169
random_score,985,0,493,0.535177740973434,0.0,0.5165289256198347
random_score,986,0,493,0.5285413440175535,0.0,0.4172176308539945
random_score,987,0,494,0.3798061829413019,0.0,0.6556983981226405
random_score,988,0,494,0.6214568079504221,0.0,0.31091654247391953
random_score,989,0,495,0.553191459125254,0.0,0.40829167091793356
random_score,990,0,495,0.44815802735459914,0.0,0.5747073002754821
random_score,991,0,496,0.5160900948728344,0.0,0.5152971733117453
random_score,992,0,496,0.49638224535029724,0.0,0.4106624839776024
random_score,993,0,497,0.395283732284719,0.0,0.6654354719017743
random_score,994,0,497,0.3522922562853436,0.0,0.7544398907103824
random_score,995,0,498,0.6196520126615925,0.0,0.25542355371900827
random_score,996,0,498,0.5008213113386868,0.0,0.4053497942386831
random_score,997,0,499,0.5420218720284385,0.0,0.38428961748633883
random_score,998,0,499,0.6166779245042535,0.1,0.44638260398320007
random_score,999,0,500,0.5682284801825466,0.0,0.4279569164069909
random_score,1000,0,500,0.6320540117481475,0.0,0.2016325701124509
random_score,1001,0,501,0.5260063172974079,0.0,0.48347107438016523
random_score,1002,0,501,0.4294294276907604,0.0,0.5516528925619835
random_score,1003,0,502,0.4361658017556914,0.0,0.5392561983471074
random_score,1004,0,502,0.5497404888266969,0.0,0.4543560606060606
random_score,1005,0,503,0.4176170248115552,0.0,0.5664275956284153
random_score,1006,0,503,0.4952690694661971,0.0,0.5894972451790634
random_score,1007,0,504,0.35350022875596326,0.0,0.6818181818181819
random_score,1008,0,504,0.4035014955189006,0.0,0.6513946280991736
random_score,1009,0,505,0.49762370148445517,0.0,0.46482438016528926
random_score,1010,0,505,0.4931749473695888,0.0,0.48374316939890716
random_score,1011,0,506,0.5261493133088644,0.0,0.3859289617486339
random_score,1012,0,506,0.4297905131921985,0.0,0.5233281893004116
random_score,1013,0,507,0.4410087640867708,0.0,0.6556728905213753
random_score,1014,0,507,0.3947924033071427,0.0,0.731318306010929
random_score,1015,0,508,0.4703704471018181,0.0,0.5640495867768596
random_score,1016,0,508,0.3476905585109734,0.0,0.709077305036901
random_score,1017,0,509,0.4129919144705808,0.1,0.628099173553719
random_score,1018,0,509,0.6581700799204151,0.1,0.25150494847464544
random_score,1019,0,510,0.39516566596898406,0.0,0.7037037037037037
random_score,1020,0,510,0.5559002199576929,0.0,0.3526510900248274
random_score,1021,0,511,0.5520669924658225,0.0,0.52491391184573
random_score,1022,0,511,0.2790565578499934,0.0,0.8081284153005465
random_score,1023,0,512,0.579558886871428,0.0,0.4194214876033058
random_score,1024,0,512,0.6839591679821366,0.0,0.23553719008264462
random_score,1025,0,513,0.46635772884159754,0.0,0.5395833333333333
random_score,1026,0,513,0.4209808602588022,0.0,0.6425619834710743
random_score,1027,0,514,0.5630550712725524,0.0,0.43862620241159733
random_score,1028,0,514,0.4724444015966379,0.0,0.590805785123967
random_score,1029,0,515,0.4318346206688168,0.0,0.5720164609053497
random_score,1030,0,516,0.527190646403995,0.1,0.4134433003658041
random_score,1031,0,516,0.3337644529882141,0.0,0.7520661157024793
random_score,1032,0,515,0.558307241662521,0.0,0.330643257100452
random_score,1033,0,517,0.3784096773524523,0.0,0.61875
random_score,1034,0,517,0.39037100567805155,0.0,0.6972107438016528
random_score,1035,0,518,0.5979121676233332,0.1,0.41730371900826446
random_score,1036,0,518,0.5016959857233916,0.0,0.4145833333333333
random_score,1037,0,519,0.5656913715774172,0.1,0.4792349726775956
random_score,1038,0,519,0.66470476152576,0.1,0.23333333333333334
random_score,1039,0,520,0.4224193792854905,0.0,0.5971074380165289
random_score,1040,0,520,0.4974042923176138,0.0,0.45661157024793386
random_score,1041,0,521,0.4179216064406517,0.0,0.6418337623628234
random_score,1042,0,521,0.536153421994374,0.1,0.40586844879774175
random_score,1043,0,522,0.42283113708930664,0.0,0.6357708982522694
random_score,1044,0,522,0.5630494789171172,0.0,0.3422131147540984
random_score,1045,0,523,0.47998826666494737,0.0,0.4524793388429752
random_score,1046,0,523,0.5616925665777374,0.0,0.4542011019283747
random_score,1047,0,524,0.592634921142259,0.0,0.3331018832136567
random_score,1048,0,524,0.4673514531967927,0.0,0.6306473829201102
random_score,1049,0,525,0.46873262013769407,0.0,0.5615939574583391
random_score,1050,0,525,0.5858896890716414,0.0,0.36006299959355104
random_score,1051,0,526,0.636804406169084,0.1,0.31420765027322406
random_score,1052,0,526,0.574679855943369,0.0,0.3631887052341598
random_score,1053,0,527,0.47496428195149054,0.0,0.5917593442845968
random_score,1054,0,527,0.4370393123597701,0.0,0.5392561983471075
random_score,1055,0,528,0.5585429003481424,0.0,0.4230199724517907
random_score,1056,0,528,0.4917870951878225,0.0,0.5020661157024794
random_score,1057,0,529,0.5894621968342262,0.0,0.21694214876033058
random_score,1058,0,529,0.3696023419108182,0.1,0.7299510254055709
random_score,1059,0,530,0.4509346360756702,0.0,0.5445702819440194
random_score,1060,0,530,0.33816972372158227,0.0,0.7327995867768595
random_score,1061,0,531,0.4860408777701292,0.0,0.46885330578512396
random_score,1062,0,531,0.533694297356557,0.1,0.35007112857336403
random_score,1063,0,532,0.5695282276197625,0.0,0.4331866019024489
random_score,1064,0,532,0.5038054939860778,0.0,0.5093351548269581
random_score,1065,0,533,0.5323245236581944,0.1,0.5168044077134986
random_score,1066,0,533,0.445287482563587,0.0,0.6785640495867769
random_score,1067,0,534,0.39030971867849396,0.0,0.682902045793253
random_score,1068,0,534,0.5904835042840789,0.1,0.34633370744481856
random_score,1069,0,535,0.501515693874356,0.0,0.573181308029793
random_score,1070,0,535,0.30061268746617154,0.0,0.7057162534435262
random_score,1071,0,536,0.5139578217443307,0.0,0.5110082304526748
random_score,1072,0,536,0.6335875471756731,0.0,0.3116046831955923
random_score,1073,0,537,0.4634816742890819,0.0,0.525796687412849
random_score,1074,0,537,0.6246786922281949,0.1,0.34259259259259256
random_score,1075,0,538,0.40940737608407884,0.0,0.6795773460163259
random_score,1076,0,538,0.5549739207704197,0.0,0.4049417423113399
random_score,1077,0,539,0.44063353210732786,0.0,0.5780991735537191
random_score,1078,0,539,0.4029551674122563,0.0,0.5637955561577022
random_score,1079,0,540,0.608215529975738,0.0,0.2839554260940252
random_score,1080,0,540,0.6665077561622259,0.0,0.351084463334008
random_score,1081,0,541,0.547364300315645,0.0,0.3869225037257824
random_score,1082,0,541,0.5323678740734288,0.1,0.508948087431694
random_score,1083,0,542,0.5890341414170253,0.0,0.3987603305785124
random_score,1084,0,542,0.38072452263875894,0.0,0.6476379961228447
random_score,1085,0,543,0.43985607842188423,0.0,0.5998106060606061
random_score,1086,0,543,0.4901402604423257,0.0,0.56875
random_score,1087,0,544,0.5761637030004212,0.0,0.40713797814207653
random_score,1088,0,544,0.44732571698822926,0.0,0.5620560109289617
random_score,1089,0,545,0.6234649990253194,0.0,0.42863823419378977
random_score,1090,0,545,0.565067482205779,0.0,0.5082304526748971
random_score,1091,0,546,0.6568725252419864,0.0,0.2882400758704783
random_score,1092,0,546,0.4879321447354538,0.0,0.49380165289256195
random_score,1093,0,547,0.522244013123067,0.0,0.5696502057613169
random_score,1094,0,547,0.4873931686043581,0.0,0.5229982387210405
random_score,1095,0,548,0.46986685183657234,0.0,0.5309578647879691
random_score,1096,0,548,0.3937428424255681,0.0,0.6338402655466739
random_score,1097,0,549,0.43312987318630836,0.0,0.5772115090296909
random_score,1098,0,549,0.6684321795915877,0.0,0.3223140495867769
random_score,1099,0,550,0.5497386372570706,0.1,0.4209357923497268
random_score,1100,0,550,0.4954718914336512,0.0,0.3752410468319559
random_score,1101,0,551,0.5753507427249818,0.1,0.40456267217630854
random_score,1102,0,551,0.5214956021551116,0.0,0.41115702479338845
random_score,1103,0,552,0.45321649832632077,0.0,0.506198347107438
random_score,1104,0,552,0.543897850882794,0.0,0.4049586776859504
random_score,1105,0,553,0.5173092638201947,0.0,0.548430432268816
random_score,1106,0,553,0.3803891020788773,0.0,0.6205999387817569
random_score,1107,0,554,0.5181124109728004,0.0,0.39636038588679756
random_score,1108,0,554,0.5976406365962634,0.0,0.38934426229508196
random_score,1109,0,555,0.5968235474045167,0.0,0.36629521745021
random_score,1110,0,555,0.5727446616563867,0.0,0.3031408359691188
random_score,1111,0,556,0.5490057166481181,0.0,0.44433342365533124
random_score,1112,0,556,0.5634664853586221,0.0,0.42536157024793386
random_score,1113,0,557,0.6291549356349663,0.0,0.2943706814794743
random_score,1114,0,557,0.4575417035146607,0.0,0.5774691358024692
random_score,1115,0,558,0.5776635158409656,0.0,0.2662568306010929
random_score,1116,0,558,0.32435392102873156,0.0,0.7659127706941915
random_score,1117,0,559,0.548852418207861,0.0,0.4672131147540983
random_score,1118,0,559,0.5070265360817027,0.0,0.5003415300546448
random_score,1119,0,560,0.4845184315581186,0.1,0.5642217630853994
random_score,1120,0,560,0.42582523721359883,0.0,0.5443407135326327
random_score,1121,0,561,0.4473259623050822,0.0,0.537037037037037
random_score,1122,0,561,0.5268747267262549,0.0,0.4947624392068837
random_score,1123,0,562,0.5667651202448697,0.0,0.3991329088199431
random_score,1124,0,562,0.43596544561828504,0.0,0.6626366120218579
random_score,1125,0,563,0.4903419287789606,0.1,0.5925687576209187
random_score,1126,0,563,0.637897389806948,0.0,0.21396152282888498
random_score,1127,0,564,0.48065600155575894,0.0,0.6590909090909092
random_score,1128,0,564,0.5269864363122345,0.0,0.47314049586776863
random_score,1129,0,565,0.374020912659064,0.0,0.5990041999729034
random_score,1130,0,565,0.4399187415762514,0.0,0.5790805785123967
random_score,1131,0,566,0.46608988926595973,0.0,0.5242683918168269
random_score,1132,0,566,0.6280548171012932,0.1,0.33264462809917356
random_score,1133,0,567,0.5975514832116884,0.2,0.4640427847498555
random_score,1134,0,567,0.6033817187527107,0.0,0.2983674298875491
random_score,1135,0,568,0.4056040123973347,0.0,0.5165289256198347
random_score,1136,0,568,0.34416173100955777,0.0,0.8131535451662957
random_score,1137,0,569,0.3452139718672807,0.0,0.6838842975206612
random_score,1138,0,569,0.6774213184390714,0.0,0.23682427855304158
random_score,1139,0,570,0.4701154131883941,0.0,0.44399104683195595
random_score,1140,0,570,0.4891131992841841,0.0,0.5009777913818318
random_score,1141,0,571,0.44581919468789877,0.0,0.5914256198347108
random_score,1142,0,571,0.5830926495851763,0.0,0.29445592286501376
random_score,1143,0,572,0.6036157981017755,0.0,0.38394724414760845
random_score,1144,0,572,0.47447426157139433,0.1,0.5340271400877461
random_score,1145,0,573,0.5178502604643163,0.0,0.437011316872428
random_score,1146,0,573,0.5346158450731711,0.0,0.4109289617486339
random_score,1147,0,574,0.5148566428141954,0.1,0.5413223140495869
random_score,1148,0,574,0.49359895686110394,0.0,0.4360350900961929
random_score,1149,0,575,0.5819535119995864,0.0,0.43324660748903177
random_score,1150,0,575,0.46340981562838535,0.0,0.5650698908274666
random_score,1151,0,576,0.3561629415913233,0.0,0.7215250144543074
random_score,1152,0,576,0.5265963227538281,0.0,0.48741391184573
random_score,1153,0,577,0.4623844660849753,0.0,0.5971074380165289
random_score,1154,0,577,0.569774583357256,0.0,0.36705438220589737
random_score,1155,0,578,0.4903201621770533,0.1,0.44182162534435265
random_score,1156,0,578,0.5456971131694145,0.0,0.32644628099173556
random_score,1157,0,579,0.6550048110647906,0.0,0.29695949392919085
random_score,1158,0,579,0.587634527097658,0.0,0.3836343230282624
random_score,1159,0,580,0.4266783227243682,0.0,0.5908921555344804
random_score,1160,0,580,0.4495052306863874,0.0,0.46593884977723365
random_score,1161,0,581,0.4807233188612505,0.1,0.5661157024793388
random_score,1162,0,581,0.5647514066686459,0.0,0.4772727272727273
random_score,1163,0,582,0.38422786149091404,0.0,0.5807679063360881
random_score,1164,0,582,0.41489793001998354,0.0,0.5930440771349863
random_score,1165,0,583,0.5289313553255821,0.0,0.38341942148760333
random_score,1166,0,583,0.5464074111483486,0.0,0.3929684324617261
random_score,1167,0,584,0.5029145709152167,0.0,0.4628099173553719
random_score,1168,0,584,0.5344114759133466,0.0,0.4477163866963503
random_score,1169,0,585,0.6044345665397558,0.0,0.41933539944903586
random_score,1170,0,585,0.5031177863203825,0.0,0.45454545454545453
random_score,1171,0,586,0.5570492066922835,0.0,0.23760330578512395
random_score,1172,0,586,0.5593692666810135,0.0,0.2821565826616332
random_score,1173,0,587,0.4788702162119846,0.0,0.5413223140495868
random_score,1174,0,587,0.535047300797365,0.0,0.49793388429752067
random_score,1175,0,588,0.4760742337639696,0.0,0.6194113263785395
random_score,1176,0,588,0.42745025883444276,0.0,0.7124999999999999
random_score,1177,0,589,0.5195133411831135,0.0,0.45363568343366323
random_score,1178,0,589,0.48516156829747653,0.1,0.5702479338842975
random_score,1179,0,590,0.40177167955186555,0.0,0.5749655647382921
random_score,1180,0,590,0.5765783100593922,0.1,0.4100308641975309
random_score,1181,0,591,0.43224460168243617,0.1,0.7360643471754583
random_score,1182,0,591,0.5105145586703661,0.0,0.4006714876033058
random_score,1183,0,592,0.538601779639433,0.0,0.3944042699724518
random_score,1184,0,592,0.7702257400464986,0.0,0.16577134986225894
random_score,1185,0,593,0.4741722978514247,0.0,0.41478994490358123
random_score,1186,0,593,0.593677626637949,0.0,0.32165977961432507
random_score,1187,0,594,0.47429160223715294,0.0,0.5833333333333333
random_score,1188,0,594,0.5209192351402403,0.1,0.4625
random_score,1189,0,595,0.45086753618673825,0.1,0.6239669421487604
random_score,1190,0,596,0.46435556829301544,0.0,0.5781567538273946
random_score,1191,0,595,0.585677666503421,0.0,0.4318181818181818
random_score,1192,0,596,0.6217321765671567,0.1,0.42626337894594224
random_score,1193,0,597,0.4830327143030681,0.0,0.5183240753285463
random_score,1194,0,597,0.5838983938412301,0.0,0.3987603305785124
random_score,1195,0,598,0.49380756929396075,0.0,0.5433884297520661
random_score,1196,0,598,0.48528418409911717,0.0,0.4318181818181818
random_score,1197,0,599,0.40707913629106807,0.0,0.5874999999999999
random_score,1198,0,599,0.5038352780491193,0.0,0.4805285704648182
random_score,1199,0,600,0.5465672526423775,0.1,0.3822314049586777
random_score,1200,0,600,0.4565805912509786,0.0,0.6522633744855967
random_score,1201,0,601,0.44544285032641495,0.0,0.6205829337142468
random_score,1202,0,601,0.3412605630609282,0.0,0.6516393442622951
random_score,1203,0,602,0.7269255446868642,0.0,0.2266435397748529
random_score,1204,0,602,0.5764689939282531,0.1,0.3347107438016529
random_score,1205,0,603,0.548837109345543,0.0,0.42592592592592593
random_score,1206,0,603,0.4544492606268834,0.0,0.5213498622589532
random_score,1207,0,604,0.4273114792487898,0.0,0.6115702479338843
random_score,1208,0,604,0.4939859899390142,0.0,0.6016701101928374
random_score,1209,0,605,0.6079635617821043,0.0,0.336740201038926
random_score,1210,0,605,0.5870972844327728,0.0,0.45481642053922233
deviation_score,0,0,0,0.5340445224854513,0.0,0.13580246913580246
deviation_score,1,0,1,0.5511015752407408,0.0,0.04149449035812672
deviation_score,2,0,1,0.5511015752407408,0.0,0.04149449035812672
deviation_score,3,0,2,0.5401557608898615,0.0,0.09542011019283747
deviation_score,4,0,2,0.5401557608898615,0.0,0.09542011019283747
deviation_score,5,0,3,0.4765096130854796,0.0,0.4834710743801653
deviation_score,6,0,3,0.4765096130854796,0.0,0.4834710743801653
deviation_score,7,0,4,0.5073267441678111,0.0,0.2633789459422843
deviation_score,8,0,4,0.5073267441678111,0.0,0.2633789459422843
deviation_score,9,0,5,0.5297125181567416,0.0,0.14279835390946502
deviation_score,10,0,5,0.5297125181567416,0.0,0.14279835390946502
deviation_score,11,0,6,0.5333522323138297,0.0,0.10785123966942149
deviation_score,12,0,6,0.5333522323138297,0.0,0.10785123966942149
deviation_score,13,0,7,0.5104153296387206,0.0,0.243801652892562
deviation_score,14,0,7,0.5104153296387206,0.0,0.243801652892562
deviation_score,15,0,8,0.5310179935610889,0.0,0.10972222222222222
deviation_score,16,0,8,0.5310179935610889,0.0,0.10972222222222222
deviation_score,17,0,9,0.5543405049623964,0.0,0.03732782369146005
deviation_score,18,0,9,0.5543405049623964,0.0,0.03732782369146005
deviation_score,19,0,10,0.49519608276309396,0.0,0.3333333333333333
deviation_score,20,0,10,0.49519608276309396,0.0,0.3333333333333333
deviation_score,21,0,11,0.5076845326712318,0.0,0.23233471074380166
deviation_score,22,0,11,0.5076845326712318,0.0,0.23233471074380166
deviation_score,23,0,12,0.5547402701852178,0.0,0.045626721763085396
deviation_score,24,0,12,0.5547402701852178,0.0,0.045626721763085396
deviation_score,25,0,13,0.5308421084838459,0.0,0.12755724156618345
deviation_score,26,0,13,0.5308421084838459,0.0,0.12755724156618345
deviation_score,27,0,14,0.5210246164048008,0.0,0.19008264462809918
deviation_score,28,0,14,0.5210246164048008,0.0,0.19008264462809918
deviation_score,29,0,15,0.5193570166431025,0.0,0.15941358024691357
deviation_score,30,0,15,0.5193570166431025,0.0,0.15941358024691357
deviation_score,31,0,16,0.5471655166104636,0.0,0.05
deviation_score,32,0,16,0.5471655166104636,0.0,0.05
deviation_score,33,0,17,0.5443632935723314,0.0,0.08623423058760035
deviation_score,34,0,17,0.5443632935723314,0.0,0.08623423058760035
deviation_score,35,0,18,0.5486096189076072,0.0,0.045285191708440586
deviation_score,36,0,18,0.5486096189076072,0.0,0.045285191708440586
deviation_score,37,0,19,0.5323902842711086,0.0,0.12371186613610856
deviation_score,38,0,19,0.5323902842711086,0.0,0.12371186613610856
deviation_score,39,0,20,0.5831256938967,0.4,0.016461184121392768
deviation_score,40,0,20,0.5831256938967,0.4,0.016461184121392768
deviation_score,41,0,21,0.5567852704613256,0.0,0.033195592286501374
deviation_score,42,0,21,0.5567852704613256,0.0,0.033195592286501374
deviation_score,43,0,22,0.5677012320415563,0.1,0.03298983096962895
deviation_score,44,0,22,0.5677012320415563,0.1,0.03298983096962895
deviation_score,45,0,23,0.5409355724693656,0.0,0.102880658436214
deviation_score,46,0,23,0.5409355724693656,0.0,0.102880658436214
deviation_score,47,1,24,0.48802988653016544,0.0,0.38524590163934425
deviation_score,48,0,24,0.48802988653016544,0.0,0.38524590163934425
deviation_score,49,0,25,0.5026003627129243,0.0,0.29898309696289493
deviation_score,50,0,25,0.5026003627129243,0.0,0.29898309696289493
deviation_score,51,0,26,0.5334179118453064,0.0,0.11570247933884298
deviation_score,52,0,26,0.5334179118453064,0.0,0.11570247933884298
deviation_score,53,0,27,0.4886387685241904,0.0,0.3979355848042717
deviation_score,54,0,27,0.4886387685241904,0.0,0.3979355848042717
deviation_score,55,0,28,0.5045959730887872,0.0,0.265564738292011
deviation_score,56,0,28,0.5045959730887872,0.0,0.265564738292011
deviation_score,57,0,29,0.5454790376989581,0.0,0.057973251028806586
deviation_score,58,0,29,0.5454790376989581,0.0,0.057973251028806586
deviation_score,59,0,30,0.5082225698039134,0.0,0.2521174863387978
deviation_score,60,0,30,0.5082225698039134,0.0,0.2521174863387978
deviation_score,61,0,31,0.5364957085991516,0.0,0.1028654653840943
deviation_score,62,0,31,0.5364957085991516,0.0,0.1028654653840943
deviation_score,63,0,32,0.5503074763464149,0.0,0.061712505080612386
deviation_score,64,0,32,0.5503074763464149,0.0,0.061712505080612386
deviation_score,65,0,33,0.5046397809009925,0.0,0.24793388429752067
deviation_score,66,0,33,0.5046397809009925,0.0,0.24793388429752067
deviation_score,67,0,34,0.5072741930747691,0.0,0.278030303030303
deviation_score,68,0,34,0.5072741930747691,0.0,0.278030303030303
deviation_score,69,0,35,0.5135219572939543,0.0,0.21487603305785125
deviation_score,70,0,35,0.5135219572939543,0.0,0.21487603305785125
deviation_score,71,0,36,0.7627888590478947,0.8,0.008264462809917356
deviation_score,72,0,36,0.7627888590478947,0.8,0.008264462809917356
deviation_score,73,0,37,0.5494797242602125,0.0,0.04969135802469136
deviation_score,74,0,37,0.5494797242602125,0.0,0.04969135802469136
deviation_score,75,0,38,0.4938276922237578,0.0,0.384297520661157
deviation_score,76,0,38,0.4938276922237578,0.0,0.384297520661157
deviation_score,77,0,39,0.5287758462098313,0.0,0.15767906336088156
deviation_score,78,0,39,0.5287758462098313,0.0,0.15767906336088156
deviation_score,79,0,40,0.5264243302649888,0.0,0.1522633744855967
deviation_score,80,1,40,0.5264243302649888,0.0,0.1522633744855967
deviation_score,81,0,41,0.5291600106270409,0.0,0.10515933748256981
deviation_score,82,0,41,0.5291600106270409,0.0,0.10515933748256981
deviation_score,83,0,42,0.4902810627860369,0.0,0.4127032314646158
deviation_score,84,0,42,0.4902810627860369,0.0,0.4127032314646158
deviation_score,85,0,43,0.4681141503093221,0.0,0.5154835390946502
deviation_score,86,0,43,0.4681141503093221,0.0,0.5154835390946502
deviation_score,87,0,44,0.5494023274145833,0.0,0.06581086573635009
deviation_score,88,0,44,0.5494023274145833,0.0,0.06581086573635009
deviation_score,89,0,45,0.5332764980962776,0.0,0.11994535519125682
deviation_score,90,0,45,0.5332764980962776,0.0,0.11994535519125682
deviation_score,91,0,46,0.5063297095696861,0.0,0.2371016562935755
deviation_score,92,0,46,0.5063297095696861,0.0,0.2371016562935755
deviation_score,93,0,47,0.4628998063551616,0.0,0.6082542597694113
deviation_score,94,0,47,0.4628998063551616,0.0,0.6082542597694113
deviation_score,95,1,48,0.5822492403664503,0.5,0.012396694214876033
deviation_score,96,0,48,0.5822492403664503,0.5,0.012396694214876033
deviation_score,97,0,49,0.5372246047405229,0.0,0.08677685950413223
deviation_score,98,0,49,0.5372246047405229,0.0,0.08677685950413223
deviation_score,99,1,50,0.5299610681873117,0.0,0.1540174053835256
deviation_score,100,0,50,0.5299610681873117,0.0,0.1540174053835256
deviation_score,101,1,51,0.5094079102944198,0.0,0.2386871697601951
deviation_score,102,0,51,0.5094079102944198,0.0,0.2386871697601951
deviation_score,103,1,52,0.4997266322693733,0.0,0.3072305547053022
deviation_score,104,0,52,0.4997266322693733,0.0,0.3072305547053022
deviation_score,105,1,53,0.5229049352074899,0.0,0.18107302533532044
deviation_score,106,0,53,0.5229049352074899,0.0,0.18107302533532044
deviation_score,107,1,54,0.5383114904337137,0.0,0.06581086573635009
deviation_score,108,0,54,0.5383114904337137,0.0,0.06581086573635009
deviation_score,109,1,55,0.5165867141817493,0.0,0.21149564865411857
deviation_score,110,0,55,0.5165867141817493,0.0,0.21149564865411857
deviation_score,111,1,56,0.5444279241154594,0.0,0.07410919929548843
deviation_score,112,0,56,0.5444279241154594,0.0,0.07410919929548843
deviation_score,113,1,57,0.5388715284400829,0.0,0.09911202185792349
deviation_score,114,0,57,0.5388715284400829,0.0,0.09911202185792349
deviation_score,115,1,58,0.7593139620523129,0.8,0.0
deviation_score,116,1,58,0.7593139620523129,0.8,0.0
deviation_score,117,1,59,0.7672314570088596,1.0,0.0
deviation_score,118,1,59,0.7672314570088596,1.0,0.0
deviation_score,119,1,60,0.7657548179045173,0.9,0.0
deviation_score,120,1,60,0.7657548179045173,0.9,0.0
deviation_score,121,0,61,0.5850022867930875,0.7,0.008264462809917356
deviation_score,122,0,61,0.5850022867930875,0.7,0.008264462809917356
deviation_score,123,0,62,0.491743894575632,0.0,0.3360881542699724
deviation_score,124,0,62,0.491743894575632,0.0,0.3360881542699724
deviation_score,125,0,63,0.5179265845496721,0.0,0.18763391490664216
deviation_score,126,0,63,0.5179265845496721,0.0,0.18763391490664216
deviation_score,127,0,64,0.46534746964598944,0.0,0.5352617079889808
deviation_score,128,0,64,0.46534746964598944,0.0,0.5352617079889808
deviation_score,129,0,65,0.5107723495532833,0.0,0.2716095380029806
deviation_score,130,0,65,0.5107723495532833,0.0,0.2716095380029806
deviation_score,131,0,66,0.5119954837025588,0.0,0.27984013006367703
deviation_score,132,0,66,0.5119954837025588,0.0,0.27984013006367703
deviation_score,133,0,67,0.5434608130755569,0.0,0.08674863387978142
deviation_score,134,0,67,0.5434608130755569,0.0,0.08674863387978142
deviation_score,135,0,68,0.5550486962441632,0.0,0.045454545454545456
deviation_score,136,0,68,0.5550486962441632,0.0,0.045454545454545456
deviation_score,137,0,69,0.533552705795105,0.0,0.09545454545454546
deviation_score,138,0,69,0.533552705795105,0.0,0.09545454545454546
deviation_score,139,0,70,0.5136293975007692,0.0,0.24793388429752067
deviation_score,140,0,70,0.5136293975007692,0.0,0.24793388429752067
deviation_score,141,0,71,0.5116860098303533,0.0,0.21250000000000002
deviation_score,142,0,71,0.5116860098303533,0.0,0.21250000000000002
deviation_score,143,0,72,0.4736662589022752,0.0,0.48550275482093663
deviation_score,144,0,72,0.4736662589022752,0.0,0.48550275482093663
deviation_score,145,0,73,0.48153227838760604,0.0,0.42021604938271606
deviation_score,146,0,73,0.48153227838760604,0.0,0.42021604938271606
deviation_score,147,0,74,0.5207786515609729,0.0,0.17522021562425605
deviation_score,148,0,74,0.5207786515609729,0.0,0.17522021562425605
deviation_score,149,0,75,0.49638666937844633,0.0,0.3127624983064625
deviation_score,150,0,75,0.49638666937844633,0.0,0.3127624983064625
deviation_score,151,0,76,0.4986775864441915,0.0,0.3140495867768595
deviation_score,152,0,76,0.4986775864441915,0.0,0.3140495867768595
deviation_score,153,0,77,0.5320469645753942,0.0,0.14754098360655737
deviation_score,154,0,77,0.5320469645753942,0.0,0.14754098360655737
deviation_score,155,0,78,0.5358021977593304,0.0,0.09876710472835659
deviation_score,156,0,78,0.5358021977593304,0.0,0.09876710472835659
deviation_score,157,0,79,0.5246676855127603,0.0,0.15400053970181476
deviation_score,158,0,79,0.5246676855127603,0.0,0.15400053970181476
deviation_score,159,0,80,0.512588366808631,0.0,0.243801652892562
deviation_score,160,0,80,0.512588366808631,0.0,0.243801652892562
deviation_score,161,0,81,0.4778163286763891,0.0,0.44166666666666665
deviation_score,162,0,81,0.4778163286763891,0.0,0.44166666666666665
deviation_score,163,0,82,0.5476775407793937,0.0,0.06198347107438017
deviation_score,164,0,82,0.5476775407793937,0.0,0.06198347107438017
deviation_score,165,0,83,0.5211743101128044,0.0,0.17452607434392498
deviation_score,166,0,83,0.5211743101128044,0.0,0.17452607434392498
deviation_score,167,0,84,0.4922895864251678,0.0,0.33469945355191255
deviation_score,168,0,84,0.4922895864251678,0.0,0.33469945355191255
deviation_score,169,0,85,0.5300412486437845,0.0,0.13333333333333333
deviation_score,170,0,85,0.5300412486437845,0.0,0.13333333333333333
deviation_score,171,0,86,0.5391056984223601,0.0,0.11154371584699455
deviation_score,172,0,86,0.5391056984223601,0.0,0.11154371584699455
deviation_score,173,0,87,0.5051332720123997,0.0,0.2603305785123967
deviation_score,174,0,87,0.5051332720123997,0.0,0.2603305785123967
deviation_score,175,0,88,0.5024234217408688,0.0,0.32099309036715895
deviation_score,176,0,88,0.5024234217408688,0.0,0.32099309036715895
deviation_score,177,0,89,0.5318406603515797,0.0,0.11522828884974937
deviation_score,178,0,89,0.5318406603515797,0.0,0.11522828884974937
deviation_score,179,0,90,0.4988996040691317,0.0,0.3291898116786343
deviation_score,180,0,90,0.4988996040691317,0.0,0.3291898116786343
deviation_score,181,0,91,0.451477394972278,0.0,0.6453593170764887
deviation_score,182,0,91,0.451477394972278,0.0,0.6453593170764887
deviation_score,183,0,92,0.4998429825269491,0.0,0.34023739074244125
deviation_score,184,0,92,0.4998429825269491,0.0,0.34023739074244125
deviation_score,185,0,93,0.5422411300068131,0.0,0.07407407407407407
deviation_score,186,0,93,0.5422411300068131,0.0,0.07407407407407407
deviation_score,187,0,94,0.537613115557643,0.0,0.10310172431384552
deviation_score,188,0,94,0.537613115557643,0.0,0.10310172431384552
deviation_score,189,0,95,0.5666354045233751,0.1,0.03285434797274506
deviation_score,190,0,95,0.5666354045233751,0.1,0.03285434797274506
deviation_score,191,0,96,0.5029606239639278,0.0,0.2839506172839506
deviation_score,192,0,96,0.5029606239639278,0.0,0.2839506172839506
deviation_score,193,0,97,0.5364772046937679,0.0,0.11615013774104684
deviation_score,194,0,97,0.5364772046937679,0.0,0.11615013774104684
deviation_score,195,0,98,0.5372761468120567,0.0,0.07469008264462809
deviation_score,196,0,98,0.5372761468120567,0.0,0.07469008264462809
deviation_score,197,0,99,0.5005683297404335,0.0,0.3140495867768595
deviation_score,198,0,99,0.5005683297404335,0.0,0.3140495867768595
deviation_score,199,0,100,0.5106219406182746,0.0,0.24378415300546447
deviation_score,200,0,100,0.5106219406182746,0.0,0.24378415300546447
deviation_score,201,0,101,0.5531099397956973,0.0,0.037242798353909465
deviation_score,202,0,101,0.5531099397956973,0.0,0.037242798353909465
deviation_score,203,0,102,0.49849359812748933,0.0,0.2945936639118457
deviation_score,204,0,102,0.49849359812748933,0.0,0.2945936639118457
deviation_score,205,0,103,0.5701043060947217,0.3,0.016494915484814476
deviation_score,206,0,103,0.5701043060947217,0.3,0.016494915484814476
deviation_score,207,0,104,0.5374813192166457,0.0,0.08640428126270153
deviation_score,208,0,104,0.5374813192166457,0.0,0.08640428126270153
deviation_score,209,0,105,0.566268131472347,0.1,0.024896694214876034
deviation_score,210,0,105,0.566268131472347,0.1,0.024896694214876034
deviation_score,211,0,106,0.5261197718937088,0.0,0.15638124915323126
deviation_score,212,0,106,0.5261197718937088,0.0,0.15638124915323126
deviation_score,213,0,107,0.5453989032295111,0.0,0.06584362139917696
deviation_score,214,0,107,0.5453989032295111,0.0,0.06584362139917696
deviation_score,215,0,108,0.5107035471992117,0.0,0.2459016393442623
deviation_score,216,0,108,0.5107035471992117,0.0,0.2459016393442623
deviation_score,217,0,109,0.52257928616307,0.0,0.15464408393701323
deviation_score,218,0,109,0.52257928616307,0.0,0.15464408393701323
deviation_score,219,0,110,0.5559343849779885,0.0,0.04106793496593132
deviation_score,220,0,110,0.5559343849779885,0.0,0.04106793496593132
deviation_score,221,0,111,0.5217369565954277,0.0,0.21163911845730027
deviation_score,222,0,111,0.5217369565954277,0.0,0.21163911845730027
deviation_score,223,0,112,0.5610294141008765,0.3,0.02474237322722171
deviation_score,224,0,112,0.5610294141008765,0.3,0.02474237322722171
deviation_score,225,0,113,0.5201800453821506,0.0,0.15113168724279835
deviation_score,226,0,113,0.5201800453821506,0.0,0.15113168724279835
deviation_score,227,0,114,0.49391105187794915,0.0,0.34568486654924807
deviation_score,228,0,114,0.49391105187794915,0.0,0.34568486654924807
deviation_score,229,0,115,0.511094106943309,0.0,0.24486914600550966
deviation_score,230,0,115,0.511094106943309,0.0,0.24486914600550966
deviation_score,231,0,116,0.5291165028318492,0.0,0.14228139985715743
deviation_score,232,0,116,0.5291165028318492,0.0,0.14228139985715743
deviation_score,233,0,117,0.5617576786491646,0.0,0.032922368242785535
deviation_score,234,0,117,0.5617576786491646,0.0,0.032922368242785535
deviation_score,235,0,118,0.5381178801706553,0.0,0.0786522633744856
deviation_score,236,0,118,0.5381178801706553,0.0,0.0786522633744856
deviation_score,237,0,119,0.4925020966108889,0.0,0.38842975206611574
deviation_score,238,0,119,0.4925020966108889,0.0,0.38842975206611574
deviation_score,239,0,120,0.5341549609209082,0.0,0.11522828884974937
deviation_score,240,0,120,0.5341549609209082,0.0,0.11522828884974937
deviation_score,241,0,121,0.48733012072124104,0.0,0.4332456317884369
deviation_score,242,0,121,0.48733012072124104,0.0,0.4332456317884369
deviation_score,243,0,122,0.5080609525095954,0.0,0.28395061728395066
deviation_score,244,0,122,0.5080609525095954,0.0,0.28395061728395066
deviation_score,245,0,123,0.5118969109861836,0.0,0.23042270695027772
deviation_score,246,0,123,0.5118969109861836,0.0,0.23042270695027772
deviation_score,247,0,124,0.5048403065757034,0.0,0.3168608589622003
deviation_score,248,0,124,0.5048403065757034,0.0,0.3168608589622003
deviation_score,249,0,125,0.5212793048998289,0.0,0.15351239669421488
deviation_score,250,0,125,0.5212793048998289,0.0,0.15351239669421488
deviation_score,251,0,126,0.5213730313762442,0.0,0.175
deviation_score,252,0,126,0.5213730313762442,0.0,0.175
deviation_score,253,0,127,0.5328659156242856,0.0,0.10416666666666667
deviation_score,254,0,127,0.5328659156242856,0.0,0.10416666666666667
deviation_score,255,0,128,0.4795661267298043,0.0,0.4286008230452675
deviation_score,256,0,128,0.4795661267298043,0.0,0.4286008230452675
deviation_score,257,0,129,0.4885573476530329,0.0,0.37730843791449853
deviation_score,258,0,129,0.4885573476530329,0.0,0.37730843791449853
deviation_score,259,0,130,0.5076109744374991,0.0,0.24846522296431223
deviation_score,260,0,130,0.5076109744374991,0.0,0.24846522296431223
deviation_score,261,0,131,0.448703579472845,0.0,0.6543828749491939
deviation_score,262,0,131,0.448703579472845,0.0,0.6543828749491939
deviation_score,263,0,132,0.47804046244242276,0.0,0.4752066115702479
deviation_score,264,0,132,0.47804046244242276,0.0,0.4752066115702479
deviation_score,265,0,133,0.5458986229107112,0.0,0.08641975308641975
deviation_score,266,0,133,0.5458986229107112,0.0,0.08641975308641975
deviation_score,267,0,134,0.5389458099130151,0.0,0.07009488827670646
deviation_score,268,0,134,0.5389458099130151,0.0,0.07009488827670646
deviation_score,269,0,135,0.5508605455468454,0.0,0.04140946502057613
deviation_score,270,0,135,0.5508605455468454,0.0,0.04140946502057613
deviation_score,271,0,136,0.526335437122442,0.0,0.14228139985715743
deviation_score,272,0,136,0.526335437122442,0.0,0.14228139985715743
deviation_score,273,0,137,0.5199125476581227,0.0,0.2016325701124509
deviation_score,274,0,137,0.5199125476581227,0.0,0.2016325701124509
deviation_score,275,0,138,0.5156257844113348,0.0,0.18761690983913207
deviation_score,276,0,138,0.5156257844113348,0.0,0.18761690983913207
deviation_score,277,0,139,0.4842630354319636,0.0,0.38555589565690573
deviation_score,278,0,139,0.4842630354319636,0.0,0.38555589565690573
deviation_score,279,0,140,0.5239806299909245,0.0,0.1745598057073467
deviation_score,280,0,140,0.5239806299909245,0.0,0.1745598057073467
deviation_score,281,0,141,0.5173852830429402,0.0,0.1885245901639344
deviation_score,282,0,141,0.5173852830429402,0.0,0.1885245901639344
deviation_score,283,0,142,0.5654243112583052,0.1,0.024691776182089148
deviation_score,284,0,142,0.5654243112583052,0.1,0.024691776182089148
deviation_score,285,0,143,0.5200945039704348,0.0,0.2098292914239263
deviation_score,286,0,143,0.5200945039704348,0.0,0.2098292914239263
deviation_score,287,0,144,0.507256156876703,0.0,0.2241046831955923
deviation_score,288,0,144,0.507256156876703,0.0,0.2241046831955923
deviation_score,289,0,145,0.4970115499175095,0.0,0.3305785123966942
deviation_score,290,0,145,0.4970115499175095,0.0,0.3305785123966942
deviation_score,291,0,146,0.5172555927859085,0.0,0.23045657769949873
deviation_score,292,0,146,0.5172555927859085,0.0,0.23045657769949873
deviation_score,293,0,147,0.5489103380986199,0.0,0.049281521959117586
deviation_score,294,0,147,0.5489103380986199,0.0,0.049281521959117586
deviation_score,295,0,148,0.5246831398350125,0.0,0.16181129476584022
deviation_score,296,0,149,0.5390292974789604,0.0,0.0746556473829201
deviation_score,297,0,149,0.5390292974789604,0.0,0.0746556473829201
deviation_score,298,0,150,0.5139117537633391,0.0,0.18257575757575756
deviation_score,299,0,148,0.5246831398350125,0.0,0.16181129476584022
deviation_score,300,0,150,0.5139117537633391,0.0,0.18257575757575756
deviation_score,301,0,151,0.5211852489151643,0.0,0.21649151447131246
deviation_score,302,0,151,0.5211852489151643,0.0,0.21649151447131246
deviation_score,303,0,152,0.4975456525123949,0.0,0.3651515151515151
deviation_score,304,0,152,0.4975456525123949,0.0,0.3651515151515151
deviation_score,305,0,153,0.5210825440984346,0.0,0.14049586776859505
deviation_score,306,0,153,0.5210825440984346,0.0,0.14049586776859505
deviation_score,307,0,154,0.5816571612640649,0.2,0.016563786008230455
deviation_score,308,0,154,0.5816571612640649,0.2,0.016563786008230455
deviation_score,309,0,155,0.562281619726041,0.0,0.032922368242785535
deviation_score,310,0,156,0.5733219038649642,0.1,0.020628415300546446
deviation_score,311,0,156,0.5733219038649642,0.1,0.020628415300546446
deviation_score,312,0,155,0.562281619726041,0.0,0.032922368242785535
deviation_score,313,0,157,0.49588791336326626,0.0,0.33197292793252386
deviation_score,314,0,157,0.49588791336326626,0.0,0.33197292793252386
deviation_score,315,0,158,0.5298657498769137,0.0,0.13694903581267218
deviation_score,316,0,158,0.5298657498769137,0.0,0.13694903581267218
deviation_score,317,0,159,0.5061925969218167,0.0,0.2783729551406319
deviation_score,318,0,159,0.5061925969218167,0.0,0.2783729551406319
deviation_score,319,0,160,0.5464091636492876,0.0,0.06198347107438017
deviation_score,320,0,160,0.5464091636492876,0.0,0.06198347107438017
deviation_score,321,0,161,0.4702442094739915,0.0,0.5030864197530864
deviation_score,322,0,161,0.4702442094739915,0.0,0.5030864197530864
deviation_score,323,0,162,0.5162360715142337,0.0,0.219692369965594
deviation_score,324,0,162,0.5162360715142337,0.0,0.219692369965594
deviation_score,325,0,163,0.5602826465375268,0.1,0.028790136837826854
deviation_score,326,0,163,0.5602826465375268,0.1,0.028790136837826854
deviation_score,327,0,164,0.7136607734340473,0.9,0.008264462809917356
deviation_score,328,0,164,0.7136607734340473,0.9,0.008264462809917356
deviation_score,329,0,165,0.5020999717296303,0.0,0.26751117734724295
deviation_score,330,0,165,0.5020999717296303,0.0,0.26751117734724295
deviation_score,331,0,166,0.495036039363249,0.0,0.34845083834982826
deviation_score,332,0,166,0.495036039363249,0.0,0.34845083834982826
deviation_score,333,0,167,0.5210818367860783,0.0,0.22820247933884297
deviation_score,334,0,167,0.5210818367860783,0.0,0.22820247933884297
deviation_score,335,0,168,0.5343550821736438,0.0,0.11201790633608816
deviation_score,336,0,168,0.5343550821736438,0.0,0.11201790633608816
deviation_score,337,0,169,0.4738312889293348,0.0,0.5175152195354216
deviation_score,338,0,169,0.4738312889293348,0.0,0.5175152195354216
deviation_score,339,0,170,0.5174340823290438,0.0,0.23045657769949873
deviation_score,340,0,170,0.5174340823290438,0.0,0.23045657769949873
deviation_score,341,0,171,0.46858804755046507,0.0,0.5464068292351121
deviation_score,342,0,171,0.46858804755046507,0.0,0.5464068292351121
deviation_score,343,0,172,0.49921782929615066,0.0,0.27983539094650206
deviation_score,344,0,172,0.49921782929615066,0.0,0.27983539094650206
deviation_score,345,0,173,0.5096084625463225,0.0,0.24025163597112595
deviation_score,346,0,173,0.5096084625463225,0.0,0.24025163597112595
deviation_score,347,0,174,0.5196050193971151,0.0,0.21074380165289258
deviation_score,348,0,174,0.5196050193971151,0.0,0.21074380165289258
deviation_score,349,0,175,0.5381573551375114,0.0,0.0746556473829201
deviation_score,350,0,175,0.5381573551375114,0.0,0.0746556473829201
deviation_score,351,0,176,0.4971878681882197,0.0,0.3458333333333333
deviation_score,352,0,176,0.4971878681882197,0.0,0.3458333333333333
deviation_score,353,0,177,0.49745032896298574,0.0,0.3099173553719008
deviation_score,354,0,177,0.49745032896298574,0.0,0.3099173553719008
deviation_score,355,0,178,0.4823924278916447,0.0,0.40909090909090906
deviation_score,356,0,178,0.4823924278916447,0.0,0.40909090909090906
deviation_score,357,0,179,0.4703368328461847,0.0,0.5206967213114755
deviation_score,358,0,179,0.4703368328461847,0.0,0.5206967213114755
deviation_score,359,0,180,0.488095086984725,0.0,0.4078703703703703
deviation_score,360,0,180,0.488095086984725,0.0,0.4078703703703703
deviation_score,361,0,181,0.5225396214600888,0.0,0.18181818181818182
deviation_score,362,0,181,0.5225396214600888,0.0,0.18181818181818182
deviation_score,363,0,182,0.526517722262881,0.0,0.1676954732510288
deviation_score,364,0,182,0.526517722262881,0.0,0.1676954732510288
deviation_score,365,0,183,0.4803609634102024,0.0,0.4474203312587151
deviation_score,366,0,183,0.4803609634102024,0.0,0.4474203312587151
deviation_score,367,0,184,0.4809189000204365,0.0,0.4362213792169083
deviation_score,368,0,184,0.4809189000204365,0.0,0.4362213792169083
deviation_score,369,0,185,0.47895383101174593,0.0,0.4403292181069959
deviation_score,370,0,185,0.47895383101174593,0.0,0.4403292181069959
deviation_score,371,0,186,0.4822431871365319,0.0,0.45339506172839505
deviation_score,372,0,186,0.4822431871365319,0.0,0.45339506172839505
deviation_score,373,0,187,0.4609093341694003,0.0,0.6148662551440329
deviation_score,374,0,187,0.4609093341694003,0.0,0.6148662551440329
deviation_score,375,0,188,0.4549704920550875,0.0,0.6412440907390402
deviation_score,376,0,188,0.4549704920550875,0.0,0.6412440907390402
deviation_score,377,0,189,0.5005664988334019,0.0,0.2987258953168044
deviation_score,378,0,189,0.5005664988334019,0.0,0.2987258953168044
deviation_score,379,0,190,0.4522032893477517,0.0,0.6419861807343179
deviation_score,380,0,190,0.4522032893477517,0.0,0.6419861807343179
deviation_score,381,0,191,0.47310678572930953,0.0,0.49793388429752067
deviation_score,382,0,191,0.47310678572930953,0.0,0.49793388429752067
deviation_score,383,0,192,0.49945709261792065,0.0,0.29893208176036457
deviation_score,384,0,192,0.49945709261792065,0.0,0.29893208176036457
deviation_score,385,0,193,0.508013052988578,0.0,0.3154440023126892
deviation_score,386,0,193,0.508013052988578,0.0,0.3154440023126892
deviation_score,387,0,194,0.5153285988558077,0.0,0.2024793388429752
deviation_score,388,0,194,0.5153285988558077,0.0,0.2024793388429752
deviation_score,389,0,195,0.5259649791911285,0.0,0.12578648437234297
deviation_score,390,0,195,0.5259649791911285,0.0,0.12578648437234297
deviation_score,391,0,196,0.49782480755644143,0.0,0.35114349321999594
deviation_score,392,0,196,0.49782480755644143,0.0,0.35114349321999594
deviation_score,393,0,197,0.4685685277583834,0.0,0.5246584699453551
deviation_score,394,0,197,0.4685685277583834,0.0,0.5246584699453551
deviation_score,395,0,198,0.4881942631955484,0.0,0.4119855967078189
deviation_score,396,0,199,0.5049192966230835,0.0,0.279806259314456
deviation_score,397,0,199,0.5049192966230835,0.0,0.279806259314456
deviation_score,398,0,198,0.4881942631955484,0.0,0.4119855967078189
deviation_score,399,0,200,0.5249357858000236,0.0,0.12628600823045266
deviation_score,400,0,200,0.5249357858000236,0.0,0.12628600823045266
deviation_score,401,0,201,0.47461238236433945,0.0,0.49693908784817875
deviation_score,402,0,202,0.48521987403492295,0.0,0.36635802469135803
deviation_score,403,0,201,0.47461238236433945,0.0,0.49693908784817875
deviation_score,404,0,202,0.48521987403492295,0.0,0.36635802469135803
deviation_score,405,0,203,0.4829869737512472,0.0,0.4024793388429752
deviation_score,406,0,204,0.4390747851976228,0.0,0.7278508995680713
deviation_score,407,0,204,0.4390747851976228,0.0,0.7278508995680713
deviation_score,408,0,205,0.5189695247672657,0.0,0.1653688524590164
deviation_score,409,0,205,0.5189695247672657,0.0,0.1653688524590164
deviation_score,410,0,203,0.4829869737512472,0.0,0.4024793388429752
deviation_score,411,0,206,0.4747095719955964,0.0,0.46613371112460367
deviation_score,412,0,206,0.4747095719955964,0.0,0.46613371112460367
deviation_score,413,0,207,0.5159376836894836,0.0,0.19920798898071626
deviation_score,414,0,207,0.5159376836894836,0.0,0.19920798898071626
deviation_score,415,0,208,0.528189110959714,0.0,0.13694903581267218
deviation_score,416,0,209,0.507194761531993,0.0,0.27310598394387103
deviation_score,417,0,209,0.507194761531993,0.0,0.27310598394387103
deviation_score,418,0,208,0.528189110959714,0.0,0.13694903581267218
deviation_score,419,0,210,0.5099156210527438,0.0,0.2963013141850698
deviation_score,420,0,210,0.5099156210527438,0.0,0.2963013141850698
deviation_score,421,0,211,0.5428929012726876,0.0,0.08247457742407238
deviation_score,422,0,212,0.4631626628966246,0.0,0.5876441179471483
deviation_score,423,0,212,0.4631626628966246,0.0,0.5876441179471483
deviation_score,424,0,211,0.5428929012726876,0.0,0.08247457742407238
deviation_score,425,0,213,0.4678780703191264,0.0,0.5432190760059612
deviation_score,426,0,213,0.4678780703191264,0.0,0.5432190760059612
deviation_score,427,0,214,0.469266446820793,0.0,0.5482695810564664
deviation_score,428,0,215,0.47013242791687676,0.0,0.5021005509641874
deviation_score,429,0,215,0.47013242791687676,0.0,0.5021005509641874
deviation_score,430,0,214,0.469266446820793,0.0,0.5482695810564664
deviation_score,431,0,216,0.47730355073207953,0.0,0.4647382920110193
deviation_score,432,0,216,0.47730355073207953,0.0,0.4647382920110193
deviation_score,433,0,217,0.4518381003713694,0.0,0.6707763175721446
deviation_score,434,0,217,0.4518381003713694,0.0,0.6707763175721446
deviation_score,435,0,218,0.4608788219773781,0.0,0.5761075734995258
deviation_score,436,0,218,0.4608788219773781,0.0,0.5761075734995258
deviation_score,437,0,219,0.5109908483515746,0.0,0.20412883039145666
deviation_score,438,0,219,0.5109908483515746,0.0,0.20412883039145666
deviation_score,439,0,220,0.4648881989558139,0.0,0.5720164609053497
deviation_score,440,0,220,0.4648881989558139,0.0,0.5720164609053497
deviation_score,441,0,221,0.485314996189242,0.0,0.38398097551103016
deviation_score,442,0,221,0.485314996189242,0.0,0.38398097551103016
deviation_score,443,0,222,0.4360848393458553,0.0,0.8309356188144067
deviation_score,444,0,222,0.4360848393458553,0.0,0.8309356188144067
deviation_score,445,0,223,0.5367010729523262,0.0,0.09125344352617079
deviation_score,446,0,223,0.5367010729523262,0.0,0.09125344352617079
deviation_score,447,0,224,0.491608821956682,0.0,0.38263785394932937
deviation_score,448,0,224,0.491608821956682,0.0,0.38263785394932937
deviation_score,449,0,225,0.4904630122180377,0.0,0.41735537190082644
deviation_score,450,0,225,0.4904630122180377,0.0,0.41735537190082644
deviation_score,451,0,226,0.481248523429478,0.0,0.43209876543209874
deviation_score,452,0,226,0.481248523429478,0.0,0.43209876543209874
deviation_score,453,0,227,0.47064043747219503,0.0,0.547317436661699
deviation_score,454,0,227,0.47064043747219503,0.0,0.547317436661699
deviation_score,455,0,228,0.4909413488012646,0.0,0.39414600550964185
deviation_score,456,0,228,0.4909413488012646,0.0,0.39414600550964185
deviation_score,457,0,229,0.4368503817357484,0.0,0.7768595041322315
deviation_score,458,0,229,0.4368503817357484,0.0,0.7768595041322315
deviation_score,459,0,230,0.47309485881582186,0.0,0.4948045267489712
deviation_score,460,0,230,0.47309485881582186,0.0,0.4948045267489712
deviation_score,461,0,231,0.5131343036120234,0.0,0.20576480151740956
deviation_score,462,0,231,0.5131343036120234,0.0,0.20576480151740956
deviation_score,463,0,232,0.4790218185571448,0.0,0.45792012413141736
deviation_score,464,0,232,0.4790218185571448,0.0,0.45792012413141736
deviation_score,465,0,233,0.5172124895699117,0.0,0.15771349862258954
deviation_score,466,0,234,0.5046162916678126,0.0,0.3041666666666667
deviation_score,467,0,233,0.5172124895699117,0.0,0.15771349862258954
deviation_score,468,0,234,0.5046162916678126,0.0,0.3041666666666667
deviation_score,469,0,235,0.4835616073591664,0.0,0.42148760330578516
deviation_score,470,0,235,0.4835616073591664,0.0,0.42148760330578516
deviation_score,471,0,236,0.45109859341966174,0.0,0.6818306010928962
deviation_score,472,0,236,0.45109859341966174,0.0,0.6818306010928962
deviation_score,473,0,237,0.48345368635672975,0.0,0.4226779580314934
deviation_score,474,0,237,0.48345368635672975,0.0,0.4226779580314934
deviation_score,475,0,238,0.46260410082402936,0.0,0.5726239669421487
deviation_score,476,0,238,0.46260410082402936,0.0,0.5726239669421487
deviation_score,477,0,239,0.4960050014890761,0.0,0.31810109289617483
deviation_score,478,0,239,0.4960050014890761,0.0,0.31810109289617483
deviation_score,479,0,240,0.4819692989138131,0.0,0.4256198347107438
deviation_score,480,0,240,0.4819692989138131,0.0,0.4256198347107438
deviation_score,481,0,241,0.48311757656018955,0.0,0.38140665918443695
deviation_score,482,0,241,0.48311757656018955,0.0,0.38140665918443695
deviation_score,483,0,242,0.5476194588260657,0.0,0.07422711968166514
deviation_score,484,0,242,0.5476194588260657,0.0,0.07422711968166514
deviation_score,485,0,243,0.45193868237525486,0.0,0.6348484848484848
deviation_score,486,0,243,0.45193868237525486,0.0,0.6348484848484848
deviation_score,487,0,244,0.48023646610029963,0.0,0.4732421081154315
deviation_score,488,0,244,0.48023646610029963,0.0,0.4732421081154315
deviation_score,489,0,245,0.4647234120254521,0.0,0.5901639344262295
deviation_score,490,0,245,0.4647234120254521,0.0,0.5901639344262295
deviation_score,491,0,246,0.46924340962130906,0.0,0.5289256198347108
deviation_score,492,0,246,0.46924340962130906,0.0,0.5289256198347108
deviation_score,493,0,247,0.5253165343584965,0.0,0.12345888091044574
deviation_score,494,0,247,0.5253165343584965,0.0,0.12345888091044574
deviation_score,495,0,248,0.4626073555222776,0.0,0.610655737704918
deviation_score,496,0,248,0.4626073555222776,0.0,0.610655737704918
deviation_score,497,0,249,0.45699447399501325,0.0,0.6420200514835388
deviation_score,498,0,249,0.45699447399501325,0.0,0.6420200514835388
deviation_score,499,0,250,0.4404355317272358,0.0,0.7851092896174863
deviation_score,500,0,250,0.4404355317272358,0.0,0.7851092896174863
deviation_score,501,0,251,0.4925087037156256,0.0,0.3525830697547869
deviation_score,502,0,251,0.4925087037156256,0.0,0.3525830697547869
deviation_score,503,0,252,0.48212182650261004,0.0,0.45454545454545453
deviation_score,504,0,252,0.48212182650261004,0.0,0.45454545454545453
deviation_score,505,0,253,0.4465410193004812,0.0,0.7012396694214875
deviation_score,506,0,253,0.4465410193004812,0.0,0.7012396694214875
deviation_score,507,0,254,0.47133800240065904,0.0,0.5308641975308642
deviation_score,508,0,254,0.47133800240065904,0.0,0.5308641975308642
deviation_score,509,0,255,0.4486657378483299,0.0,0.6942148760330579
deviation_score,510,0,255,0.4486657378483299,0.0,0.6942148760330579
deviation_score,511,0,256,0.4834713822296498,0.0,0.4168353234837752
deviation_score,512,0,256,0.4834713822296498,0.0,0.4168353234837752
deviation_score,513,0,257,0.4415679385141324,0.0,0.7427341597796143
deviation_score,514,0,257,0.4415679385141324,0.0,0.7427341597796143
deviation_score,515,0,258,0.43752658689537965,0.0,0.8114754098360656
deviation_score,516,0,258,0.43752658689537965,0.0,0.8114754098360656
deviation_score,517,0,259,0.4518471236511724,0.0,0.654315133450752
deviation_score,518,0,259,0.4518471236511724,0.0,0.654315133450752
deviation_score,519,0,260,0.46696953828223303,0.0,0.5527777777777778
deviation_score,520,0,260,0.46696953828223303,0.0,0.5527777777777778
deviation_score,521,0,261,0.4953693235615959,0.0,0.36475409836065575
deviation_score,522,0,261,0.4953693235615959,0.0,0.36475409836065575
deviation_score,523,0,262,0.45048749447735137,0.0,0.663259798961074
deviation_score,524,0,262,0.45048749447735137,0.0,0.663259798961074
deviation_score,525,0,263,0.4329000550506409,0.0,0.8316467651622479
deviation_score,526,0,263,0.4329000550506409,0.0,0.8316467651622479
deviation_score,527,0,264,0.4599449806297101,0.0,0.6494915484814474
deviation_score,528,0,264,0.4599449806297101,0.0,0.6494915484814474
deviation_score,529,0,265,0.4455817078164667,0.0,0.7437841530054645
deviation_score,530,0,265,0.4455817078164667,0.0,0.7437841530054645
deviation_score,531,0,266,0.4582730473007513,0.0,0.6198087431693989
deviation_score,532,0,266,0.4582730473007513,0.0,0.6198087431693989
deviation_score,533,0,267,0.446814638118875,0.0,0.7030915212733395
deviation_score,534,0,267,0.446814638118875,0.0,0.7030915212733395
deviation_score,535,0,268,0.4512186054272167,0.0,0.6958333333333333
deviation_score,536,0,268,0.4512186054272167,0.0,0.6958333333333333
deviation_score,537,0,269,0.44003097043774214,0.0,0.773203414617556
deviation_score,538,0,269,0.44003097043774214,0.0,0.773203414617556
deviation_score,539,0,270,0.39820023727212,0.0,0.9589320650340687
deviation_score,540,0,270,0.39820023727212,0.0,0.9589320650340687
deviation_score,541,0,271,0.42764348921314266,0.0,0.8426440329218108
deviation_score,542,0,271,0.42764348921314266,0.0,0.8426440329218108
deviation_score,543,0,272,0.43043605006421276,0.0,0.8264462809917356
deviation_score,544,0,272,0.43043605006421276,0.0,0.8264462809917356
deviation_score,545,0,273,0.47040150355189236,0.0,0.5605646630236794
deviation_score,546,0,273,0.47040150355189236,0.0,0.5605646630236794
deviation_score,547,0,274,0.47988094775271184,0.0,0.4793388429752066
deviation_score,548,0,274,0.47988094775271184,0.0,0.4793388429752066
deviation_score,549,0,275,0.40509007524419316,0.0,0.9421487603305785
deviation_score,550,0,275,0.40509007524419316,0.0,0.9421487603305785
deviation_score,551,0,276,0.44401268217858814,0.0,0.7438524590163935
deviation_score,552,0,276,0.44401268217858814,0.0,0.7438524590163935
deviation_score,553,0,277,0.4444635677587816,0.0,0.7178374655647384
deviation_score,554,0,277,0.4444635677587816,0.0,0.7178374655647384
deviation_score,555,0,278,0.4638995266340772,0.0,0.5743852459016393
deviation_score,556,0,278,0.4638995266340772,0.0,0.5743852459016393
deviation_score,557,0,279,0.44826551650192126,0.0,0.6742339217086692
deviation_score,558,0,279,0.44826551650192126,0.0,0.6742339217086692
deviation_score,559,0,280,0.47298417339288984,0.0,0.4990740740740741
deviation_score,560,0,280,0.47298417339288984,0.0,0.4990740740740741
deviation_score,561,0,281,0.4692082979899423,0.0,0.5651748971193415
deviation_score,562,0,281,0.4692082979899423,0.0,0.5651748971193415
deviation_score,563,0,282,0.4671807448092172,0.0,0.5518595041322314
deviation_score,564,0,282,0.4671807448092172,0.0,0.5518595041322314
deviation_score,565,0,283,0.4043334457268248,0.0,0.9299051117232935
deviation_score,566,0,283,0.4043334457268248,0.0,0.9299051117232935
deviation_score,567,0,284,0.4364835290735833,0.0,0.8016393442622951
deviation_score,568,0,284,0.4364835290735833,0.0,0.8016393442622951
deviation_score,569,0,285,0.4442194444479394,0.0,0.720227611434765
deviation_score,570,0,285,0.4442194444479394,0.0,0.720227611434765
deviation_score,571,0,286,0.4045684590436346,0.0,0.9257898853858451
deviation_score,572,0,286,0.4045684590436346,0.0,0.9257898853858451
deviation_score,573,0,287,0.4639392680856841,0.0,0.5545862667074788
deviation_score,574,0,287,0.4639392680856841,0.0,0.5545862667074788
deviation_score,575,0,288,0.4201315399784038,0.0,0.8680406761214843
deviation_score,576,0,288,0.4201315399784038,0.0,0.8680406761214843
deviation_score,577,0,289,0.39543135679385666,0.0,0.9629454003522557
deviation_score,578,0,289,0.39543135679385666,0.0,0.9629454003522557
deviation_score,579,0,290,0.46127517577637295,0.0,0.6090299417423113
deviation_score,580,0,290,0.46127517577637295,0.0,0.6090299417423113
deviation_score,581,0,291,0.4360874445437738,0.0,0.8032786885245902
deviation_score,582,0,291,0.4360874445437738,0.0,0.8032786885245902
deviation_score,583,0,292,0.5000786610016787,0.0,0.34974935645576477
deviation_score,584,0,292,0.5000786610016787,0.0,0.34974935645576477
deviation_score,585,0,293,0.4948916623151553,0.0,0.3580476900149031
deviation_score,586,0,293,0.4948916623151553,0.0,0.3580476900149031
deviation_score,587,0,294,0.4196925003942657,0.0,0.8755165289256198
deviation_score,588,0,294,0.4196925003942657,0.0,0.8755165289256198
deviation_score,589,0,295,0.4608260572593445,0.0,0.6082542597694113
deviation_score,590,0,295,0.4608260572593445,0.0,0.6082542597694113
deviation_score,591,0,296,0.4479769286878243,0.0,0.7066256830601093
deviation_score,592,0,296,0.4479769286878243,0.0,0.7066256830601093
deviation_score,593,0,297,0.39102710650399564,0.0,0.9752576267727783
deviation_score,594,0,297,0.39102710650399564,0.0,0.9752576267727783
deviation_score,595,0,298,0.432553603058654,0.0,0.8
deviation_score,596,0,298,0.432553603058654,0.0,0.8
deviation_score,597,0,299,0.4880849664100733,0.0,0.4444858420268256
deviation_score,598,0,299,0.4880849664100733,0.0,0.4444858420268256
deviation_score,599,0,300,0.44201079471502214,0.0,0.7407532854626744
deviation_score,600,0,300,0.44201079471502214,0.0,0.7407532854626744
deviation_score,601,0,301,0.46014799043667853,0.0,0.608220249634391
deviation_score,602,0,301,0.46014799043667853,0.0,0.608220249634391
deviation_score,603,0,302,0.42391692247244783,0.0,0.8512978142076503
deviation_score,604,0,302,0.42391692247244783,0.0,0.8512978142076503
deviation_score,605,0,303,0.4323591734978466,0.0,0.8065980219482455
deviation_score,606,0,303,0.4323591734978466,0.0,0.8065980219482455
deviation_score,607,0,304,0.4353477732273972,0.0,0.8016528925619835
deviation_score,608,0,304,0.4353477732273972,0.0,0.8016528925619835
deviation_score,609,0,305,0.4349654878062494,0.0,0.8016528925619835
deviation_score,610,0,305,0.4349654878062494,0.0,0.8016528925619835
deviation_score,611,0,306,0.4393402634241572,0.0,0.7402135836479271
deviation_score,612,0,306,0.4393402634241572,0.0,0.7402135836479271
deviation_score,613,0,307,0.4735237601174848,0.0,0.5082644628099173
deviation_score,614,0,307,0.4735237601174848,0.0,0.5082644628099173
deviation_score,615,0,308,0.44667747719262485,0.0,0.6783491480461177
deviation_score,616,0,308,0.44667747719262485,0.0,0.6783491480461177
deviation_score,617,0,309,0.4114616944824151,0.0,0.9008264462809917
deviation_score,618,0,309,0.4114616944824151,0.0,0.9008264462809917
deviation_score,619,0,310,0.4564032793831223,0.0,0.6270491803278688
deviation_score,620,0,310,0.4564032793831223,0.0,0.6270491803278688
deviation_score,621,0,311,0.4420391580994771,0.0,0.720159869936323
deviation_score,622,0,311,0.4420391580994771,0.0,0.720159869936323
deviation_score,623,0,312,0.4563676230593674,0.0,0.6099173553719008
deviation_score,624,0,312,0.4563676230593674,0.0,0.6099173553719008
deviation_score,625,0,313,0.459183443977213,0.0,0.6016873278236914
deviation_score,626,0,313,0.459183443977213,0.0,0.6016873278236914
deviation_score,627,0,314,0.4801493634493831,0.0,0.45980002040608103
deviation_score,628,0,314,0.4801493634493831,0.0,0.45980002040608103
deviation_score,629,0,315,0.4373920179141416,0.0,0.768595041322314
deviation_score,630,0,315,0.4373920179141416,0.0,0.768595041322314
deviation_score,631,0,316,0.4438075975483035,0.0,0.707206747610788
deviation_score,632,0,316,0.4438075975483035,0.0,0.707206747610788
deviation_score,633,0,317,0.47037453494479625,0.0,0.5352617079889808
deviation_score,634,0,317,0.47037453494479625,0.0,0.5352617079889808
deviation_score,635,0,318,0.44965968918075766,0.0,0.6983606557377049
deviation_score,636,0,318,0.44965968918075766,0.0,0.6983606557377049
deviation_score,637,0,319,0.4010131901679964,0.0,0.9544753086419753
deviation_score,638,0,319,0.4010131901679964,0.0,0.9544753086419753
deviation_score,639,0,320,0.393413421609773,0.0,0.9709710743801653
deviation_score,640,0,320,0.393413421609773,0.0,0.9709710743801653
deviation_score,641,0,321,0.43304469561020625,0.0,0.8070060041826891
deviation_score,642,0,321,0.43304469561020625,0.0,0.8070060041826891
deviation_score,643,0,322,0.43257106804099016,0.0,0.8140710382513661
deviation_score,644,0,322,0.43257106804099016,0.0,0.8140710382513661
deviation_score,645,0,323,0.4289939864193596,0.0,0.8471074380165289
deviation_score,646,0,323,0.4289939864193596,0.0,0.8471074380165289
deviation_score,647,0,324,0.48459531366099134,0.0,0.4421487603305785
deviation_score,648,0,324,0.48459531366099134,0.0,0.4421487603305785
deviation_score,649,0,325,0.47960984026026166,0.0,0.46087928464977646
deviation_score,650,0,325,0.47960984026026166,0.0,0.46087928464977646
deviation_score,651,0,326,0.43423516884025926,0.0,0.7942351984825904
deviation_score,652,0,326,0.43423516884025926,0.0,0.7942351984825904
deviation_score,653,0,327,0.42185184066793047,0.0,0.8845185865387886
deviation_score,654,0,327,0.42185184066793047,0.0,0.8845185865387886
deviation_score,655,0,328,0.45975497257210696,0.0,0.6090534979423868
deviation_score,656,0,328,0.45975497257210696,0.0,0.6090534979423868
deviation_score,657,0,329,0.4054324550183212,0.0,0.9256198347107438
deviation_score,658,0,329,0.4054324550183212,0.0,0.9256198347107438
deviation_score,659,0,330,0.3988673766951874,0.0,0.9381525694657007
deviation_score,660,0,330,0.3988673766951874,0.0,0.9381525694657007
deviation_score,661,0,331,0.40741523966316145,0.0,0.9135957187372985
deviation_score,662,0,331,0.40741523966316145,0.0,0.9135957187372985
deviation_score,663,0,332,0.44472019163873744,0.0,0.7353142076502732
deviation_score,664,0,332,0.44472019163873744,0.0,0.7353142076502732
deviation_score,665,0,333,0.4282974408900803,0.0,0.8512396694214877
deviation_score,666,0,333,0.4282974408900803,0.0,0.8512396694214877
deviation_score,667,0,334,0.4013224553111744,0.0,0.9543732782369146
deviation_score,668,0,334,0.4013224553111744,0.0,0.9543732782369146
deviation_score,669,0,335,0.4925912734282717,0.0,0.37319321157705
deviation_score,670,0,335,0.4925912734282717,0.0,0.37319321157705
deviation_score,671,0,336,0.4475356225901552,0.0,0.6941939890710382
deviation_score,672,0,336,0.4475356225901552,0.0,0.6941939890710382
deviation_score,673,0,337,0.3937003611797848,0.0,0.9711065573770492
deviation_score,674,0,337,0.3937003611797848,0.0,0.9711065573770492
deviation_score,675,0,338,0.4263919470527198,0.0,0.871900826446281
deviation_score,676,0,338,0.4263919470527198,0.0,0.871900826446281
deviation_score,677,0,339,0.4129381171828834,0.0,0.8962809917355372
deviation_score,678,0,339,0.4129381171828834,0.0,0.8962809917355372
deviation_score,679,0,340,0.4837702452879114,0.0,0.41572957593821974
deviation_score,680,0,340,0.4837702452879114,0.0,0.41572957593821974
deviation_score,681,0,341,0.4403581977171207,0.0,0.7791666666666667
deviation_score,682,0,341,0.4403581977171207,0.0,0.7791666666666667
deviation_score,683,0,342,0.49453554594915194,0.0,0.32099309036715895
deviation_score,684,0,342,0.49453554594915194,0.0,0.32099309036715895
deviation_score,685,0,343,0.47586500608106,0.0,0.4646349862258953
deviation_score,686,0,343,0.47586500608106,0.0,0.4646349862258953
deviation_score,687,0,344,0.45676012981032876,0.0,0.6082372547019012
deviation_score,688,0,344,0.45676012981032876,0.0,0.6082372547019012
deviation_score,689,0,345,0.4538883287977293,0.0,0.6247491752542258
deviation_score,690,0,345,0.4538883287977293,0.0,0.6247491752542258
deviation_score,691,0,346,0.4340169182041409,0.0,0.8020610141822263
deviation_score,692,0,346,0.4340169182041409,0.0,0.8020610141822263
deviation_score,693,0,347,0.42207186779973827,0.0,0.860655737704918
deviation_score,694,0,347,0.42207186779973827,0.0,0.860655737704918
deviation_score,695,0,348,0.4668765223850353,0.0,0.552932098765432
deviation_score,696,0,348,0.4668765223850353,0.0,0.552932098765432
deviation_score,697,0,349,0.4036421559461867,0.0,0.9294421487603306
deviation_score,698,0,349,0.4036421559461867,0.0,0.9294421487603306
deviation_score,699,0,350,0.40816249620998135,0.0,0.9257728803183349
deviation_score,700,0,350,0.40816249620998135,0.0,0.9257728803183349
deviation_score,701,0,351,0.46508200806990113,0.0,0.5526748971193416
deviation_score,702,0,351,0.46508200806990113,0.0,0.5526748971193416
deviation_score,703,0,352,0.4281418463660933,0.0,0.8257231404958678
deviation_score,704,0,352,0.4281418463660933,0.0,0.8257231404958678
deviation_score,705,0,353,0.42527410056763487,0.0,0.8547520661157024
deviation_score,706,0,353,0.42527410056763487,0.0,0.8547520661157024
deviation_score,707,0,354,0.4353996584822708,0.0,0.8181818181818182
deviation_score,708,0,354,0.4353996584822708,0.0,0.8181818181818182
deviation_score,709,0,355,0.40844517644756984,0.0,0.9256198347107438
deviation_score,710,0,355,0.40844517644756984,0.0,0.9256198347107438
deviation_score,711,0,356,0.5210590801928958,0.0,0.16634621871416044
deviation_score,712,0,356,0.5210590801928958,0.0,0.16634621871416044
deviation_score,713,0,357,0.4467561866120227,0.0,0.6833333333333333
deviation_score,714,0,357,0.4467561866120227,0.0,0.6833333333333333
deviation_score,715,0,358,0.41570112858700875,0.0,0.893036173960168
deviation_score,716,0,358,0.41570112858700875,0.0,0.893036173960168
deviation_score,717,0,359,0.4624941109700419,0.0,0.5776234567901235
deviation_score,718,0,359,0.4624941109700419,0.0,0.5776234567901235
deviation_score,719,0,360,0.48130095341788504,0.0,0.44855033193334237
deviation_score,720,0,360,0.48130095341788504,0.0,0.44855033193334237
deviation_score,721,0,361,0.5133039205458981,0.0,0.20747245179063362
deviation_score,722,0,362,0.5011656643828171,0.0,0.2786885245901639
deviation_score,723,0,362,0.5011656643828171,0.0,0.2786885245901639
deviation_score,724,0,361,0.5133039205458981,0.0,0.20747245179063362
deviation_score,725,0,363,0.5050865760810335,0.0,0.2945592286501377
deviation_score,726,0,363,0.5050865760810335,0.0,0.2945592286501377
deviation_score,727,0,364,0.5250492757403953,0.0,0.1487603305785124
deviation_score,728,0,364,0.5250492757403953,0.0,0.1487603305785124
deviation_score,729,0,365,0.4836144655543836,0.0,0.4156618344397778
deviation_score,730,0,365,0.4836144655543836,0.0,0.4156618344397778
deviation_score,731,0,366,0.4553367068853314,0.0,0.679006909632841
deviation_score,732,0,366,0.4553367068853314,0.0,0.679006909632841
deviation_score,733,0,367,0.4828609273628707,0.0,0.4380165289256198
deviation_score,734,0,368,0.45556138601953816,0.0,0.6356481481481482
deviation_score,735,0,368,0.45556138601953816,0.0,0.6356481481481482
deviation_score,736,0,367,0.4828609273628707,0.0,0.4380165289256198
deviation_score,737,0,369,0.4072585012249153,0.0,0.9
deviation_score,738,0,369,0.4072585012249153,0.0,0.9
deviation_score,739,0,370,0.4106893123196165,0.0,0.9047839506172839
deviation_score,740,0,371,0.45921229514492057,0.0,0.5833333333333334
deviation_score,741,0,371,0.45921229514492057,0.0,0.5833333333333334
deviation_score,742,0,370,0.4106893123196165,0.0,0.9047839506172839
deviation_score,743,0,372,0.4661114464478261,0.0,0.564679889361128
deviation_score,744,0,372,0.4661114464478261,0.0,0.564679889361128
deviation_score,745,0,373,0.4734720014486011,0.0,0.5030864197530864
deviation_score,746,0,373,0.4734720014486011,0.0,0.5030864197530864
deviation_score,747,0,374,0.4570123751796239,0.0,0.6099517906336087
deviation_score,748,0,375,0.4599098121189179,0.0,0.6141184573002755
deviation_score,749,0,375,0.4599098121189179,0.0,0.6141184573002755
deviation_score,750,0,374,0.4570123751796239,0.0,0.6099517906336087
deviation_score,751,0,376,0.482640919412247,0.0,0.4203189300411523
deviation_score,752,0,376,0.482640919412247,0.0,0.4203189300411523
deviation_score,753,0,377,0.47173197071382084,0.0,0.5143950684189134
deviation_score,754,0,377,0.47173197071382084,0.0,0.5143950684189134
deviation_score,755,0,378,0.4448394392843065,0.0,0.7261363636363636
deviation_score,756,0,378,0.4448394392843065,0.0,0.7261363636363636
deviation_score,757,0,379,0.437734681991975,0.0,0.7860046064218941
deviation_score,758,0,380,0.5190033676665581,0.0,0.20901639344262296
deviation_score,759,0,379,0.437734681991975,0.0,0.7860046064218941
deviation_score,760,0,380,0.5190033676665581,0.0,0.20901639344262296
deviation_score,761,0,381,0.4588194290987745,0.0,0.5850895316804408
deviation_score,762,0,381,0.4588194290987745,0.0,0.5850895316804408
deviation_score,763,0,382,0.41885207570844496,0.0,0.8852459016393442
deviation_score,764,0,382,0.41885207570844496,0.0,0.8852459016393442
deviation_score,765,0,383,0.4720852396969786,0.0,0.4896694214876033
deviation_score,766,0,384,0.3917284320985452,0.0,0.9834022038567494
deviation_score,767,0,384,0.3917284320985452,0.0,0.9834022038567494
deviation_score,768,0,383,0.4720852396969786,0.0,0.4896694214876033
deviation_score,769,0,385,0.4681975694010937,0.0,0.5381423664251948
deviation_score,770,0,385,0.4681975694010937,0.0,0.5381423664251948
deviation_score,771,0,386,0.4414610930245499,0.0,0.7407194147134535
deviation_score,772,0,386,0.4414610930245499,0.0,0.7407194147134535
deviation_score,773,0,387,0.4509623670458864,0.0,0.6584362139917695
deviation_score,774,0,388,0.4399340649138191,0.0,0.7484610413903343
deviation_score,775,0,388,0.4399340649138191,0.0,0.7484610413903343
deviation_score,776,0,389,0.4567969643892618,0.0,0.6265495867768596
deviation_score,777,0,387,0.4509623670458864,0.0,0.6584362139917695
deviation_score,778,0,389,0.4567969643892618,0.0,0.6265495867768596
deviation_score,779,0,390,0.4514059070796638,0.0,0.6851337448559671
deviation_score,780,0,390,0.4514059070796638,0.0,0.6851337448559671
deviation_score,781,0,391,0.37761812677397344,0.0,0.9835390946502057
deviation_score,782,0,392,0.4469286659991398,0.0,0.6865796007210149
deviation_score,783,0,391,0.37761812677397344,0.0,0.9835390946502057
deviation_score,784,0,392,0.4469286659991398,0.0,0.6865796007210149
deviation_score,785,0,393,0.40443113197185604,0.0,0.9375
deviation_score,786,0,393,0.40443113197185604,0.0,0.9375
deviation_score,787,0,394,0.43854020774205493,0.0,0.771763085399449
deviation_score,788,0,394,0.43854020774205493,0.0,0.771763085399449
deviation_score,789,0,395,0.4274065886782137,0.0,0.8518832136566861
deviation_score,790,0,395,0.4274065886782137,0.0,0.8518832136566861
deviation_score,791,0,396,0.45260776253646,0.0,0.640495867768595
deviation_score,792,0,396,0.45260776253646,0.0,0.640495867768595
deviation_score,793,0,397,0.40162633238315165,0.0,0.9380165289256198
deviation_score,794,0,397,0.40162633238315165,0.0,0.9380165289256198
deviation_score,795,0,398,0.4125246876522639,0.0,0.8838154269972451
deviation_score,796,0,398,0.4125246876522639,0.0,0.8838154269972451
deviation_score,797,0,399,0.4213292979911876,0.0,0.8847717111502507
deviation_score,798,0,399,0.4213292979911876,0.0,0.8847717111502507
deviation_score,799,0,400,0.37571103986742665,0.0,0.9917355371900827
deviation_score,800,0,401,0.41677808628503,0.0,0.9014369560817648
deviation_score,801,0,400,0.37571103986742665,0.0,0.9917355371900827
deviation_score,802,0,401,0.41677808628503,0.0,0.9014369560817648
deviation_score,803,0,402,0.35826612623403475,0.0,0.9917525422575928
deviation_score,804,0,403,0.43839358407527423,0.0,0.7925275482093663
deviation_score,805,0,402,0.35826612623403475,0.0,0.9917525422575928
deviation_score,806,0,403,0.43839358407527423,0.0,0.7925275482093663
deviation_score,807,0,404,0.43089759402692457,0.0,0.8136831275720164
deviation_score,808,0,405,0.4175609457937142,0.0,0.8760330578512396
deviation_score,809,0,405,0.4175609457937142,0.0,0.8760330578512396
deviation_score,810,0,404,0.43089759402692457,0.0,0.8136831275720164
deviation_score,811,0,406,0.3893957883499505,0.0,0.9751033057851239
deviation_score,812,0,406,0.3893957883499505,0.0,0.9751033057851239
deviation_score,813,0,407,0.46904987809773047,0.0,0.5495218579234973
deviation_score,814,0,407,0.46904987809773047,0.0,0.5495218579234973
deviation_score,815,0,408,0.5238335772489157,0.0,0.1958643675815393
deviation_score,816,0,408,0.5238335772489157,0.0,0.1958643675815393
deviation_score,817,0,409,0.4898796442175423,0.0,0.4049586776859504
deviation_score,818,0,409,0.4898796442175423,0.0,0.4049586776859504
deviation_score,819,0,410,0.40582000693733733,0.0,0.9342913040545099
deviation_score,820,0,410,0.40582000693733733,0.0,0.9342913040545099
deviation_score,821,0,411,0.37470860072209905,0.0,0.9917011019283747
deviation_score,822,0,411,0.37470860072209905,0.0,0.9917011019283747
deviation_score,823,0,412,0.41592803823470736,0.0,0.8969152807536647
deviation_score,824,0,412,0.41592803823470736,0.0,0.8969152807536647
deviation_score,825,0,413,0.39553846511839713,0.0,0.9628415300546448
deviation_score,826,0,413,0.39553846511839713,0.0,0.9628415300546448
deviation_score,827,0,414,0.4674499913717412,0.0,0.5144972451790634
deviation_score,828,0,414,0.4674499913717412,0.0,0.5144972451790634
deviation_score,829,0,415,0.40736890537926645,0.0,0.9175254225759277
deviation_score,830,0,415,0.40736890537926645,0.0,0.9175254225759277
deviation_score,831,0,416,0.42788975661433887,0.0,0.8429752066115702
deviation_score,832,0,416,0.42788975661433887,0.0,0.8429752066115702
deviation_score,833,0,417,0.4393440360808881,0.0,0.743801652892562
deviation_score,834,0,417,0.4393440360808881,0.0,0.743801652892562
deviation_score,835,0,418,0.4083930991765487,0.0,0.9170110192837466
deviation_score,836,0,418,0.4083930991765487,0.0,0.9170110192837466
deviation_score,837,0,419,0.4340197155338631,0.0,0.8401639344262295
deviation_score,838,0,419,0.4340197155338631,0.0,0.8401639344262295
deviation_score,839,0,420,0.45264848268380753,0.0,0.6536067748188961
deviation_score,840,0,420,0.45264848268380753,0.0,0.6536067748188961
deviation_score,841,0,421,0.4437085208754441,0.0,0.7261707988980717
deviation_score,842,0,421,0.4437085208754441,0.0,0.7261707988980717
deviation_score,843,0,422,0.45991413244369406,0.0,0.6083333333333334
deviation_score,844,0,422,0.45991413244369406,0.0,0.6083333333333334
deviation_score,845,0,423,0.4370341997334453,0.0,0.8099043715846994
deviation_score,846,0,423,0.4370341997334453,0.0,0.8099043715846994
deviation_score,847,0,424,0.47187496110448307,0.0,0.5101950955155128
deviation_score,848,0,424,0.47187496110448307,0.0,0.5101950955155128
deviation_score,849,0,425,0.41282671683385586,0.0,0.9045798898071625
deviation_score,850,0,425,0.41282671683385586,0.0,0.9045798898071625
deviation_score,851,0,426,0.38766760589224764,0.0,0.9793388429752066
deviation_score,852,0,426,0.38766760589224764,0.0,0.9793388429752066
deviation_score,853,0,427,0.3732055039390113,0.0,0.9917355371900827
deviation_score,854,0,427,0.3732055039390113,0.0,0.9917355371900827
deviation_score,855,0,428,0.441525254327095,0.0,0.7272727272727273
deviation_score,856,0,428,0.441525254327095,0.0,0.7272727272727273
deviation_score,857,0,429,0.46118120254990025,0.0,0.6172839506172839
deviation_score,858,0,429,0.46118120254990025,0.0,0.6172839506172839
deviation_score,859,0,430,0.40417028087517115,0.0,0.9377754820936639
deviation_score,860,0,431,0.45645066582741867,0.0,0.6074380165289256
deviation_score,861,0,430,0.40417028087517115,0.0,0.9377754820936639
deviation_score,862,0,431,0.45645066582741867,0.0,0.6074380165289256
deviation_score,863,0,432,0.4781001806001025,0.0,0.4568147947432597
deviation_score,864,0,432,0.4781001806001025,0.0,0.4568147947432597
deviation_score,865,0,433,0.4980983523511358,0.0,0.30020576131687243
deviation_score,866,0,433,0.4980983523511358,0.0,0.30020576131687243
deviation_score,867,0,434,0.41546757540879853,0.0,0.8708333333333333
deviation_score,868,0,434,0.41546757540879853,0.0,0.8708333333333333
deviation_score,869,0,435,0.3802956110781894,0.0,0.9835388158786073
deviation_score,870,0,435,0.3802956110781894,0.0,0.9835388158786073
deviation_score,871,0,436,0.38169992101331296,0.0,0.9793715846994535
deviation_score,872,0,436,0.38169992101331296,0.0,0.9793715846994535
deviation_score,873,0,437,0.38001987081581057,0.0,0.9834710743801653
deviation_score,874,0,437,0.38001987081581057,0.0,0.9834710743801653
deviation_score,875,0,438,0.47035082278990464,0.0,0.5154152330837212
deviation_score,876,0,438,0.47035082278990464,0.0,0.5154152330837212
deviation_score,877,0,439,0.4683376437346804,0.0,0.5308562525403062
deviation_score,878,0,439,0.4683376437346804,0.0,0.5308562525403062
deviation_score,879,0,440,0.4381058620920581,0.0,0.7654450616447636
deviation_score,880,0,440,0.4381058620920581,0.0,0.7654450616447636
deviation_score,881,0,441,0.46155341382632076,0.0,0.5693415637860082
deviation_score,882,0,441,0.46155341382632076,0.0,0.5693415637860082
deviation_score,883,0,442,0.4510283536014462,0.0,0.6729423868312757
deviation_score,884,0,442,0.4510283536014462,0.0,0.6729423868312757
deviation_score,885,0,443,0.4695070746812937,0.0,0.5226256604796098
deviation_score,886,0,443,0.4695070746812937,0.0,0.5226256604796098
deviation_score,887,0,444,0.3877423676909234,0.0,0.9711934156378601
deviation_score,888,0,444,0.3877423676909234,0.0,0.9711934156378601
deviation_score,889,0,445,0.4107907022447246,0.0,0.8966942148760331
deviation_score,890,0,445,0.4107907022447246,0.0,0.8966942148760331
deviation_score,891,0,446,0.413635500324555,0.0,0.9090909090909091
deviation_score,892,0,446,0.413635500324555,0.0,0.9090909090909091
deviation_score,893,0,447,0.44716676530019395,0.0,0.6958333333333333
deviation_score,894,0,447,0.44716676530019395,0.0,0.6958333333333333
deviation_score,895,0,448,0.4574729742046942,0.0,0.6074453551912569
deviation_score,896,0,448,0.4574729742046942,0.0,0.6074453551912569
deviation_score,897,0,449,0.4697539988284626,0.0,0.5267240211353476
deviation_score,898,0,449,0.4697539988284626,0.0,0.5267240211353476
deviation_score,899,0,450,0.4799340106905555,0.0,0.4886746250382614
deviation_score,900,0,450,0.4799340106905555,0.0,0.4886746250382614
deviation_score,901,0,451,0.4613637502320005,0.0,0.5975206611570247
deviation_score,902,0,451,0.4613637502320005,0.0,0.5975206611570247
deviation_score,903,0,452,0.42535996747773214,0.0,0.8350678502193654
deviation_score,904,0,452,0.42535996747773214,0.0,0.8350678502193654
deviation_score,905,0,453,0.44740600006109155,0.0,0.6833333333333333
deviation_score,906,0,453,0.44740600006109155,0.0,0.6833333333333333
deviation_score,907,0,454,0.4768657904296735,0.0,0.5113000067462727
deviation_score,908,0,454,0.4768657904296735,0.0,0.5113000067462727
deviation_score,909,0,455,0.49822102104411004,0.0,0.3210269611163799
deviation_score,910,0,455,0.49822102104411004,0.0,0.3210269611163799
deviation_score,911,0,456,0.495694935097483,0.0,0.3169286004606422
deviation_score,912,0,456,0.495694935097483,0.0,0.3169286004606422
deviation_score,913,0,457,0.42721093192879583,0.0,0.8306010928961749
deviation_score,914,0,457,0.42721093192879583,0.0,0.8306010928961749
deviation_score,915,0,458,0.5051912382029284,0.0,0.29918032786885246
deviation_score,916,0,458,0.5051912382029284,0.0,0.29918032786885246
deviation_score,917,0,459,0.44651689751749785,0.0,0.7313524590163935
deviation_score,918,0,459,0.44651689751749785,0.0,0.7313524590163935
deviation_score,919,0,460,0.5052045362877104,0.0,0.260794036294947
deviation_score,920,0,460,0.5052045362877104,0.0,0.260794036294947
deviation_score,921,0,461,0.5074164490174735,0.0,0.2892561983471075
deviation_score,922,0,461,0.5074164490174735,0.0,0.2892561983471075
deviation_score,923,0,462,0.44292719542111814,0.0,0.7479338842975207
deviation_score,924,0,463,0.40283069526378223,0.0,0.9170110192837466
deviation_score,925,0,462,0.44292719542111814,0.0,0.7479338842975207
deviation_score,926,0,463,0.40283069526378223,0.0,0.9170110192837466
deviation_score,927,0,464,0.4172805690286542,0.0,0.8630853994490358
deviation_score,928,0,464,0.4172805690286542,0.0,0.8630853994490358
deviation_score,929,0,465,0.4424696963499829,0.0,0.7572144695840672
deviation_score,930,0,465,0.4424696963499829,0.0,0.7572144695840672
deviation_score,931,0,466,0.4495856713556597,0.0,0.6727880658436214
deviation_score,932,0,466,0.4495856713556597,0.0,0.6727880658436214
deviation_score,933,0,467,0.4247296832497812,0.0,0.8474305342992212
deviation_score,934,0,467,0.4247296832497812,0.0,0.8474305342992212
deviation_score,935,0,468,0.4590207936423509,0.0,0.6131621731472701
deviation_score,936,0,468,0.4590207936423509,0.0,0.6131621731472701
deviation_score,937,0,469,0.4062111154341693,0.0,0.9176940793930362
deviation_score,938,0,469,0.4062111154341693,0.0,0.9176940793930362
deviation_score,939,0,470,0.4645052598032082,0.0,0.5416666666666666
deviation_score,940,0,470,0.4645052598032082,0.0,0.5416666666666666
deviation_score,941,0,471,0.46995963841134614,0.0,0.5020661157024793
deviation_score,942,0,471,0.46995963841134614,0.0,0.5020661157024793
deviation_score,943,0,472,0.52091196730342,0.0,0.18674242424242427
deviation_score,944,0,472,0.52091196730342,0.0,0.18674242424242427
deviation_score,945,0,473,0.47521012532640866,0.0,0.4793715846994535
deviation_score,946,0,473,0.47521012532640866,0.0,0.4793715846994535
deviation_score,947,0,474,0.4464951217065202,0.0,0.7242582305920607
deviation_score,948,0,474,0.4464951217065202,0.0,0.7242582305920607
deviation_score,949,0,475,0.45110450860486717,0.0,0.6824813794510765
deviation_score,950,0,475,0.45110450860486717,0.0,0.6824813794510765
deviation_score,951,0,476,0.3973593957821734,0.0,0.9588470396965181
deviation_score,952,0,476,0.3973593957821734,0.0,0.9588470396965181
deviation_score,953,0,477,0.4141529626391942,0.0,0.8966942148760331
deviation_score,954,0,477,0.4141529626391942,0.0,0.8966942148760331
deviation_score,955,0,478,0.44010368783753445,0.0,0.7736756537054599
deviation_score,956,0,478,0.44010368783753445,0.0,0.7736756537054599
deviation_score,957,0,479,0.44412226600623106,0.0,0.7083923632193214
deviation_score,958,0,479,0.44412226600623106,0.0,0.7083923632193214
deviation_score,959,0,480,0.42082773275083596,0.0,0.8842975206611571
deviation_score,960,0,480,0.42082773275083596,0.0,0.8842975206611571
deviation_score,961,0,481,0.40200580612447717,0.0,0.9426229508196722
deviation_score,962,0,481,0.40200580612447717,0.0,0.9426229508196722
deviation_score,963,0,482,0.48603184512902775,0.0,0.37044438422977916
deviation_score,964,0,482,0.48603184512902775,0.0,0.37044438422977916
deviation_score,965,0,483,0.4088646142930652,0.0,0.9094634873323397
deviation_score,966,0,483,0.4088646142930652,0.0,0.9094634873323397
deviation_score,967,0,484,0.47812800625414215,0.0,0.46311475409836067
deviation_score,968,0,484,0.47812800625414215,0.0,0.46311475409836067
deviation_score,969,0,485,0.5318737676548424,0.0,0.1362704918032787
deviation_score,970,0,485,0.5318737676548424,0.0,0.1362704918032787
deviation_score,971,0,486,0.49142869426008906,0.0,0.3744750033870749
deviation_score,972,0,486,0.49142869426008906,0.0,0.3744750033870749
deviation_score,973,0,487,0.41856882777070786,0.0,0.8677685950413223
deviation_score,974,0,487,0.41856882777070786,0.0,0.8677685950413223
deviation_score,975,0,488,0.4275205320883117,0.0,0.8521554341226472
deviation_score,976,0,488,0.4275205320883117,0.0,0.8521554341226472
deviation_score,977,0,489,0.4331303547283417,0.0,0.8110874991567159
deviation_score,978,0,489,0.4331303547283417,0.0,0.8110874991567159
deviation_score,979,0,490,0.4941913827892539,0.0,0.36511707988980713
deviation_score,980,0,490,0.4941913827892539,0.0,0.36511707988980713
deviation_score,981,0,491,0.47590142717394573,0.0,0.4948045267489712
deviation_score,982,0,491,0.47590142717394573,0.0,0.4948045267489712
deviation_score,983,0,492,0.5175905436805301,0.0,0.23966942148760328
deviation_score,984,0,492,0.5175905436805301,0.0,0.23966942148760328
deviation_score,985,0,493,0.49279210852376876,0.0,0.3512396694214876
deviation_score,986,0,493,0.49279210852376876,0.0,0.3512396694214876
deviation_score,987,0,494,0.4422755281579464,0.0,0.7649559568751487
deviation_score,988,0,494,0.4422755281579464,0.0,0.7649559568751487
deviation_score,989,0,495,0.43853060941708905,0.0,0.78099173553719
deviation_score,990,0,495,0.43853060941708905,0.0,0.78099173553719
deviation_score,991,0,496,0.39621230277163305,0.0,0.9589320650340687
deviation_score,992,0,496,0.39621230277163305,0.0,0.9589320650340687
deviation_score,993,0,497,0.46443484352776643,0.0,0.5652263374485597
deviation_score,994,0,497,0.46443484352776643,0.0,0.5652263374485597
deviation_score,995,0,498,0.4312963916626775,0.0,0.825
deviation_score,996,0,498,0.4312963916626775,0.0,0.825
deviation_score,997,0,499,0.44660325400415646,0.0,0.7043108682452945
deviation_score,998,0,499,0.44660325400415646,0.0,0.7043108682452945
deviation_score,999,0,500,0.4142375337782728,0.0,0.8852459016393442
deviation_score,1000,0,500,0.4142375337782728,0.0,0.8852459016393442
deviation_score,1001,0,501,0.39566019323794543,0.0,0.9751033057851239
deviation_score,1002,0,501,0.39566019323794543,0.0,0.9751033057851239
deviation_score,1003,0,502,0.43461193277749854,0.0,0.7855660986974118
deviation_score,1004,0,502,0.43461193277749854,0.0,0.7855660986974118
deviation_score,1005,0,503,0.5162685746510263,0.0,0.22540983606557377
deviation_score,1006,0,503,0.5162685746510263,0.0,0.22540983606557377
deviation_score,1007,0,504,0.41307666453009445,0.0,0.8880165289256199
deviation_score,1008,0,504,0.41307666453009445,0.0,0.8880165289256199
deviation_score,1009,0,505,0.49058004274460865,0.0,0.37479423868312756
deviation_score,1010,0,505,0.49058004274460865,0.0,0.37479423868312756
deviation_score,1011,0,506,0.4066523301143107,0.0,0.9173497267759563
deviation_score,1012,0,506,0.4066523301143107,0.0,0.9173497267759563
deviation_score,1013,0,507,0.45237015404772307,0.0,0.6569672131147541
deviation_score,1014,0,507,0.45237015404772307,0.0,0.6569672131147541
deviation_score,1015,0,508,0.4385345525416227,0.0,0.7800964187327823
deviation_score,1016,0,508,0.4385345525416227,0.0,0.7800964187327823
deviation_score,1017,0,509,0.3977764715736395,0.0,0.96267217630854
deviation_score,1018,0,509,0.3977764715736395,0.0,0.96267217630854
deviation_score,1019,0,510,0.4869457821177098,0.0,0.3868312757201646
deviation_score,1020,0,510,0.4869457821177098,0.0,0.3868312757201646
deviation_score,1021,0,511,0.5149823416459671,0.0,0.2066256830601093
deviation_score,1022,0,511,0.5149823416459671,0.0,0.2066256830601093
deviation_score,1023,0,512,0.47072404026172376,0.0,0.5352617079889808
deviation_score,1024,0,512,0.47072404026172376,0.0,0.5352617079889808
deviation_score,1025,0,513,0.45478379276425845,0.0,0.6541666666666667
deviation_score,1026,0,513,0.45478379276425845,0.0,0.6541666666666667
deviation_score,1027,0,514,0.48301050835253667,0.0,0.4086386021722998
deviation_score,1028,0,514,0.48301050835253667,0.0,0.4086386021722998
deviation_score,1029,0,515,0.4743930623985902,0.0,0.4897119341563786
deviation_score,1030,0,516,0.4446009858284395,0.0,0.6983606557377049
deviation_score,1031,0,516,0.4446009858284395,0.0,0.6983606557377049
deviation_score,1032,0,515,0.4743930623985902,0.0,0.4897119341563786
deviation_score,1033,0,517,0.4960789443649006,0.0,0.2727272727272727
deviation_score,1034,0,517,0.4960789443649006,0.0,0.2727272727272727
deviation_score,1035,0,518,0.4347591147812152,0.0,0.8305785123966942
deviation_score,1036,0,518,0.4347591147812152,0.0,0.8305785123966942
deviation_score,1037,0,519,0.47361720602189017,0.0,0.4708333333333333
deviation_score,1038,0,519,0.47361720602189017,0.0,0.4708333333333333
deviation_score,1039,0,520,0.4011028317245353,0.0,0.9670101690303711
deviation_score,1040,0,520,0.4011028317245353,0.0,0.9670101690303711
deviation_score,1041,0,521,0.49791661277275734,0.0,0.36511707988980713
deviation_score,1042,0,521,0.49791661277275734,0.0,0.36511707988980713
deviation_score,1043,0,522,0.43846760875832097,0.0,0.7745901639344261
deviation_score,1044,0,522,0.43846760875832097,0.0,0.7745901639344261
deviation_score,1045,0,523,0.460975889841207,0.0,0.6024691358024692
deviation_score,1046,0,523,0.460975889841207,0.0,0.6024691358024692
deviation_score,1047,0,524,0.45732647676098,0.0,0.5967009890258772
deviation_score,1048,0,524,0.45732647676098,0.0,0.5967009890258772
deviation_score,1049,0,525,0.4861326720155098,0.0,0.3690779852396014
deviation_score,1050,0,525,0.4861326720155098,0.0,0.3690779852396014
deviation_score,1051,0,526,0.4459431962819974,0.0,0.7012052341597796
deviation_score,1052,0,526,0.4459431962819974,0.0,0.7012052341597796
deviation_score,1053,0,527,0.4377050716969455,0.0,0.7557098765432099
deviation_score,1054,0,527,0.4377050716969455,0.0,0.7557098765432099
deviation_score,1055,0,528,0.5107628470064921,0.0,0.2375
deviation_score,1056,0,528,0.5107628470064921,0.0,0.2375
deviation_score,1057,0,529,0.44318504249458784,0.0,0.7184670781893003
deviation_score,1058,0,529,0.44318504249458784,0.0,0.7184670781893003
deviation_score,1059,0,530,0.4511318309874944,0.0,0.6763429752066116
deviation_score,1060,0,530,0.4511318309874944,0.0,0.6763429752066116
deviation_score,1061,0,531,0.49037500907574605,0.0,0.4115296030348191
deviation_score,1062,0,531,0.49037500907574605,0.0,0.4115296030348191
deviation_score,1063,0,532,0.40235843442397085,0.0,0.9380464480874318
deviation_score,1064,0,532,0.40235843442397085,0.0,0.9380464480874318
deviation_score,1065,0,533,0.48944363023660464,0.0,0.3666666666666667
deviation_score,1066,0,533,0.48944363023660464,0.0,0.3666666666666667
deviation_score,1067,0,534,0.4359896293713105,0.0,0.7819062457661563
deviation_score,1068,0,534,0.4359896293713105,0.0,0.7819062457661563
deviation_score,1069,0,535,0.46602773660270563,0.0,0.5835118865421896
deviation_score,1070,0,535,0.46602773660270563,0.0,0.5835118865421896
deviation_score,1071,0,536,0.4499951837362886,0.0,0.6805440771349862
deviation_score,1072,0,536,0.4499951837362886,0.0,0.6805440771349862
deviation_score,1073,0,537,0.4386817522463867,0.0,0.8102914668571235
deviation_score,1074,0,537,0.4386817522463867,0.0,0.8102914668571235
deviation_score,1075,0,538,0.4177845265322516,0.0,0.9008264462809917
deviation_score,1076,0,538,0.4177845265322516,0.0,0.9008264462809917
deviation_score,1077,0,539,0.48947844558924675,0.0,0.3966530054644809
deviation_score,1078,0,539,0.48947844558924675,0.0,0.3966530054644809
deviation_score,1079,0,540,0.47113718747235234,0.0,0.5318424070700938
deviation_score,1080,0,540,0.47113718747235234,0.0,0.5318424070700938
deviation_score,1081,0,541,0.4379581073912129,0.0,0.7850409836065574
deviation_score,1082,0,541,0.4379581073912129,0.0,0.7850409836065574
deviation_score,1083,0,542,0.4583612479476458,0.0,0.6140840220385675
deviation_score,1084,0,542,0.4583612479476458,0.0,0.6140840220385675
deviation_score,1085,0,543,0.39992049265012924,0.0,0.9506164476358216
deviation_score,1086,0,543,0.39992049265012924,0.0,0.9506164476358216
deviation_score,1087,0,544,0.4836297093572342,0.0,0.399537037037037
deviation_score,1088,0,544,0.4836297093572342,0.0,0.399537037037037
deviation_score,1089,0,545,0.43228629803717056,0.0,0.8024996612925077
deviation_score,1090,0,545,0.43228629803717056,0.0,0.8024996612925077
deviation_score,1091,0,546,0.5118726135214389,0.0,0.2230874316939891
deviation_score,1092,0,546,0.5118726135214389,0.0,0.2230874316939891
deviation_score,1093,0,547,0.4695272003886751,0.0,0.5413251366120219
deviation_score,1094,0,547,0.4695272003886751,0.0,0.5413251366120219
deviation_score,1095,0,548,0.5467793799870907,0.0,0.053925619834710746
deviation_score,1096,0,548,0.5467793799870907,0.0,0.053925619834710746
deviation_score,1097,0,549,0.4380017906262787,0.0,0.7649389518076387
deviation_score,1098,0,549,0.4380017906262787,0.0,0.7649389518076387
deviation_score,1099,0,550,0.413726416593614,0.0,0.8930023032109471
deviation_score,1100,0,550,0.413726416593614,0.0,0.8930023032109471
deviation_score,1101,0,551,0.4163250257696595,0.0,0.8796487603305785
deviation_score,1102,0,551,0.4163250257696595,0.0,0.8796487603305785
deviation_score,1103,0,552,0.4205930944318242,0.0,0.871900826446281
deviation_score,1104,0,552,0.4205930944318242,0.0,0.871900826446281
deviation_score,1105,0,553,0.45980701103818766,0.0,0.6288814066591843
deviation_score,1106,0,553,0.45980701103818766,0.0,0.6288814066591843
deviation_score,1107,0,554,0.43958680774944947,0.0,0.7459016393442623
deviation_score,1108,0,554,0.43958680774944947,0.0,0.7459016393442623
deviation_score,1109,0,555,0.45398031987093745,0.0,0.6473140495867769
deviation_score,1110,0,555,0.45398031987093745,0.0,0.6473140495867769
deviation_score,1111,0,556,0.4225013990056973,0.0,0.8801652892561984
deviation_score,1112,0,556,0.4225013990056973,0.0,0.8801652892561984
deviation_score,1113,0,557,0.42953376843015906,0.0,0.8095164609053498
deviation_score,1114,0,557,0.42953376843015906,0.0,0.8095164609053498
deviation_score,1115,0,558,0.4722615978498984,0.0,0.5555480287223953
deviation_score,1116,0,558,0.4722615978498984,0.0,0.5555480287223953
deviation_score,1117,0,559,0.44883310912821317,0.0,0.6995325836607507
deviation_score,1118,0,559,0.44883310912821317,0.0,0.6995325836607507
deviation_score,1119,0,560,0.47114859546211746,0.0,0.5073559670781893
deviation_score,1120,0,560,0.47114859546211746,0.0,0.5073559670781893
deviation_score,1121,0,561,0.43830491978452946,0.0,0.7680555555555555
deviation_score,1122,0,561,0.43830491978452946,0.0,0.7680555555555555
deviation_score,1123,0,562,0.44708679360993686,0.0,0.710133744855967
deviation_score,1124,0,562,0.44708679360993686,0.0,0.710133744855967
deviation_score,1125,0,563,0.3974228776189791,0.0,0.9668044077134986
deviation_score,1126,0,563,0.3974228776189791,0.0,0.9668044077134986
deviation_score,1127,0,564,0.431379358180034,0.0,0.8181818181818181
deviation_score,1128,0,564,0.431379358180034,0.0,0.8181818181818181
deviation_score,1129,0,565,0.4731334950035393,0.0,0.46064049586776856
deviation_score,1130,0,565,0.4731334950035393,0.0,0.46064049586776856
deviation_score,1131,0,566,0.44872304723056117,0.0,0.7037664273133721
deviation_score,1132,0,566,0.44872304723056117,0.0,0.7037664273133721
deviation_score,1133,0,567,0.5233691197889534,0.0,0.18667355371900826
deviation_score,1134,0,567,0.5233691197889534,0.0,0.18667355371900826
deviation_score,1135,0,568,0.5083197694596354,0.0,0.29485086555793627
deviation_score,1136,0,568,0.5083197694596354,0.0,0.29485086555793627
deviation_score,1137,0,569,0.49775580003491904,0.0,0.3264344262295082
deviation_score,1138,0,569,0.49775580003491904,0.0,0.3264344262295082
deviation_score,1139,0,570,0.4496671447484893,0.0,0.6804752066115702
deviation_score,1140,0,570,0.4496671447484893,0.0,0.6804752066115702
deviation_score,1141,0,571,0.44590999224618083,0.0,0.7283904619970194
deviation_score,1142,0,571,0.44590999224618083,0.0,0.7283904619970194
deviation_score,1143,0,572,0.46080850314555644,0.0,0.6141184573002755
deviation_score,1144,0,572,0.46080850314555644,0.0,0.6141184573002755
deviation_score,1145,0,573,0.4403018130146221,0.0,0.7700195641907845
deviation_score,1146,0,573,0.4403018130146221,0.0,0.7700195641907845
deviation_score,1147,0,574,0.445277625988035,0.0,0.7289516292248532
deviation_score,1148,0,574,0.445277625988035,0.0,0.7289516292248532
deviation_score,1149,0,575,0.5100419102814255,0.0,0.22062374587627115
deviation_score,1150,0,575,0.5100419102814255,0.0,0.22062374587627115
deviation_score,1151,0,576,0.41845811978656783,0.0,0.8436187508467687
deviation_score,1152,0,576,0.41845811978656783,0.0,0.8436187508467687
deviation_score,1153,0,577,0.4506937159876199,0.0,0.657103825136612
deviation_score,1154,0,577,0.4506937159876199,0.0,0.657103825136612
deviation_score,1155,0,578,0.4674660890461576,0.0,0.5619834710743802
deviation_score,1156,0,578,0.4674660890461576,0.0,0.5619834710743802
deviation_score,1157,0,579,0.46161129689552655,0.0,0.5638124915323126
deviation_score,1158,0,579,0.46161129689552655,0.0,0.5638124915323126
deviation_score,1159,0,580,0.4724106450293581,0.0,0.5144289391681345
deviation_score,1160,0,580,0.4724106450293581,0.0,0.5144289391681345
deviation_score,1161,0,581,0.4709381839284421,0.0,0.5308641975308642
deviation_score,1162,0,581,0.4709381839284421,0.0,0.5308641975308642
deviation_score,1163,0,582,0.4532579853789581,0.0,0.6404371584699453
deviation_score,1164,0,582,0.4532579853789581,0.0,0.6404371584699453
deviation_score,1165,0,583,0.42536121278701505,0.0,0.8347107438016529
deviation_score,1166,0,583,0.42536121278701505,0.0,0.8347107438016529
deviation_score,1167,0,584,0.4325885161276621,0.0,0.8230592060696382
deviation_score,1168,0,584,0.4325885161276621,0.0,0.8230592060696382
deviation_score,1169,0,585,0.4528363301855336,0.0,0.6556129476584023
deviation_score,1170,0,585,0.4528363301855336,0.0,0.6556129476584023
deviation_score,1171,0,586,0.4253532521784503,0.0,0.859504132231405
deviation_score,1172,0,586,0.4253532521784503,0.0,0.859504132231405
deviation_score,1173,0,587,0.48082625380949795,0.0,0.425
deviation_score,1174,0,587,0.48082625380949795,0.0,0.425
deviation_score,1175,0,588,0.45488079769815626,0.0,0.6314814814814815
deviation_score,1176,0,588,0.45488079769815626,0.0,0.6314814814814815
deviation_score,1177,0,589,0.4860361144376871,0.0,0.3621460506706409
deviation_score,1178,0,589,0.4860361144376871,0.0,0.3621460506706409
deviation_score,1179,0,590,0.48388075050511237,0.0,0.43917287351630785
deviation_score,1180,0,590,0.48388075050511237,0.0,0.43917287351630785
deviation_score,1181,0,591,0.3996714347541247,0.0,0.9503086419753086
deviation_score,1182,0,591,0.3996714347541247,0.0,0.9503086419753086
deviation_score,1183,0,592,0.5105736321002494,0.0,0.243801652892562
deviation_score,1184,0,592,0.5105736321002494,0.0,0.243801652892562
deviation_score,1185,0,593,0.40225296788036013,0.0,0.9380165289256198
deviation_score,1186,0,593,0.40225296788036013,0.0,0.9380165289256198
deviation_score,1187,0,594,0.47866326421584854,0.0,0.4526486925890801
deviation_score,1188,0,594,0.47866326421584854,0.0,0.4526486925890801
deviation_score,1189,0,595,0.4436905313036261,0.0,0.7113219739482366
deviation_score,1190,0,596,0.48322744811680607,0.0,0.42320936639118456
deviation_score,1191,0,595,0.4436905313036261,0.0,0.7113219739482366
deviation_score,1192,0,596,0.48322744811680607,0.0,0.42320936639118456
deviation_score,1193,0,597,0.4940696917547592,0.0,0.38016528925619836
deviation_score,1194,0,597,0.4940696917547592,0.0,0.38016528925619836
deviation_score,1195,0,598,0.4730762360081663,0.0,0.48550275482093663
deviation_score,1196,0,598,0.4730762360081663,0.0,0.48550275482093663
deviation_score,1197,0,599,0.46378820245692765,0.0,0.5637447500338708
deviation_score,1198,0,599,0.46378820245692765,0.0,0.5637447500338708
deviation_score,1199,0,600,0.497490430787796,0.0,0.30308131823283335
deviation_score,1200,0,600,0.497490430787796,0.0,0.30308131823283335
deviation_score,1201,0,601,0.5320246177394806,0.0,0.1522633744855967
deviation_score,1202,0,601,0.5320246177394806,0.0,0.1522633744855967
deviation_score,1203,0,602,0.5101020523241295,0.0,0.256198347107438
deviation_score,1204,0,602,0.5101020523241295,0.0,0.256198347107438
deviation_score,1205,0,603,0.6874233716378255,0.6,0.008265027322404372
deviation_score,1206,0,603,0.6874233716378255,0.6,0.008265027322404372
deviation_score,1207,0,604,0.8211319568069564,1.0,0.0
deviation_score,1208,0,604,0.8211319568069564,1.0,0.0
deviation_score,1209,0,605,0.9120755362695881,1.0,0.0
deviation_score,1210,0,605,0.9120755362695881,1.0,0.0
logistic,0,0,0,0.003487897759861711,0.0,0.11934156378600823
logistic,1,0,1,0.0076877435673635905,0.0,0.07024793388429752
logistic,2,0,1,0.0076877435673635905,0.0,0.07024793388429752
logistic,3,0,2,0.05970546551183585,0.0,0.08009512244484922
logistic,4,0,2,0.05970546551183585,0.0,0.08009512244484922
logistic,5,0,3,0.09407592463852714,0.1,0.04149449035812672
logistic,6,0,3,0.09407592463852714,0.1,0.04149449035812672
logistic,7,0,4,0.022005227258489725,0.0,0.06198347107438017
logistic,8,0,4,0.022005227258489725,0.0,0.06198347107438017
logistic,9,0,5,0.6831606411772047,1.0,0.008213586993186264
logistic,10,0,5,0.6831606411772047,1.0,0.008213586993186264
logistic,11,0,6,0.17997242092780094,0.4,0.01646090534979424
logistic,12,0,6,0.17997242092780094,0.4,0.01646090534979424
logistic,13,0,7,0.018695172805376286,0.0,0.061712505080612386
logistic,14,0,7,0.018695172805376286,0.0,0.061712505080612386
logistic,15,0,8,0.00098660092057979,0.0,0.1831275720164609
logistic,16,0,8,0.00098660092057979,0.0,0.1831275720164609
logistic,17,0,9,0.0019923398923443253,0.0,0.12371186613610856
logistic,18,0,9,0.0019923398923443253,0.0,0.12371186613610856
logistic,19,0,10,0.001685443415133316,0.0,0.16049382716049382
logistic,20,0,10,0.001685443415133316,0.0,0.16049382716049382
logistic,21,0,11,0.00642119772210657,0.0,0.10788567493112948
logistic,22,0,11,0.00642119772210657,0.0,0.10788567493112948
logistic,23,0,12,0.14899116037626797,0.2,0.024793388429752067
logistic,24,0,12,0.14899116037626797,0.2,0.024793388429752067
logistic,25,0,13,0.4665755178224349,0.3,0.016597796143250687
logistic,26,0,13,0.4665755178224349,0.3,0.016597796143250687
logistic,27,0,14,0.05872629010861448,0.0,0.03333333333333333
logistic,28,0,14,0.05872629010861448,0.0,0.03333333333333333
logistic,29,0,15,0.0217951892214716,0.0,0.04542349726775956
logistic,30,0,15,0.0217951892214716,0.0,0.04542349726775956
logistic,31,0,16,0.3975116545823968,0.2,0.016666666666666666
logistic,32,0,16,0.3975116545823968,0.2,0.016666666666666666
logistic,33,0,17,0.012322403133170004,0.0,0.10310172431384552
logistic,34,0,17,0.012322403133170004,0.0,0.10310172431384552
logistic,35,0,18,0.001647583919729291,0.0,0.12397540983606557
logistic,36,0,18,0.001647583919729291,0.0,0.12397540983606557
logistic,37,0,19,0.08146523114758969,0.2,0.024640760979558793
logistic,38,0,19,0.08146523114758969,0.2,0.024640760979558793
logistic,39,0,20,0.04588243850622462,0.0,0.0621900826446281
logistic,40,0,20,0.04588243850622462,0.0,0.0621900826446281
logistic,41,0,21,0.009214636187018236,0.0,0.09852931255481347
logistic,42,0,21,0.009214636187018236,0.0,0.09852931255481347
logistic,43,0,22,0.00825733437650111,0.0,0.09856304391823517
logistic,44,0,22,0.00825733437650111,0.0,0.09856304391823517
logistic,45,0,23,0.01737165385532826,0.1,0.13040123456790123
logistic,46,0,23,0.01737165385532826,0.1,0.13040123456790123
logistic,47,1,24,0.561299202631983,1.0,0.0
logistic,48,0,24,0.561299202631983,1.0,0.0
logistic,49,0,25,0.002982982216400416,0.0,0.13636363636363635
logistic,50,0,25,0.002982982216400416,0.0,0.13636363636363635
logistic,51,0,26,0.002650805884452938,0.0,0.19588137264904942
logistic,52,0,26,0.002650805884452938,0.0,0.19588137264904942
logistic,53,0,27,0.0004940328400399937,0.0,0.22060674080876103
logistic,54,0,27,0.0004940328400399937,0.0,0.22060674080876103
logistic,55,0,28,0.006131580644521402,0.0,0.08677685950413223
logistic,56,0,28,0.006131580644521402,0.0,0.08677685950413223
logistic,57,0,29,0.00036515334349687955,0.0,0.2066256830601093
logistic,58,0,29,0.00036515334349687955,0.0,0.2066256830601093
logistic,59,0,30,0.008572285792359347,0.0,0.06222451790633609
logistic,60,0,30,0.008572285792359347,0.0,0.06222451790633609
logistic,61,0,31,0.024968509490545823,0.0,0.053925619834710746
logistic,62,0,31,0.024968509490545823,0.0,0.053925619834710746
logistic,63,0,32,0.08383156158841708,0.1,0.037242798353909465
logistic,64,0,32,0.08383156158841708,0.1,0.037242798353909465
logistic,65,0,33,0.0032953899466760307,0.0,0.12451790633608815
logistic,66,0,33,0.0032953899466760307,0.0,0.12451790633608815
logistic,67,0,34,0.000458229342940531,0.0,0.18107302533532044
logistic,68,0,34,0.000458229342940531,0.0,0.18107302533532044
logistic,69,0,35,0.011534219032404501,0.0,0.06666666666666667
logistic,70,0,35,0.011534219032404501,0.0,0.06666666666666667
logistic,71,0,36,0.0003160760475522003,0.0,0.6317901234567902
logistic,72,0,36,0.0003160760475522003,0.0,0.6317901234567902
logistic,73,0,37,0.0019409301675011412,0.0,0.16115702479338845
logistic,74,0,37,0.0019409301675011412,0.0,0.16115702479338845
logistic,75,0,38,0.030609118660216022,0.0,0.05371900826446281
logistic,76,0,38,0.030609118660216022,0.0,0.05371900826446281
logistic,77,0,39,0.0511160425635363,0.1,0.03702072889852323
logistic,78,0,39,0.0511160425635363,0.1,0.03702072889852323
logistic,79,0,40,0.007253728184309335,0.0,0.07597989610740066
logistic,80,1,40,0.007253728184309335,0.0,0.07597989610740066
logistic,81,0,41,0.012562213469408329,0.1,0.05761316872427984
logistic,82,0,41,0.012562213469408329,0.1,0.05761316872427984
logistic,83,0,42,0.04656414149469086,0.0,0.049586776859504134
logistic,84,0,42,0.04656414149469086,0.0,0.049586776859504134
logistic,85,0,43,0.018567388037463373,0.0,0.0290633608815427
logistic,86,0,43,0.018567388037463373,0.0,0.0290633608815427
logistic,87,0,44,0.04971538877989028,0.0,0.04115296030348191
logistic,88,0,44,0.04971538877989028,0.0,0.04115296030348191
logistic,89,0,45,0.7627992815623761,1.0,0.004098360655737705
logistic,90,0,45,0.7627992815623761,1.0,0.004098360655737705
logistic,91,0,46,0.0018956681574021478,0.0,0.09854617823652431
logistic,92,0,46,0.0018956681574021478,0.0,0.09854617823652431
logistic,93,0,47,0.004903146924696622,0.0,0.10311872938135565
logistic,94,0,47,0.004903146924696622,0.0,0.10311872938135565
logistic,95,1,48,0.0053625853176856335,0.1,0.19016393442622953
logistic,96,0,48,0.0053625853176856335,0.1,0.19016393442622953
logistic,97,0,49,0.1239486435543643,0.1,0.024896694214876034
logistic,98,0,49,0.1239486435543643,0.1,0.024896694214876034
logistic,99,1,50,0.011398216592012365,0.0,0.07007788320919633
logistic,100,0,50,0.011398216592012365,0.0,0.07007788320919633
logistic,101,1,51,0.0003964863303683731,0.0,0.16942148760330578
logistic,102,0,51,0.0003964863303683731,0.0,0.16942148760330578
logistic,103,1,52,0.07925404034629017,0.2,0.037037037037037035
logistic,104,0,52,0.07925404034629017,0.2,0.037037037037037035
logistic,105,1,53,0.005918541629453294,0.0,0.10062065708695946
logistic,106,0,53,0.005918541629453294,0.0,0.10062065708695946
logistic,107,1,54,0.006024197733347681,0.0,0.08677685950413223
logistic,108,0,54,0.006024197733347681,0.0,0.08677685950413223
logistic,109,1,55,0.47974643677812595,0.9,0.008213586993186264
logistic,110,0,55,0.47974643677812595,0.9,0.008213586993186264
logistic,111,1,56,0.058078351456494634,0.1,0.024793388429752067
logistic,112,0,56,0.058078351456494634,0.1,0.024793388429752067
logistic,113,1,57,0.014663650778124555,0.1,0.06639118457300275
logistic,114,0,57,0.014663650778124555,0.1,0.06639118457300275
logistic,115,1,58,0.9695709618237099,1.0,0.0
logistic,116,1,58,0.9695709618237099,1.0,0.0
logistic,117,1,59,0.5897980064136644,1.0,0.0
logistic,118,1,59,0.5897980064136644,1.0,0.0
logistic,119,1,60,0.8635292981277425,0.9,0.0
logistic,120,1,60,0.8635292981277425,0.9,0.0
logistic,121,0,61,0.3585607709815236,0.3,0.020610141822263034
logistic,122,0,61,0.3585607709815236,0.3,0.020610141822263034
logistic,123,0,62,0.001202976153157432,0.0,0.15354683195592286
logistic,124,0,62,0.001202976153157432,0.0,0.15354683195592286
logistic,125,0,63,0.002128641899270361,0.0,0.14166666666666666
logistic,126,0,63,0.002128641899270361,0.0,0.14166666666666666
logistic,127,0,64,0.0020834874490149465,0.0,0.10744535519125684
logistic,128,0,64,0.0020834874490149465,0.0,0.10744535519125684
logistic,129,0,65,0.006647867387722527,0.0,0.11154371584699455
logistic,130,0,65,0.006647867387722527,0.0,0.11154371584699455
logistic,131,0,66,0.03896301652054129,0.0,0.07407532854626744
logistic,132,0,66,0.03896301652054129,0.0,0.07407532854626744
logistic,133,0,67,0.02764530170598003,0.0,0.06611570247933884
logistic,134,0,67,0.02764530170598003,0.0,0.06611570247933884
logistic,135,0,68,0.029668506044652338,0.0,0.049501751521953546
logistic,136,0,68,0.029668506044652338,0.0,0.049501751521953546
logistic,137,0,69,0.08136517796624072,0.0,0.03298983096962895
logistic,138,0,69,0.08136517796624072,0.0,0.03298983096962895
logistic,139,0,70,0.018241459291314016,0.0,0.06557377049180328
logistic,140,0,70,0.018241459291314016,0.0,0.06557377049180328
logistic,141,0,71,0.0006600525461217569,0.0,0.19583333333333336
logistic,142,0,71,0.0006600525461217569,0.0,0.19583333333333336
logistic,143,0,72,0.017897632074869205,0.0,0.06570869594549011
logistic,144,0,72,0.017897632074869205,0.0,0.06570869594549011
logistic,145,0,73,0.0012274478566482673,0.0,0.15318930041152262
logistic,146,0,73,0.0012274478566482673,0.0,0.15318930041152262
logistic,147,0,74,0.0043183368820165205,0.0,0.07834234601911369
logistic,148,0,74,0.0043183368820165205,0.0,0.07834234601911369
logistic,149,0,75,0.007957846976210747,0.1,0.07469008264462809
logistic,150,0,75,0.007957846976210747,0.1,0.07469008264462809
logistic,151,0,76,0.010821137531137105,0.0,0.07001083863975072
logistic,152,0,76,0.010821137531137105,0.0,0.07001083863975072
logistic,153,0,77,0.05733792731991327,0.1,0.0371900826446281
logistic,154,0,77,0.05733792731991327,0.1,0.0371900826446281
logistic,155,0,78,0.003270916884616501,0.0,0.09483726150392817
logistic,156,0,78,0.003270916884616501,0.0,0.09483726150392817
logistic,157,0,79,0.00022506531746844708,0.0,0.24279835390946503
logistic,158,0,79,0.00022506531746844708,0.0,0.24279835390946503
logistic,159,0,80,0.0012513106233546963,0.0,0.1422643947896473
logistic,160,0,80,0.0012513106233546963,0.0,0.1422643947896473
logistic,161,0,81,0.0004932726593779135,0.0,0.17355371900826447
logistic,162,0,81,0.0004932726593779135,0.0,0.17355371900826447
logistic,163,0,82,6.466057708646927e-06,0.0,0.4462809917355372
logistic,164,0,82,6.466057708646927e-06,0.0,0.4462809917355372
logistic,165,0,83,2.4698358451369833e-05,0.0,0.340203380607421
logistic,166,0,83,2.4698358451369833e-05,0.0,0.340203380607421
logistic,167,0,84,3.9113866230139874e-05,0.0,0.34426759174233923
logistic,168,0,84,3.9113866230139874e-05,0.0,0.34426759174233923
logistic,169,0,85,7.918267097050506e-06,0.0,0.4784979423868313
logistic,170,0,85,7.918267097050506e-06,0.0,0.4784979423868313
logistic,171,0,86,0.0026707778302413497,0.0,0.12752337081696247
logistic,172,0,86,0.0026707778302413497,0.0,0.12752337081696247
logistic,173,0,87,0.0005271421202000514,0.0,0.17697466467958273
logistic,174,0,87,0.0005271421202000514,0.0,0.17697466467958273
logistic,175,0,88,0.002145238409848165,0.0,0.10330578512396695
logistic,176,0,88,0.002145238409848165,0.0,0.10330578512396695
logistic,177,0,89,0.0004632928912276197,0.0,0.16115702479338845
logistic,178,0,89,0.0004632928912276197,0.0,0.16115702479338845
logistic,179,0,90,1.9153061328311337e-05,0.0,0.4473523109886746
logistic,180,0,90,1.9153061328311337e-05,0.0,0.4473523109886746
logistic,181,0,91,0.00020641731830421065,0.0,0.2256687242798354
logistic,182,0,91,0.00020641731830421065,0.0,0.2256687242798354
logistic,183,0,92,1.2405012620244365e-05,0.0,0.3525830697547869
logistic,184,0,92,1.2405012620244365e-05,0.0,0.3525830697547869
logistic,185,0,93,1.050604838496074e-05,0.0,0.432716049382716
logistic,186,0,93,1.050604838496074e-05,0.0,0.432716049382716
logistic,187,0,94,6.251077399141298e-06,0.0,0.506198347107438
logistic,188,0,94,6.251077399141298e-06,0.0,0.506198347107438
logistic,189,0,95,0.0016761554598299752,0.0,0.1327479338842975
logistic,190,0,95,0.0016761554598299752,0.0,0.1327479338842975
logistic,191,0,96,0.0016678937846408893,0.0,0.1278270924735571
logistic,192,0,96,0.0016678937846408893,0.0,0.1278270924735571
logistic,193,0,97,0.0014403672491057067,0.0,0.1546270788695031
logistic,194,0,97,0.0014403672491057067,0.0,0.1546270788695031
logistic,195,0,98,0.004256632467048085,0.0,0.09545454545454546
logistic,196,0,98,0.004256632467048085,0.0,0.09545454545454546
logistic,197,0,99,5.435854553384516e-05,0.0,0.2907016290854675
logistic,198,0,99,5.435854553384516e-05,0.0,0.2907016290854675
logistic,199,0,100,0.0008093719431038887,0.0,0.16597796143250687
logistic,200,0,100,0.0008093719431038887,0.0,0.16597796143250687
logistic,201,0,101,5.0342057765947516e-05,0.0,0.3100409836065574
logistic,202,0,101,5.0342057765947516e-05,0.0,0.3100409836065574
logistic,203,0,102,8.350064384037076e-06,0.0,0.5020316804407713
logistic,204,0,102,8.350064384037076e-06,0.0,0.5020316804407713
logistic,205,0,103,1.1211468828759757e-05,0.0,0.4214876033057851
logistic,206,0,103,1.1211468828759757e-05,0.0,0.4214876033057851
logistic,207,0,104,1.0727234122219037e-06,0.0,0.7289684949065641
logistic,208,0,104,1.0727234122219037e-06,0.0,0.7289684949065641
logistic,209,0,105,2.680411163482121e-05,0.0,0.3333333333333333
logistic,210,0,105,2.680411163482121e-05,0.0,0.3333333333333333
logistic,211,0,106,9.302388935048789e-05,0.0,0.25206611570247933
logistic,212,0,106,9.302388935048789e-05,0.0,0.25206611570247933
logistic,213,0,107,0.00686630016476771,0.0,0.10927456382001836
logistic,214,0,107,0.00686630016476771,0.0,0.10927456382001836
logistic,215,0,108,0.0005620425840952534,0.0,0.18009259259259258
logistic,216,0,108,0.0005620425840952534,0.0,0.18009259259259258
logistic,217,0,109,0.00022366448992701312,0.0,0.2812158469945355
logistic,218,0,109,0.00022366448992701312,0.0,0.2812158469945355
logistic,219,0,110,0.00039056353774216207,0.0,0.1950853403494569
logistic,220,0,110,0.00039056353774216207,0.0,0.1950853403494569
logistic,221,0,111,0.000648875325513649,0.0,0.2422417864130068
logistic,222,0,111,0.000648875325513649,0.0,0.2422417864130068
logistic,223,0,112,1.3201135513242064e-05,0.0,0.5714552936775159
logistic,224,0,112,1.3201135513242064e-05,0.0,0.5714552936775159
logistic,225,0,113,7.204969634741812e-06,0.0,0.48381147540983604
logistic,226,0,113,7.204969634741812e-06,0.0,0.48381147540983604
logistic,227,0,114,1.363129803831311e-05,0.0,0.3786072347920336
logistic,228,0,114,1.363129803831311e-05,0.0,0.3786072347920336
logistic,229,0,115,0.00020773829102457134,0.0,0.23806584362139918
logistic,230,0,115,0.00020773829102457134,0.0,0.23806584362139918
logistic,231,0,116,0.00042490888202465513,0.0,0.20576480151740956
logistic,232,0,116,0.00042490888202465513,0.0,0.20576480151740956
logistic,233,0,117,0.00012032640123227963,0.0,0.2644628099173554
logistic,234,0,117,0.00012032640123227963,0.0,0.2644628099173554
logistic,235,0,118,0.0004750969380903247,0.0,0.17768595041322316
logistic,236,0,118,0.0004750969380903247,0.0,0.17768595041322316
logistic,237,0,119,0.0002932863719922177,0.0,0.23140495867768596
logistic,238,0,119,0.0002932863719922177,0.0,0.23140495867768596
logistic,239,0,120,0.00012070655658060652,0.0,0.27720434459960874
logistic,240,0,120,0.00012070655658060652,0.0,0.27720434459960874
logistic,241,0,121,0.00013103961535894105,0.0,0.24795081967213115
logistic,242,0,121,0.00013103961535894105,0.0,0.24795081967213115
logistic,243,0,122,3.3641399839295013e-06,0.0,0.5204918032786885
logistic,244,0,122,3.3641399839295013e-06,0.0,0.5204918032786885
logistic,245,0,123,1.1579269901807833e-06,0.0,0.5843042948110012
logistic,246,0,123,1.1579269901807833e-06,0.0,0.5843042948110012
logistic,247,0,124,7.863590861669991e-06,0.0,0.4743135667543682
logistic,248,0,124,7.863590861669991e-06,0.0,0.4743135667543682
logistic,249,0,125,2.1126743555584238e-05,0.0,0.3524590163934426
logistic,250,0,125,2.1126743555584238e-05,0.0,0.3524590163934426
logistic,251,0,126,0.015563010506699634,0.0,0.07037037037037036
logistic,252,0,126,0.015563010506699634,0.0,0.07037037037037036
logistic,253,0,127,0.0001267039026447422,0.0,0.28927595628415304
logistic,254,0,127,0.0001267039026447422,0.0,0.28927595628415304
logistic,255,0,128,0.00033275509346857837,0.0,0.21250000000000002
logistic,256,0,128,0.00033275509346857837,0.0,0.21250000000000002
logistic,257,0,129,0.0006784899904684884,0.0,0.19398907103825136
logistic,258,0,129,0.0006784899904684884,0.0,0.19398907103825136
logistic,259,0,130,0.0013881340358739812,0.0,0.14284979423868313
logistic,260,0,130,0.0013881340358739812,0.0,0.14284979423868313
logistic,261,0,131,6.238807057547499e-05,0.0,0.28803685137515245
logistic,262,0,131,6.238807057547499e-05,0.0,0.28803685137515245
logistic,263,0,132,1.013868382910179e-05,0.0,0.3925619834710744
logistic,264,0,132,1.013868382910179e-05,0.0,0.3925619834710744
logistic,265,0,133,1.544291756888778e-05,0.0,0.41444750535659625
logistic,266,0,133,1.544291756888778e-05,0.0,0.41444750535659625
logistic,267,0,134,3.547824076165539e-05,0.0,0.31828914524725094
logistic,268,0,134,3.547824076165539e-05,0.0,0.31828914524725094
logistic,269,0,135,0.00047502296893493805,0.0,0.1801440329218107
logistic,270,0,135,0.00047502296893493805,0.0,0.1801440329218107
logistic,271,0,136,0.0008836382396891022,0.0,0.15702479338842976
logistic,272,0,136,0.0008836382396891022,0.0,0.15702479338842976
logistic,273,0,137,0.003515134781064014,0.0,0.12372887120361868
logistic,274,0,137,0.003515134781064014,0.0,0.12372887120361868
logistic,275,0,138,0.010276629697736555,0.0,0.08211900425015178
logistic,276,0,138,0.010276629697736555,0.0,0.08211900425015178
logistic,277,0,139,0.0001924091385379988,0.0,0.24624485596707818
logistic,278,0,139,0.0001924091385379988,0.0,0.24624485596707818
logistic,279,0,140,0.00015621110932411637,0.0,0.23851781601409022
logistic,280,0,140,0.00015621110932411637,0.0,0.23851781601409022
logistic,281,0,141,8.145812642659907e-05,0.0,0.29363151858598124
logistic,282,0,141,8.145812642659907e-05,0.0,0.29363151858598124
logistic,283,0,142,4.839040866204349e-06,0.0,0.6229508196721312
logistic,284,0,142,4.839040866204349e-06,0.0,0.6229508196721312
logistic,285,0,143,0.00011520665820484712,0.0,0.2757078986587183
logistic,286,0,143,0.00011520665820484712,0.0,0.2757078986587183
logistic,287,0,144,0.0001611833016297363,0.0,0.23711866136108561
logistic,288,0,144,0.0001611833016297363,0.0,0.23711866136108561
logistic,289,0,145,0.0003377998868585999,0.0,0.1950853403494569
logistic,290,0,145,0.0003377998868585999,0.0,0.1950853403494569
logistic,291,0,146,0.0002011285232199914,0.0,0.21885245901639344
logistic,292,0,146,0.0002011285232199914,0.0,0.21885245901639344
logistic,293,0,147,0.0035208093172381916,0.0,0.1037534435261708
logistic,294,0,147,0.0035208093172381916,0.0,0.1037534435261708
logistic,295,0,148,0.007471964678610651,0.0,0.07835935108662381
logistic,296,0,149,0.0002798578530553108,0.0,0.19999659898649796
logistic,297,0,149,0.0002798578530553108,0.0,0.19999659898649796
logistic,298,0,150,7.788784977411078e-06,0.0,0.46167695473251025
logistic,299,0,148,0.007471964678610651,0.0,0.07835935108662381
logistic,300,0,150,7.788784977411078e-06,0.0,0.46167695473251025
logistic,301,0,151,3.037592322817025e-05,0.0,0.38271604938271603
logistic,302,0,151,3.037592322817025e-05,0.0,0.38271604938271603
logistic,303,0,152,0.00022723542820175433,0.0,0.20901639344262296
logistic,304,0,152,0.00022723542820175433,0.0,0.20901639344262296
logistic,305,0,153,1.4742505609836222e-05,0.0,0.4190771349862259
logistic,306,0,153,1.4742505609836222e-05,0.0,0.4190771349862259
logistic,307,0,154,1.4691192847499372e-05,0.0,0.4332456317884369
logistic,308,0,154,1.4691192847499372e-05,0.0,0.4332456317884369
logistic,309,0,155,0.0013111891535681056,0.0,0.13217213114754098
logistic,310,0,156,0.0011850595710774904,0.0,0.13647540983606557
logistic,311,0,156,0.0011850595710774904,0.0,0.13647540983606557
logistic,312,0,155,0.0013111891535681056,0.0,0.13217213114754098
logistic,313,0,157,0.00036758068135474286,0.0,0.2024793388429752
logistic,314,0,157,0.00036758068135474286,0.0,0.2024793388429752
logistic,315,0,158,0.00043056406159817565,0.0,0.3027548209366391
logistic,316,0,158,0.00043056406159817565,0.0,0.3027548209366391
logistic,317,0,159,0.00014297116674549419,0.0,0.23553719008264462
logistic,318,0,159,0.00014297116674549419,0.0,0.23553719008264462
logistic,319,0,160,9.11633297213059e-06,0.0,0.45081967213114754
logistic,320,0,160,9.11633297213059e-06,0.0,0.45081967213114754
logistic,321,0,161,2.6982535110806116e-05,0.0,0.37732544298200865
logistic,322,0,161,2.6982535110806116e-05,0.0,0.37732544298200865
logistic,323,0,162,8.579572665023073e-06,0.0,0.4036008230452675
logistic,324,0,162,8.579572665023073e-06,0.0,0.4036008230452675
logistic,325,0,163,1.2131147295859865e-05,0.0,0.38842975206611574
logistic,326,0,163,1.2131147295859865e-05,0.0,0.38842975206611574
logistic,327,0,164,3.9979160357902574e-07,0.0,0.8724427584338166
logistic,328,0,164,3.9979160357902574e-07,0.0,0.8724427584338166
logistic,329,0,165,1.446902344555191e-05,0.0,0.36101928374655645
logistic,330,0,165,1.446902344555191e-05,0.0,0.36101928374655645
logistic,331,0,166,0.000199377106553034,0.0,0.2237907306213317
logistic,332,0,166,0.000199377106553034,0.0,0.2237907306213317
logistic,333,0,167,5.165015607805832e-05,0.0,0.3059434662349052
logistic,334,0,167,5.165015607805832e-05,0.0,0.3059434662349052
logistic,335,0,168,0.0023647526833733977,0.0,0.11134918205625277
logistic,336,0,168,0.0023647526833733977,0.0,0.11134918205625277
logistic,337,0,169,1.8034693865723698e-05,0.0,0.39125514403292183
logistic,338,0,169,1.8034693865723698e-05,0.0,0.39125514403292183
logistic,339,0,170,4.086678813356281e-05,0.0,0.32362258953168044
logistic,340,0,170,4.086678813356281e-05,0.0,0.32362258953168044
logistic,341,0,171,6.0246590837744654e-05,0.0,0.2977467449234298
logistic,342,0,171,6.0246590837744654e-05,0.0,0.2977467449234298
logistic,343,0,172,4.495701291092941e-05,0.0,0.3208333333333333
logistic,344,0,172,4.495701291092941e-05,0.0,0.3208333333333333
logistic,345,0,173,3.9015998405818e-05,0.0,0.3538815878607235
logistic,346,0,173,3.9015998405818e-05,0.0,0.3538815878607235
logistic,347,0,174,0.0016867351091720988,0.0,0.14784456587735276
logistic,348,0,174,0.0016867351091720988,0.0,0.14784456587735276
logistic,349,0,175,0.0032039064597721317,0.0,0.11570247933884298
logistic,350,0,175,0.0032039064597721317,0.0,0.11570247933884298
logistic,351,0,176,3.77811282213175e-05,0.0,0.31666666666666665
logistic,352,0,176,3.77811282213175e-05,0.0,0.31666666666666665
logistic,353,0,177,0.00075923461413009,0.0,0.1534779614325069
logistic,354,0,177,0.00075923461413009,0.0,0.1534779614325069
logistic,355,0,178,3.118535098560548e-05,0.0,0.3334575260804769
logistic,356,0,178,3.118535098560548e-05,0.0,0.3334575260804769
logistic,357,0,179,0.0001686445220359402,0.0,0.21990358126721765
logistic,358,0,179,0.0001686445220359402,0.0,0.21990358126721765
logistic,359,0,180,3.949040077186142e-05,0.0,0.38263785394932937
logistic,360,0,180,3.949040077186142e-05,0.0,0.38263785394932937
logistic,361,0,181,2.7854798940622642e-05,0.0,0.3954218106995885
logistic,362,0,181,2.7854798940622642e-05,0.0,0.3954218106995885
logistic,363,0,182,3.444560671366892e-05,0.0,0.33884297520661155
logistic,364,0,182,3.444560671366892e-05,0.0,0.33884297520661155
logistic,365,0,183,0.00010829043334827184,0.0,0.2583333333333333
logistic,366,0,183,0.00010829043334827184,0.0,0.2583333333333333
logistic,367,0,184,0.0019484486581244284,0.0,0.11112992819401166
logistic,368,0,184,0.0019484486581244284,0.0,0.11112992819401166
logistic,369,0,185,0.0003134510225069053,0.0,0.18009259259259258
logistic,370,0,185,0.0003134510225069053,0.0,0.18009259259259258
logistic,371,0,186,3.4280104687689694e-05,0.0,0.28920765027322404
logistic,372,0,186,3.4280104687689694e-05,0.0,0.28920765027322404
logistic,373,0,187,6.666745714056064e-05,0.0,0.28248818147808047
logistic,374,0,187,6.666745714056064e-05,0.0,0.28248818147808047
logistic,375,0,188,1.764611814623085e-08,0.0,0.8962809917355372
logistic,376,0,188,1.764611814623085e-08,0.0,0.8962809917355372
logistic,377,0,189,5.9942001466977865e-09,0.0,0.9259585422029535
logistic,378,0,189,5.9942001466977865e-09,0.0,0.9259585422029535
logistic,379,0,190,3.277193352070468e-10,0.0,0.9876710472835659
logistic,380,0,190,3.277193352070468e-10,0.0,0.9876710472835659
logistic,381,0,191,9.209945031480601e-10,0.0,0.9834022038567494
logistic,382,0,191,9.209945031480601e-10,0.0,0.9834022038567494
logistic,383,0,192,3.0558989933111045e-07,0.0,0.9092779648335203
logistic,384,0,192,3.0558989933111045e-07,0.0,0.9092779648335203
logistic,385,0,193,3.3558363548951597e-06,0.0,0.566999965989865
logistic,386,0,193,3.3558363548951597e-06,0.0,0.566999965989865
logistic,387,0,194,1.0384023939588515e-07,0.0,0.875
logistic,388,0,194,1.0384023939588515e-07,0.0,0.875
logistic,389,0,195,1.0403146206173197e-08,0.0,0.9333333333333333
logistic,390,0,195,1.0403146206173197e-08,0.0,0.9333333333333333
logistic,391,0,196,4.1527843190434565e-08,0.0,0.823045267489712
logistic,392,0,196,4.1527843190434565e-08,0.0,0.823045267489712
logistic,393,0,197,5.7395099176621934e-08,0.0,0.8291666666666666
logistic,394,0,197,5.7395099176621934e-08,0.0,0.8291666666666666
logistic,395,0,198,5.922275398860711e-08,0.0,0.8305785123966942
logistic,396,0,199,2.0630669833979376e-07,0.0,0.7180096418732782
logistic,397,0,199,2.0630669833979376e-07,0.0,0.7180096418732782
logistic,398,0,198,5.922275398860711e-08,0.0,0.8305785123966942
logistic,399,0,200,2.8909760038956718e-08,0.0,0.91284435261708
logistic,400,0,200,2.8909760038956718e-08,0.0,0.91284435261708
logistic,401,0,201,5.152093623310086e-09,0.0,0.9588470396965181
logistic,402,0,202,1.4844950535240286e-10,0.0,0.9916666666666667
logistic,403,0,201,5.152093623310086e-09,0.0,0.9588470396965181
logistic,404,0,202,1.4844950535240286e-10,0.0,0.9916666666666667
logistic,405,0,203,8.912146783760977e-10,0.0,0.962637741046832
logistic,406,0,204,9.395194955029105e-08,0.0,0.8636363636363636
logistic,407,0,204,9.395194955029105e-08,0.0,0.8636363636363636
logistic,408,0,205,5.063121987192514e-10,0.0,0.9875
logistic,409,0,205,5.063121987192514e-10,0.0,0.9875
logistic,410,0,203,8.912146783760977e-10,0.0,0.962637741046832
logistic,411,0,206,6.931786077998241e-08,0.0,0.8524590163934427
logistic,412,0,206,6.931786077998241e-08,0.0,0.8524590163934427
logistic,413,0,207,3.5984873544761086e-07,0.0,0.7685950413223142
logistic,414,0,207,3.5984873544761086e-07,0.0,0.7685950413223142
logistic,415,0,208,6.841118855176037e-09,0.0,0.9834362139917695
logistic,416,0,209,1.2541973887360461e-08,0.0,0.9214876033057852
logistic,417,0,209,1.2541973887360461e-08,0.0,0.9214876033057852
logistic,418,0,208,6.841118855176037e-09,0.0,0.9834362139917695
logistic,419,0,210,2.0017562262326873e-09,0.0,0.9629792711014767
logistic,420,0,210,2.0017562262326873e-09,0.0,0.9629792711014767
logistic,421,0,211,2.5642099713939333e-08,0.0,0.9377572016460904
logistic,422,0,212,2.191833085682526e-08,0.0,0.9177279501422572
logistic,423,0,212,2.191833085682526e-08,0.0,0.9177279501422572
logistic,424,0,211,2.5642099713939333e-08,0.0,0.9377572016460904
logistic,425,0,213,1.7852723866018822e-08,0.0,0.9751033057851239
logistic,426,0,213,1.7852723866018822e-08,0.0,0.9751033057851239
logistic,427,0,214,3.952325188953947e-09,0.0,0.9543732782369146
logistic,428,0,215,2.3878063406544943e-09,0.0,0.9625
logistic,429,0,215,2.3878063406544943e-09,0.0,0.9625
logistic,430,0,214,3.952325188953947e-09,0.0,0.9543732782369146
logistic,431,0,216,1.740691676870669e-09,0.0,0.9543388429752067
logistic,432,0,216,1.740691676870669e-09,0.0,0.9543388429752067
logistic,433,0,217,3.13988352110707e-07,0.0,0.7447500338707492
logistic,434,0,217,3.13988352110707e-07,0.0,0.7447500338707492
logistic,435,0,218,5.907132747717395e-10,0.0,0.9752066115702479
logistic,436,0,218,5.907132747717395e-10,0.0,0.9752066115702479
logistic,437,0,219,3.7491821367302135e-08,0.0,0.8925619834710743
logistic,438,0,219,3.7491821367302135e-08,0.0,0.8925619834710743
logistic,439,0,220,4.6970621990337124e-08,0.0,0.8237704918032787
logistic,440,0,220,4.6970621990337124e-08,0.0,0.8237704918032787
logistic,441,0,221,1.123212887501573e-07,0.0,0.9047839506172839
logistic,442,0,221,1.123212887501573e-07,0.0,0.9047839506172839
logistic,443,0,222,3.487244453220868e-08,0.0,0.8436187508467687
logistic,444,0,222,3.487244453220868e-08,0.0,0.8436187508467687
logistic,445,0,223,1.6704363297975234e-09,0.0,0.9586776859504132
logistic,446,0,223,1.6704363297975234e-09,0.0,0.9586776859504132
logistic,447,0,224,1.952667921469905e-07,0.0,0.7644628099173554
logistic,448,0,224,1.952667921469905e-07,0.0,0.7644628099173554
logistic,449,0,225,2.7990475353952323e-09,0.0,0.9629792711014767
logistic,450,0,225,2.7990475353952323e-09,0.0,0.9629792711014767
logistic,451,0,226,9.396862618036266e-08,0.0,0.8305785123966942
logistic,452,0,226,9.396862618036266e-08,0.0,0.8305785123966942
logistic,453,0,227,3.4128727388041485e-09,0.0,0.9381525694657007
logistic,454,0,227,3.4128727388041485e-09,0.0,0.9381525694657007
logistic,455,0,228,2.071364297728667e-08,0.0,0.8967213114754098
logistic,456,0,228,2.071364297728667e-08,0.0,0.8967213114754098
logistic,457,0,229,1.57775169571366e-09,0.0,0.9585055096418733
logistic,458,0,229,1.57775169571366e-09,0.0,0.9585055096418733
logistic,459,0,230,3.6346149851403224e-09,0.0,0.9668044077134986
logistic,460,0,230,3.6346149851403224e-09,0.0,0.9668044077134986
logistic,461,0,231,1.4691099525506662e-10,0.0,0.9876366120218579
logistic,462,0,231,1.4691099525506662e-10,0.0,0.9876366120218579
logistic,463,0,232,1.751732109748484e-07,0.0,0.7805041152263374
logistic,464,0,232,1.751732109748484e-07,0.0,0.7805041152263374
logistic,465,0,233,2.640978940263979e-08,0.0,0.9137489037306887
logistic,466,0,234,2.268247332897888e-07,0.0,0.8429012345679012
logistic,467,0,233,2.640978940263979e-08,0.0,0.9137489037306887
logistic,468,0,234,2.268247332897888e-07,0.0,0.8429012345679012
logistic,469,0,235,1.1012041054888622e-06,0.0,0.6363636363636364
logistic,470,0,235,1.1012041054888622e-06,0.0,0.6363636363636364
logistic,471,0,236,2.6814333836518064e-08,0.0,0.8306010928961749
logistic,472,0,236,2.6814333836518064e-08,0.0,0.8306010928961749
logistic,473,0,237,1.5596599042698463e-08,0.0,0.8925619834710743
logistic,474,0,237,1.5596599042698463e-08,0.0,0.8925619834710743
logistic,475,0,238,3.7423300117030355e-09,0.0,0.9381525694657007
logistic,476,0,238,3.7423300117030355e-09,0.0,0.9381525694657007
logistic,477,0,239,5.632420028879349e-09,0.0,0.9294077134986225
logistic,478,0,239,5.632420028879349e-09,0.0,0.9294077134986225
logistic,479,0,240,3.9475225467062785e-08,0.0,0.9173553719008265
logistic,480,0,240,3.9475225467062785e-08,0.0,0.9173553719008265
logistic,481,0,241,1.0221144317806432e-07,0.0,0.8505853994490358
logistic,482,0,241,1.0221144317806432e-07,0.0,0.8505853994490358
logistic,483,0,242,4.1920464343902677e-10,0.0,0.9585905349794239
logistic,484,0,242,4.1920464343902677e-10,0.0,0.9585905349794239
logistic,485,0,243,7.72423745431391e-08,0.0,0.75
logistic,486,0,243,7.72423745431391e-08,0.0,0.75
logistic,487,0,244,5.445445277517569e-07,0.0,0.6831391410377998
logistic,488,0,244,5.445445277517569e-07,0.0,0.6831391410377998
logistic,489,0,245,1.0206936664589456e-07,0.0,0.7979457878447778
logistic,490,0,245,1.0206936664589456e-07,0.0,0.7979457878447778
logistic,491,0,246,8.551444267686594e-10,0.0,0.9584710743801652
logistic,492,0,246,8.551444267686594e-10,0.0,0.9584710743801652
logistic,493,0,247,6.688381603972436e-08,0.0,0.8144066931945719
logistic,494,0,247,6.688381603972436e-08,0.0,0.8144066931945719
logistic,495,0,248,5.633493945404047e-08,0.0,0.8724427584338166
logistic,496,0,248,5.633493945404047e-08,0.0,0.8724427584338166
logistic,497,0,249,1.2338382527116795e-07,0.0,0.9221311475409837
logistic,498,0,249,1.2338382527116795e-07,0.0,0.9221311475409837
logistic,499,0,250,8.442831974119968e-09,0.0,0.946484216230863
logistic,500,0,250,8.442831974119968e-09,0.0,0.946484216230863
logistic,501,0,251,7.539467326884116e-08,0.0,0.8848055818994716
logistic,502,0,251,7.539467326884116e-08,0.0,0.8848055818994716
logistic,503,0,252,1.0441125331457868e-09,0.0,0.9751543209876543
logistic,504,0,252,1.0441125331457868e-09,0.0,0.9751543209876543
logistic,505,0,253,1.9049671331573707e-07,0.0,0.7535755245227012
logistic,506,0,253,1.9049671331573707e-07,0.0,0.7535755245227012
logistic,507,0,254,5.966692144202248e-07,0.0,0.6460905349794239
logistic,508,0,254,5.966692144202248e-07,0.0,0.6460905349794239
logistic,509,0,255,1.8426198866341796e-07,0.0,0.7396694214876034
logistic,510,0,255,1.8426198866341796e-07,0.0,0.7396694214876034
logistic,511,0,256,9.438576113947666e-09,0.0,0.8758744855967078
logistic,512,0,256,9.438576113947666e-09,0.0,0.8758744855967078
logistic,513,0,257,2.3313353825730156e-08,0.0,0.9045798898071625
logistic,514,0,257,2.3313353825730156e-08,0.0,0.9045798898071625
logistic,515,0,258,1.548596236370481e-08,0.0,0.8879820936639119
logistic,516,0,258,1.548596236370481e-08,0.0,0.8879820936639119
logistic,517,0,259,4.356472163112987e-08,0.0,0.9291666666666667
logistic,518,0,259,4.356472163112987e-08,0.0,0.9291666666666667
logistic,519,0,260,4.728011278677948e-08,0.0,0.8844262295081967
logistic,520,0,260,4.728011278677948e-08,0.0,0.8844262295081967
logistic,521,0,261,5.061221242236141e-09,0.0,0.9461934156378601
logistic,522,0,261,5.061221242236141e-09,0.0,0.9461934156378601
logistic,523,0,262,8.171250304628042e-08,0.0,0.8719262295081966
logistic,524,0,262,8.171250304628042e-08,0.0,0.8719262295081966
logistic,525,0,263,9.858065179153148e-07,0.0,0.6016494636713217
logistic,526,0,263,9.858065179153148e-07,0.0,0.6016494636713217
logistic,527,0,264,3.914192119176074e-07,0.0,0.7666666666666666
logistic,528,0,264,3.914192119176074e-07,0.0,0.7666666666666666
logistic,529,0,265,9.523666465385693e-10,0.0,0.9506172839506173
logistic,530,0,265,9.523666465385693e-10,0.0,0.9506172839506173
logistic,531,0,266,1.224496384267714e-07,0.0,0.7519808743169398
logistic,532,0,266,1.224496384267714e-07,0.0,0.7519808743169398
logistic,533,0,267,1.2504103603403885e-07,0.0,0.7896813250348604
logistic,534,0,267,1.2504103603403885e-07,0.0,0.7896813250348604
logistic,535,0,268,1.6648913128264802e-09,0.0,0.9586776859504132
logistic,536,0,268,1.6648913128264802e-09,0.0,0.9586776859504132
logistic,537,0,269,5.441587371200806e-09,0.0,0.9421487603305785
logistic,538,0,269,5.441587371200806e-09,0.0,0.9421487603305785
logistic,539,0,270,9.261154434544001e-09,0.0,0.8884297520661157
logistic,540,0,270,9.261154434544001e-09,0.0,0.8884297520661157
logistic,541,0,271,6.126157379233302e-08,0.0,0.7979457878447778
logistic,542,0,271,6.126157379233302e-08,0.0,0.7979457878447778
logistic,543,0,272,1.613564138720808e-07,0.0,0.7407532854626744
logistic,544,0,272,1.613564138720808e-07,0.0,0.7407532854626744
logistic,545,0,273,1.3194990997456913e-05,0.0,0.4239940387481371
logistic,546,0,273,1.3194990997456913e-05,0.0,0.4239940387481371
logistic,547,0,274,6.065061931598581e-07,0.0,0.709538567493113
logistic,548,0,274,6.065061931598581e-07,0.0,0.709538567493113
logistic,549,0,275,1.247165766124536e-06,0.0,0.6412610958065503
logistic,550,0,275,1.247165766124536e-06,0.0,0.6412610958065503
logistic,551,0,276,2.8746895762666244e-07,0.0,0.7148224043715847
logistic,552,0,276,2.8746895762666244e-07,0.0,0.7148224043715847
logistic,553,0,277,9.191131182350496e-08,0.0,0.7737772659531229
logistic,554,0,277,9.191131182350496e-08,0.0,0.7737772659531229
logistic,555,0,278,1.8314295140804198e-09,0.0,0.9460743801652892
logistic,556,0,278,1.8314295140804198e-09,0.0,0.9460743801652892
logistic,557,0,279,2.6690363857548965e-07,0.0,0.8132920110192837
logistic,558,0,279,2.6690363857548965e-07,0.0,0.8132920110192837
logistic,559,0,280,2.2112096067271427e-08,0.0,0.8515627657041799
logistic,560,0,280,2.2112096067271427e-08,0.0,0.8515627657041799
logistic,561,0,281,7.983253387630855e-08,0.0,0.7443288099853757
logistic,562,0,281,7.983253387630855e-08,0.0,0.7443288099853757
logistic,563,0,282,1.910036290266291e-07,0.0,0.7053030303030303
logistic,564,0,282,1.910036290266291e-07,0.0,0.7053030303030303
logistic,565,0,283,3.5270936620053157e-07,0.0,0.6625514403292181
logistic,566,0,283,3.5270936620053157e-07,0.0,0.6625514403292181
logistic,567,0,284,8.303268450706494e-08,0.0,0.7644808743169399
logistic,568,0,284,8.303268450706494e-08,0.0,0.7644808743169399
logistic,569,0,285,7.471883847024945e-09,0.0,0.9255144032921812
logistic,570,0,285,7.471883847024945e-09,0.0,0.9255144032921812
logistic,571,0,286,7.82451716130944e-08,0.0,0.8316130337988261
logistic,572,0,286,7.82451716130944e-08,0.0,0.8316130337988261
logistic,573,0,287,3.4901279318761304e-08,0.0,0.8553719008264463
logistic,574,0,287,3.4901279318761304e-08,0.0,0.8553719008264463
logistic,575,0,288,2.275046198462048e-08,0.0,0.8713498622589532
logistic,576,0,288,2.275046198462048e-08,0.0,0.8713498622589532
logistic,577,0,289,8.387256420875984e-08,0.0,0.7731864095500459
logistic,578,0,289,8.387256420875984e-08,0.0,0.7731864095500459
logistic,579,0,290,3.70574055297677e-07,0.0,0.6791666666666667
logistic,580,0,290,3.70574055297677e-07,0.0,0.6791666666666667
logistic,581,0,291,9.725321158382946e-06,0.0,0.371900826446281
logistic,582,0,291,9.725321158382946e-06,0.0,0.371900826446281
logistic,583,0,292,5.422865979679764e-08,0.0,0.8559670781893005
logistic,584,0,292,5.422865979679764e-08,0.0,0.8559670781893005
logistic,585,0,293,9.179619146382685e-07,0.0,0.6214943774556293
logistic,586,0,293,9.179619146382685e-07,0.0,0.6214943774556293
logistic,587,0,294,1.904575185198903e-08,0.0,0.8553961748633879
logistic,588,0,294,1.904575185198903e-08,0.0,0.8553961748633879
logistic,589,0,295,1.097124732495026e-08,0.0,0.8556609869741183
logistic,590,0,295,1.097124732495026e-08,0.0,0.8556609869741183
logistic,591,0,296,1.0868493873345858e-07,0.0,0.7810109289617486
logistic,592,0,296,1.0868493873345858e-07,0.0,0.7810109289617486
logistic,593,0,297,8.716260402487711e-08,0.0,0.7901029670776318
logistic,594,0,297,8.716260402487711e-08,0.0,0.7901029670776318
logistic,595,0,298,7.755073880627588e-09,0.0,0.9215163934426229
logistic,596,0,298,7.755073880627588e-09,0.0,0.9215163934426229
logistic,597,0,299,2.582024959711867e-09,0.0,0.9587627112879638
logistic,598,0,299,2.582024959711867e-09,0.0,0.9587627112879638
logistic,599,0,300,6.360187841023814e-06,0.0,0.4375
logistic,600,0,300,6.360187841023814e-06,0.0,0.4375
logistic,601,0,301,4.838745935748107e-07,0.0,0.743801652892562
logistic,602,0,301,4.838745935748107e-07,0.0,0.743801652892562
logistic,603,0,302,3.911508549520836e-06,0.0,0.5041666666666667
logistic,604,0,302,3.911508549520836e-06,0.0,0.5041666666666667
logistic,605,0,303,5.656748699807547e-07,0.0,0.7030915212733395
logistic,606,0,303,5.656748699807547e-07,0.0,0.7030915212733395
logistic,607,0,304,4.00196011172637e-08,0.0,0.831275720164609
logistic,608,0,304,4.00196011172637e-08,0.0,0.831275720164609
logistic,609,0,305,2.8369338433505542e-08,0.0,0.7983674298875492
logistic,610,0,305,2.8369338433505542e-08,0.0,0.7983674298875492
logistic,611,0,306,1.0624577555076203e-08,0.0,0.9176954732510288
logistic,612,0,306,1.0624577555076203e-08,0.0,0.9176954732510288
logistic,613,0,307,2.4650859080034934e-08,0.0,0.8804203652688501
logistic,614,0,307,2.4650859080034934e-08,0.0,0.8804203652688501
logistic,615,0,308,1.2008496754367248e-07,0.0,0.8340564738292011
logistic,616,0,308,1.2008496754367248e-07,0.0,0.8340564738292011
logistic,617,0,309,1.96818124343406e-05,0.0,0.3662105405771575
logistic,618,0,309,1.96818124343406e-05,0.0,0.3662105405771575
logistic,619,0,310,5.921176169811464e-06,0.0,0.4404890936187509
logistic,620,0,310,5.921176169811464e-06,0.0,0.4404890936187509
logistic,621,0,311,7.283275413186687e-05,0.0,0.39920065031838503
logistic,622,0,311,7.283275413186687e-05,0.0,0.39920065031838503
logistic,623,0,312,4.5591124692570217e-07,0.0,0.6434426229508197
logistic,624,0,312,4.5591124692570217e-07,0.0,0.6434426229508197
logistic,625,0,313,9.17995539897948e-06,0.0,0.46521474055006096
logistic,626,0,313,9.17995539897948e-06,0.0,0.46521474055006096
logistic,627,0,314,9.103594757539369e-07,0.0,0.6057478243270593
logistic,628,0,314,9.103594757539369e-07,0.0,0.6057478243270593
logistic,629,0,315,9.04065441273861e-07,0.0,0.7154882154882155
logistic,630,0,315,9.04065441273861e-07,0.0,0.7154882154882155
logistic,631,0,316,2.6863115972125513e-08,0.0,0.8506198347107439
logistic,632,0,316,2.6863115972125513e-08,0.0,0.8506198347107439
logistic,633,0,317,3.6329155125111285e-07,0.0,0.7289516292248532
logistic,634,0,317,3.6329155125111285e-07,0.0,0.7289516292248532
logistic,635,0,318,5.573122376871977e-07,0.0,0.7041666666666666
logistic,636,0,318,5.573122376871977e-07,0.0,0.7041666666666666
logistic,637,0,319,1.293018456599972e-07,0.0,0.7195864367581539
logistic,638,0,319,1.293018456599972e-07,0.0,0.7195864367581539
logistic,639,0,320,1.2555041932824511e-06,0.0,0.6190329218106996
logistic,640,0,320,1.2555041932824511e-06,0.0,0.6190329218106996
logistic,641,0,321,4.493097759291972e-06,0.0,0.5298779036152774
logistic,642,0,321,4.493097759291972e-06,0.0,0.5298779036152774
logistic,643,0,322,2.726919040119531e-07,0.0,0.6541666666666667
logistic,644,0,322,2.726919040119531e-07,0.0,0.6541666666666667
logistic,645,0,323,4.289928234795516e-08,0.0,0.7768595041322315
logistic,646,0,323,4.289928234795516e-08,0.0,0.7768595041322315
logistic,647,0,324,1.3065030751824265e-07,0.0,0.7479338842975207
logistic,648,0,324,1.3065030751824265e-07,0.0,0.7479338842975207
logistic,649,0,325,2.965718477259115e-08,0.0,0.8712809917355372
logistic,650,0,325,2.965718477259115e-08,0.0,0.8712809917355372
logistic,651,0,326,4.136527370442191e-08,0.0,0.8174931129476584
logistic,652,0,326,4.136527370442191e-08,0.0,0.8174931129476584
logistic,653,0,327,1.8501449724020967e-06,0.0,0.697107438016529
logistic,654,0,327,1.8501449724020967e-06,0.0,0.697107438016529
logistic,655,0,328,4.007045875878258e-09,0.0,0.9300569028586912
logistic,656,0,328,4.007045875878258e-09,0.0,0.9300569028586912
logistic,657,0,329,2.0734324089086535e-06,0.0,0.6453423120089787
logistic,658,0,329,2.0734324089086535e-06,0.0,0.6453423120089787
logistic,659,0,330,7.958160718780543e-07,0.0,0.6646090534979423
logistic,660,0,330,7.958160718780543e-07,0.0,0.6646090534979423
logistic,661,0,331,4.700743695358948e-06,0.0,0.4743304324360791
logistic,662,0,331,4.700743695358948e-06,0.0,0.4743304324360791
logistic,663,0,332,3.731290196392649e-06,0.0,0.506198347107438
logistic,664,0,332,3.731290196392649e-06,0.0,0.506198347107438
logistic,665,0,333,2.2729011907756418e-06,0.0,0.628099173553719
logistic,666,0,333,2.2729011907756418e-06,0.0,0.628099173553719
logistic,667,0,334,2.971292327465815e-08,0.0,0.8260288065843622
logistic,668,0,334,2.971292327465815e-08,0.0,0.8260288065843622
logistic,669,0,335,1.290646699815751e-07,0.0,0.7443288099853757
logistic,670,0,335,1.290646699815751e-07,0.0,0.7443288099853757
logistic,671,0,336,2.5493143957010087e-07,0.0,0.7042771368818728
logistic,672,0,336,2.5493143957010087e-07,0.0,0.7042771368818728
logistic,673,0,337,1.356865085584909e-06,0.0,0.6742509267761794
logistic,674,0,337,1.356865085584909e-06,0.0,0.6742509267761794
logistic,675,0,338,7.204142822148209e-06,0.0,0.5308195592286501
logistic,676,0,338,7.204142822148209e-06,0.0,0.5308195592286501
logistic,677,0,339,4.958003782663078e-07,0.0,0.6583333333333333
logistic,678,0,339,4.958003782663078e-07,0.0,0.6583333333333333
logistic,679,0,340,3.7255570354939223e-06,0.0,0.5018967619563746
logistic,680,0,340,3.7255570354939223e-06,0.0,0.5018967619563746
logistic,681,0,341,6.95223274985229e-05,0.0,0.275
logistic,682,0,341,6.95223274985229e-05,0.0,0.275
logistic,683,0,342,1.677539820983757e-05,0.0,0.4483809781872375
logistic,684,0,342,1.677539820983757e-05,0.0,0.4483809781872375
logistic,685,0,343,3.191730748457824e-07,0.0,0.7012052341597796
logistic,686,0,343,3.191730748457824e-07,0.0,0.7012052341597796
logistic,687,0,344,1.3802874733501956e-07,0.0,0.7773186409550046
logistic,688,0,344,1.3802874733501956e-07,0.0,0.7773186409550046
logistic,689,0,345,6.338796500092515e-06,0.0,0.5102289662647338
logistic,690,0,345,6.338796500092515e-06,0.0,0.5102289662647338
logistic,691,0,346,5.663932627627052e-07,0.0,0.6872427983539094
logistic,692,0,346,5.663932627627052e-07,0.0,0.6872427983539094
logistic,693,0,347,4.1919277014000404e-07,0.0,0.6461522828884976
logistic,694,0,347,4.1919277014000404e-07,0.0,0.6461522828884976
logistic,695,0,348,3.984284384235377e-07,0.0,0.7333333333333334
logistic,696,0,348,3.984284384235377e-07,0.0,0.7333333333333334
logistic,697,0,349,8.409570706788895e-06,0.0,0.5
logistic,698,0,349,8.409570706788895e-06,0.0,0.5
logistic,699,0,350,2.8414349313141215e-06,0.0,0.5932851239669421
logistic,700,0,350,2.8414349313141215e-06,0.0,0.5932851239669421
logistic,701,0,351,4.11858156476561e-06,0.0,0.5298949086827875
logistic,702,0,351,4.11858156476561e-06,0.0,0.5298949086827875
logistic,703,0,352,0.00020967742196997542,0.0,0.2190082644628099
logistic,704,0,352,0.00020967742196997542,0.0,0.2190082644628099
logistic,705,0,353,1.361414264252047e-07,0.0,0.7120986316217315
logistic,706,0,353,1.361414264252047e-07,0.0,0.7120986316217315
logistic,707,0,354,6.984806339061453e-07,0.0,0.7479338842975207
logistic,708,0,354,6.984806339061453e-07,0.0,0.7479338842975207
logistic,709,0,355,1.2222646964770733e-06,0.0,0.5991735537190083
logistic,710,0,355,1.2222646964770733e-06,0.0,0.5991735537190083
logistic,711,0,356,8.900140514526032e-07,0.0,0.8723750169353746
logistic,712,0,356,8.900140514526032e-07,0.0,0.8723750169353746
logistic,713,0,357,1.0083855964662843e-07,0.0,0.771831955922865
logistic,714,0,357,1.0083855964662843e-07,0.0,0.771831955922865
logistic,715,0,358,6.96571715611159e-06,0.0,0.4423497267759563
logistic,716,0,358,6.96571715611159e-06,0.0,0.4423497267759563
logistic,717,0,359,4.507520053554319e-05,0.0,0.3058743169398907
logistic,718,0,359,4.507520053554319e-05,0.0,0.3058743169398907
logistic,719,0,360,0.00011576622179210545,0.0,0.2716095380029806
logistic,720,0,360,0.00011576622179210545,0.0,0.2716095380029806
logistic,721,0,361,0.0001241123898498381,0.0,0.29049586776859504
logistic,722,0,362,7.954643509378282e-07,0.0,0.6472451790633609
logistic,723,0,362,7.954643509378282e-07,0.0,0.6472451790633609
logistic,724,0,361,0.0001241123898498381,0.0,0.29049586776859504
logistic,725,0,363,5.461936073514708e-07,0.0,0.6666440861671861
logistic,726,0,363,5.461936073514708e-07,0.0,0.6666440861671861
logistic,727,0,364,3.2061475074814157e-07,0.0,0.6942148760330579
logistic,728,0,364,3.2061475074814157e-07,0.0,0.6942148760330579
logistic,729,0,365,2.6472689155989318e-08,0.0,0.8395203901910311
logistic,730,0,365,2.6472689155989318e-08,0.0,0.8395203901910311
logistic,731,0,366,1.9950377570328368e-08,0.0,0.827157566725376
logistic,732,0,366,1.9950377570328368e-08,0.0,0.827157566725376
logistic,733,0,367,6.813975547915602e-07,0.0,0.6058884297520661
logistic,734,0,368,6.073745783548931e-05,0.0,0.44628099173553715
logistic,735,0,368,6.073745783548931e-05,0.0,0.44628099173553715
logistic,736,0,367,6.813975547915602e-07,0.0,0.6058884297520661
logistic,737,0,369,1.6985635989523392e-05,0.0,0.45792012413141736
logistic,738,0,369,1.6985635989523392e-05,0.0,0.45792012413141736
logistic,739,0,370,6.159403484749648e-06,0.0,0.4741255144032922
logistic,740,0,371,2.1429375718394924e-05,0.0,0.35
logistic,741,0,371,2.1429375718394924e-05,0.0,0.35
logistic,742,0,370,6.159403484749648e-06,0.0,0.4741255144032922
logistic,743,0,372,1.0525198588447645e-06,0.0,0.5825819672131147
logistic,744,0,372,1.0525198588447645e-06,0.0,0.5825819672131147
logistic,745,0,373,4.811033385411432e-07,0.0,0.6487704918032787
logistic,746,0,373,4.811033385411432e-07,0.0,0.6487704918032787
logistic,747,0,374,4.074233666371014e-05,0.0,0.2946280991735537
logistic,748,0,375,6.439720465550551e-07,0.0,0.618076637657694
logistic,749,0,375,6.439720465550551e-07,0.0,0.618076637657694
logistic,750,0,374,4.074233666371014e-05,0.0,0.2946280991735537
logistic,751,0,376,2.529071414289517e-05,0.0,0.39827823691460057
logistic,752,0,376,2.529071414289517e-05,0.0,0.39827823691460057
logistic,753,0,377,3.3983852984855423e-07,0.0,0.720738042231667
logistic,754,0,377,3.3983852984855423e-07,0.0,0.720738042231667
logistic,755,0,378,7.427748841033203e-07,0.0,0.6618542325613033
logistic,756,0,378,7.427748841033203e-07,0.0,0.6618542325613033
logistic,757,0,379,9.591641678801811e-06,0.0,0.4650115160547351
logistic,758,0,380,0.00021238390492118892,0.0,0.2484314916008905
logistic,759,0,379,9.591641678801811e-06,0.0,0.4650115160547351
logistic,760,0,380,0.00021238390492118892,0.0,0.2484314916008905
logistic,761,0,381,0.00012629728370000705,0.0,0.31265432098765433
logistic,762,0,381,0.00012629728370000705,0.0,0.31265432098765433
logistic,763,0,382,3.085146223865841e-06,0.0,0.6049315810865736
logistic,764,0,382,3.085146223865841e-06,0.0,0.6049315810865736
logistic,765,0,383,0.0001906130802798583,0.0,0.29886363636363633
logistic,766,0,384,1.2471171827369536e-06,0.0,0.5893543817041085
logistic,767,0,384,1.2471171827369536e-06,0.0,0.5893543817041085
logistic,768,0,383,0.0001906130802798583,0.0,0.29886363636363633
logistic,769,0,385,0.00015858638596534096,0.0,0.24793388429752067
logistic,770,0,385,0.00015858638596534096,0.0,0.24793388429752067
logistic,771,0,386,9.285655367724225e-07,0.0,0.6583457526080476
logistic,772,0,386,9.285655367724225e-07,0.0,0.6583457526080476
logistic,773,0,387,8.809639033405302e-05,0.0,0.4605716253443526
logistic,774,0,388,3.0940757843068924e-05,0.0,0.36775956284153005
logistic,775,0,388,3.0940757843068924e-05,0.0,0.36775956284153005
logistic,776,0,389,4.799636355925224e-07,0.0,0.6555096418732782
logistic,777,0,387,8.809639033405302e-05,0.0,0.4605716253443526
logistic,778,0,389,4.799636355925224e-07,0.0,0.6555096418732782
logistic,779,0,390,6.477561031816402e-07,0.0,0.6371288644015917
logistic,780,0,390,6.477561031816402e-07,0.0,0.6371288644015917
logistic,781,0,391,5.075507196484427e-07,0.0,0.6626134670098902
logistic,782,0,392,5.950174541409312e-07,0.0,0.7541666666666667
logistic,783,0,391,5.075507196484427e-07,0.0,0.6626134670098902
logistic,784,0,392,5.950174541409312e-07,0.0,0.7541666666666667
logistic,785,0,393,1.2531894806426724e-05,0.0,0.4244341563786008
logistic,786,0,393,1.2531894806426724e-05,0.0,0.4244341563786008
logistic,787,0,394,1.098781406307512e-05,0.0,0.6371628745366119
logistic,788,0,394,1.098781406307512e-05,0.0,0.6371628745366119
logistic,789,0,395,2.151571018331092e-07,0.0,0.8221994535519126
logistic,790,0,395,2.151571018331092e-07,0.0,0.8221994535519126
logistic,791,0,396,1.665029679127797e-08,0.0,0.8838154269972451
logistic,792,0,396,1.665029679127797e-08,0.0,0.8838154269972451
logistic,793,0,397,2.378732029866726e-07,0.0,0.7489161360249288
logistic,794,0,397,2.378732029866726e-07,0.0,0.7489161360249288
logistic,795,0,398,4.434717008330444e-08,0.0,0.8433323130292827
logistic,796,0,398,4.434717008330444e-08,0.0,0.8433323130292827
logistic,797,0,399,3.420613843310269e-08,0.0,0.8636363636363636
logistic,798,0,399,3.420613843310269e-08,0.0,0.8636363636363636
logistic,799,0,400,9.656252755428534e-08,0.0,0.7479338842975207
logistic,800,0,401,1.9491034706410796e-07,0.0,0.7196204468931742
logistic,801,0,400,9.656252755428534e-08,0.0,0.7479338842975207
logistic,802,0,401,1.9491034706410796e-07,0.0,0.7196204468931742
logistic,803,0,402,2.086516660759236e-07,0.0,0.7148907103825137
logistic,804,0,403,2.5752353140757975e-07,0.0,0.6722796143250689
logistic,805,0,402,2.086516660759236e-07,0.0,0.7148907103825137
logistic,806,0,403,2.5752353140757975e-07,0.0,0.6722796143250689
logistic,807,0,404,7.494017963711686e-09,0.0,0.9045454545454545
logistic,808,0,405,9.638467983997467e-07,0.0,0.6239669421487604
logistic,809,0,405,9.638467983997467e-07,0.0,0.6239669421487604
logistic,810,0,404,7.494017963711686e-09,0.0,0.9045454545454545
logistic,811,0,406,1.4110666545094996e-08,0.0,0.9010245901639344
logistic,812,0,406,1.4110666545094996e-08,0.0,0.9010245901639344
logistic,813,0,407,4.092053712163138e-07,0.0,0.6755886122917087
logistic,814,0,407,4.092053712163138e-07,0.0,0.6755886122917087
logistic,815,0,408,2.5884923642547116e-07,0.0,0.8143216678570214
logistic,816,0,408,2.5884923642547116e-07,0.0,0.8143216678570214
logistic,817,0,409,8.784876191706746e-07,0.0,0.6348829201101929
logistic,818,0,409,8.784876191706746e-07,0.0,0.6348829201101929
logistic,819,0,410,8.347635091532817e-06,0.0,0.4474373363262252
logistic,820,0,410,8.347635091532817e-06,0.0,0.4474373363262252
logistic,821,0,411,4.316006811910066e-08,0.0,0.8181010928961749
logistic,822,0,411,4.316006811910066e-08,0.0,0.8181010928961749
logistic,823,0,412,9.078189290814534e-07,0.0,0.5916666666666666
logistic,824,0,412,9.078189290814534e-07,0.0,0.5916666666666666
logistic,825,0,413,5.929934088639675e-08,0.0,0.8264344262295082
logistic,826,0,413,5.929934088639675e-08,0.0,0.8264344262295082
logistic,827,0,414,5.313100697805596e-08,0.0,0.8845355916062987
logistic,828,0,414,5.313100697805596e-08,0.0,0.8845355916062987
logistic,829,0,415,2.8513458976066147e-08,0.0,0.8354220295352933
logistic,830,0,415,2.8513458976066147e-08,0.0,0.8354220295352933
logistic,831,0,416,1.7180957847863162e-07,0.0,0.7842286501377411
logistic,832,0,416,1.7180957847863162e-07,0.0,0.7842286501377411
logistic,833,0,417,4.6253383713601624e-08,0.0,0.7727272727272727
logistic,834,0,417,4.6253383713601624e-08,0.0,0.7727272727272727
logistic,835,0,418,1.100833099805805e-05,0.0,0.4133879781420765
logistic,836,0,418,1.100833099805805e-05,0.0,0.4133879781420765
logistic,837,0,419,5.316530452307918e-06,0.0,0.481301652892562
logistic,838,0,419,5.316530452307918e-06,0.0,0.481301652892562
logistic,839,0,420,1.2058216802865426e-06,0.0,0.6304223166700398
logistic,840,0,420,1.2058216802865426e-06,0.0,0.6304223166700398
logistic,841,0,421,3.6214724850193657e-06,0.0,0.49685406251062814
logistic,842,0,421,3.6214724850193657e-06,0.0,0.49685406251062814
logistic,843,0,422,1.9238923181185123e-07,0.0,0.7072407577458083
logistic,844,0,422,1.9238923181185123e-07,0.0,0.7072407577458083
logistic,845,0,423,8.899694823164854e-07,0.0,0.6598829201101928
logistic,846,0,423,8.899694823164854e-07,0.0,0.6598829201101928
logistic,847,0,424,6.791413595569715e-09,0.0,0.9300569028586912
logistic,848,0,424,6.791413595569715e-09,0.0,0.9300569028586912
logistic,849,0,425,1.5531981016423294e-08,0.0,0.8595628415300547
logistic,850,0,425,1.5531981016423294e-08,0.0,0.8595628415300547
logistic,851,0,426,6.958552040592834e-08,0.0,0.8181693989071038
logistic,852,0,426,6.958552040592834e-08,0.0,0.8181693989071038
logistic,853,0,427,1.117867192710204e-06,0.0,0.6266184573002755
logistic,854,0,427,1.117867192710204e-06,0.0,0.6266184573002755
logistic,855,0,428,1.371172177335932e-05,0.0,0.384297520661157
logistic,856,0,428,1.371172177335932e-05,0.0,0.384297520661157
logistic,857,0,429,4.089362703142138e-06,0.0,0.49173553719008267
logistic,858,0,429,4.089362703142138e-06,0.0,0.49173553719008267
logistic,859,0,430,5.476161968169264e-07,0.0,0.6224173553719008
logistic,860,0,431,5.352285058852891e-07,0.0,0.6889118457300276
logistic,861,0,430,5.476161968169264e-07,0.0,0.6224173553719008
logistic,862,0,431,5.352285058852891e-07,0.0,0.6889118457300276
logistic,863,0,432,1.008885370313434e-08,0.0,0.9300569028586912
logistic,864,0,432,1.008885370313434e-08,0.0,0.9300569028586912
logistic,865,0,433,1.7162963220308935e-07,0.0,0.7509641873278237
logistic,866,0,433,1.7162963220308935e-07,0.0,0.7509641873278237
logistic,867,0,434,1.6386471523268194e-06,0.0,0.6461522828884976
logistic,868,0,434,1.6386471523268194e-06,0.0,0.6461522828884976
logistic,869,0,435,1.4783246613138281e-06,0.0,0.6494575383464272
logistic,870,0,435,1.4783246613138281e-06,0.0,0.6494575383464272
logistic,871,0,436,2.1086314626590887e-07,0.0,0.7819739872645983
logistic,872,0,436,2.1086314626590887e-07,0.0,0.7819739872645983
logistic,873,0,437,1.3834444996181472e-06,0.0,0.5761414442487467
logistic,874,0,437,1.3834444996181472e-06,0.0,0.5761414442487467
logistic,875,0,438,1.653260730109687e-06,0.0,0.6303211225797747
logistic,876,0,438,1.653260730109687e-06,0.0,0.6303211225797747
logistic,877,0,439,1.4184826136337254e-05,0.0,0.40664600550964186
logistic,878,0,439,1.4184826136337254e-05,0.0,0.40664600550964186
logistic,879,0,440,5.299123438437685e-07,0.0,0.6296910987671047
logistic,880,0,440,5.299123438437685e-07,0.0,0.6296910987671047
logistic,881,0,441,5.598325503818949e-08,0.0,0.8134297520661157
logistic,882,0,441,5.598325503818949e-08,0.0,0.8134297520661157
logistic,883,0,442,5.671034378511453e-06,0.0,0.5564831680496526
logistic,884,0,442,5.671034378511453e-06,0.0,0.5564831680496526
logistic,885,0,443,2.0137382019264444e-08,0.0,0.9090909090909091
logistic,886,0,443,2.0137382019264444e-08,0.0,0.9090909090909091
logistic,887,0,444,5.029427206561825e-08,0.0,0.7942386831275721
logistic,888,0,444,5.029427206561825e-08,0.0,0.7942386831275721
logistic,889,0,445,1.699411389501326e-06,0.0,0.6337555886736215
logistic,890,0,445,1.699411389501326e-06,0.0,0.6337555886736215
logistic,891,0,446,4.809504291438764e-07,0.0,0.5834948814746794
logistic,892,0,446,4.809504291438764e-07,0.0,0.5834948814746794
logistic,893,0,447,2.818598989972295e-06,0.0,0.5205601092896175
logistic,894,0,447,2.818598989972295e-06,0.0,0.5205601092896175
logistic,895,0,448,9.220204394040296e-06,0.0,0.4321230185611705
logistic,896,0,448,9.220204394040296e-06,0.0,0.4321230185611705
logistic,897,0,449,1.9668571460271143e-06,0.0,0.5207650273224044
logistic,898,0,449,1.9668571460271143e-06,0.0,0.5207650273224044
logistic,899,0,450,2.16012404450956e-05,0.0,0.3622942386831276
logistic,900,0,450,2.16012404450956e-05,0.0,0.3622942386831276
logistic,901,0,451,8.578853719125006e-07,0.0,0.6140840220385675
logistic,902,0,451,8.578853719125006e-07,0.0,0.6140840220385675
logistic,903,0,452,3.811929526165833e-09,0.0,0.9216746590483964
logistic,904,0,452,3.811929526165833e-09,0.0,0.9216746590483964
logistic,905,0,453,1.0447037096470584e-08,0.0,0.9041666666666667
logistic,906,0,453,1.0447037096470584e-08,0.0,0.9041666666666667
logistic,907,0,454,3.771232190284233e-09,0.0,0.9382197534209457
logistic,908,0,454,3.771232190284233e-09,0.0,0.9382197534209457
logistic,909,0,455,3.844486458206298e-07,0.0,0.7883608815426997
logistic,910,0,455,3.844486458206298e-07,0.0,0.7883608815426997
logistic,911,0,456,4.515257689577489e-05,0.0,0.36198559670781894
logistic,912,0,456,4.515257689577489e-05,0.0,0.36198559670781894
logistic,913,0,457,1.0777866443244299e-05,0.0,0.42320936639118456
logistic,914,0,457,1.0777866443244299e-05,0.0,0.42320936639118456
logistic,915,0,458,7.046229403924279e-05,0.0,0.31404958677685946
logistic,916,0,458,7.046229403924279e-05,0.0,0.31404958677685946
logistic,917,0,459,4.3384102147714546e-06,0.0,0.47520491803278686
logistic,918,0,459,4.3384102147714546e-06,0.0,0.47520491803278686
logistic,919,0,460,7.601084021718901e-06,0.0,0.4350576471788593
logistic,920,0,460,7.601084021718901e-06,0.0,0.4350576471788593
logistic,921,0,461,3.0782917058418134e-07,0.0,0.6735537190082646
logistic,922,0,461,3.0782917058418134e-07,0.0,0.6735537190082646
logistic,923,0,462,4.6267134196421227e-07,0.0,0.6370778491990614
logistic,924,0,463,4.1860798971644537e-07,0.0,0.666003469033772
logistic,925,0,462,4.6267134196421227e-07,0.0,0.6370778491990614
logistic,926,0,463,4.1860798971644537e-07,0.0,0.666003469033772
logistic,927,0,464,1.4232167992955699e-06,0.0,0.6090299417423113
logistic,928,0,464,1.4232167992955699e-06,0.0,0.6090299417423113
logistic,929,0,465,7.978335111445039e-08,0.0,0.7833333333333333
logistic,930,0,465,7.978335111445039e-08,0.0,0.7833333333333333
logistic,931,0,466,7.627475622869462e-07,0.0,0.6458333333333334
logistic,932,0,466,7.627475622869462e-07,0.0,0.6458333333333334
logistic,933,0,467,2.1669352482473246e-06,0.0,0.5371900826446281
logistic,934,0,467,2.1669352482473246e-06,0.0,0.5371900826446281
logistic,935,0,468,0.00022281871199232272,0.0,0.210724043715847
logistic,936,0,468,0.00022281871199232272,0.0,0.210724043715847
logistic,937,0,469,1.638208661522842e-05,0.0,0.4050546448087432
logistic,938,0,469,1.638208661522842e-05,0.0,0.4050546448087432
logistic,939,0,470,1.5585786699299516e-05,0.0,0.4172814207650273
logistic,940,0,470,1.5585786699299516e-05,0.0,0.4172814207650273
logistic,941,0,471,4.181966964333046e-06,0.0,0.5496584699453553
logistic,942,0,471,4.181966964333046e-06,0.0,0.5496584699453553
logistic,943,0,472,4.038974944735874e-06,0.0,0.47933884297520657
logistic,944,0,472,4.038974944735874e-06,0.0,0.47933884297520657
logistic,945,0,473,4.44558042159429e-08,0.0,0.7974726775956285
logistic,946,0,473,4.44558042159429e-08,0.0,0.7974726775956285
logistic,947,0,474,1.227416436393982e-06,0.0,0.6555440771349863
logistic,948,0,474,1.227416436393982e-06,0.0,0.6555440771349863
logistic,949,0,475,9.448546885463513e-08,0.0,0.7479508196721312
logistic,950,0,475,9.448546885463513e-08,0.0,0.7479508196721312
logistic,951,0,476,2.699625762498338e-06,0.0,0.4959016393442623
logistic,952,0,476,2.699625762498338e-06,0.0,0.4959016393442623
logistic,953,0,477,5.5149978844686766e-05,0.0,0.31272862755724157
logistic,954,0,477,5.5149978844686766e-05,0.0,0.31272862755724157
logistic,955,0,478,0.0004816624027467281,0.0,0.18107302533532044
logistic,956,0,478,0.0004816624027467281,0.0,0.18107302533532044
logistic,957,0,479,1.1510007460845628e-05,0.0,0.42101801254806714
logistic,958,0,479,1.1510007460845628e-05,0.0,0.42101801254806714
logistic,959,0,480,4.865195507296922e-06,0.0,0.5165289256198347
logistic,960,0,480,4.865195507296922e-06,0.0,0.5165289256198347
logistic,961,0,481,1.5688387298927318e-06,0.0,0.5867768595041323
logistic,962,0,481,1.5688387298927318e-06,0.0,0.5867768595041323
logistic,963,0,482,2.3701935344748118e-07,0.0,0.7625
logistic,964,0,482,2.3701935344748118e-07,0.0,0.7625
logistic,965,0,483,3.6990942736991657e-06,0.0,0.5092507567255042
logistic,966,0,483,3.6990942736991657e-06,0.0,0.5092507567255042
logistic,967,0,484,2.7622325439542904e-07,0.0,0.7663934426229508
logistic,968,0,484,2.7622325439542904e-07,0.0,0.7663934426229508
logistic,969,0,485,0.00010770357386369561,0.0,0.6347107438016528
logistic,970,0,485,0.00010770357386369561,0.0,0.6347107438016528
logistic,971,0,486,3.210308208528993e-05,0.0,0.3429752066115702
logistic,972,0,486,3.210308208528993e-05,0.0,0.3429752066115702
logistic,973,0,487,2.2607704847947175e-05,0.0,0.35272038567493114
logistic,974,0,487,2.2607704847947175e-05,0.0,0.35272038567493114
logistic,975,0,488,4.3722100009844135e-05,0.0,0.35
logistic,976,0,488,4.3722100009844135e-05,0.0,0.35
logistic,977,0,489,2.206292644783971e-05,0.0,0.3871399176954733
logistic,978,0,489,2.206292644783971e-05,0.0,0.3871399176954733
logistic,979,0,490,1.6126422343634018e-06,0.0,0.8465909090909092
logistic,980,0,490,1.6126422343634018e-06,0.0,0.8465909090909092
logistic,981,0,491,9.794984715546924e-07,0.0,0.5933539944903581
logistic,982,0,491,9.794984715546924e-07,0.0,0.5933539944903581
logistic,983,0,492,3.2356604968732747e-07,0.0,0.6948270584634222
logistic,984,0,492,3.2356604968732747e-07,0.0,0.6948270584634222
logistic,985,0,493,3.361858468911415e-06,0.0,0.5517561983471074
logistic,986,0,493,3.361858468911415e-06,0.0,0.5517561983471074
logistic,987,0,494,1.599813029180405e-05,0.0,0.5349884839452649
logistic,988,0,494,1.599813029180405e-05,0.0,0.5349884839452649
logistic,989,0,495,3.622342099795314e-05,0.0,0.3402892561983471
logistic,990,0,495,3.622342099795314e-05,0.0,0.3402892561983471
logistic,991,0,496,1.6435199512818081e-06,0.0,0.5318424070700938
logistic,992,0,496,1.6435199512818081e-06,0.0,0.5318424070700938
logistic,993,0,497,3.336546274353555e-06,0.0,0.5166666666666666
logistic,994,0,497,3.336546274353555e-06,0.0,0.5166666666666666
logistic,995,0,498,2.7446266486653912e-05,0.0,0.32231404958677684
logistic,996,0,498,2.7446266486653912e-05,0.0,0.32231404958677684
logistic,997,0,499,3.292557637735952e-06,0.0,0.5518595041322314
logistic,998,0,499,3.292557637735952e-06,0.0,0.5518595041322314
logistic,999,0,500,2.110512689796737e-06,0.0,0.5184595583254301
logistic,1000,0,500,2.110512689796737e-06,0.0,0.5184595583254301
logistic,1001,0,501,4.5661124725121317e-07,0.0,0.64809670781893
logistic,1002,0,501,4.5661124725121317e-07,0.0,0.64809670781893
logistic,1003,0,502,3.840194465734197e-06,0.0,0.5020322449532584
logistic,1004,0,502,3.840194465734197e-06,0.0,0.5020322449532584
logistic,1005,0,503,0.0005584160823593851,0.0,0.2238075963030426
logistic,1006,0,503,0.0005584160823593851,0.0,0.2238075963030426
logistic,1007,0,504,1.3248590636081504e-06,0.0,0.5643250688705235
logistic,1008,0,504,1.3248590636081504e-06,0.0,0.5643250688705235
logistic,1009,0,505,0.0005065961222781333,0.0,0.19490358126721763
logistic,1010,0,505,0.0005065961222781333,0.0,0.19490358126721763
logistic,1011,0,506,1.1211642503794581e-05,0.0,0.41976019509551554
logistic,1012,0,506,1.1211642503794581e-05,0.0,0.41976019509551554
logistic,1013,0,507,6.738182913860192e-06,0.0,0.4421487603305785
logistic,1014,0,507,6.738182913860192e-06,0.0,0.4421487603305785
logistic,1015,0,508,7.598226463351204e-06,0.0,0.4274104683195592
logistic,1016,0,508,7.598226463351204e-06,0.0,0.4274104683195592
logistic,1017,0,509,6.283721983765156e-08,0.0,0.7727272727272727
logistic,1018,0,509,6.283721983765156e-08,0.0,0.7727272727272727
logistic,1019,0,510,4.2260312851250066e-06,0.0,0.5444444444444445
logistic,1020,0,510,4.2260312851250066e-06,0.0,0.5444444444444445
logistic,1021,0,511,1.2649686224055288e-07,0.0,0.8755509641873278
logistic,1022,0,511,1.2649686224055288e-07,0.0,0.8755509641873278
logistic,1023,0,512,8.56905253258306e-07,0.0,0.587610107812128
logistic,1024,0,512,8.56905253258306e-07,0.0,0.587610107812128
logistic,1025,0,513,3.4088297792729525e-05,0.0,0.3719945355191257
logistic,1026,0,513,3.4088297792729525e-05,0.0,0.3719945355191257
logistic,1027,0,514,0.0002241917159663262,0.0,0.2024793388429752
logistic,1028,0,514,0.0002241917159663262,0.0,0.2024793388429752
logistic,1029,0,515,0.00011447353984762873,0.0,0.28775720164609053
logistic,1030,0,516,2.331305212501238e-06,0.0,0.525
logistic,1031,0,516,2.331305212501238e-06,0.0,0.525
logistic,1032,0,515,0.00011447353984762873,0.0,0.28775720164609053
logistic,1033,0,517,0.0005514541142884863,0.0,0.17420798898071627
logistic,1034,0,517,0.0005514541142884863,0.0,0.17420798898071627
logistic,1035,0,518,5.981010136530558e-07,0.0,0.6016528925619835
logistic,1036,0,518,5.981010136530558e-07,0.0,0.6016528925619835
logistic,1037,0,519,7.331924626953311e-07,0.0,0.6265840220385674
logistic,1038,0,519,7.331924626953311e-07,0.0,0.6265840220385674
logistic,1039,0,520,3.267249430786923e-05,0.0,0.4268101894364521
logistic,1040,0,520,3.267249430786923e-05,0.0,0.4268101894364521
logistic,1041,0,521,7.942281607112977e-06,0.0,0.48570654382874945
logistic,1042,0,521,7.942281607112977e-06,0.0,0.48570654382874945
logistic,1043,0,522,0.0003165443469294711,0.0,0.23455493835523641
logistic,1044,0,522,0.0003165443469294711,0.0,0.23455493835523641
logistic,1045,0,523,0.0004184524238759965,0.0,0.2222598563880233
logistic,1046,0,523,0.0004184524238759965,0.0,0.2222598563880233
logistic,1047,0,524,0.0001351081770189334,0.0,0.2592128437881046
logistic,1048,0,524,0.0001351081770189334,0.0,0.2592128437881046
logistic,1049,0,525,0.0011626625213892049,0.0,0.14049586776859505
logistic,1050,0,525,0.0011626625213892049,0.0,0.14049586776859505
logistic,1051,0,526,7.427825778059014e-05,0.0,0.2696625344352617
logistic,1052,0,526,7.427825778059014e-05,0.0,0.2696625344352617
logistic,1053,0,527,2.5786434379228505e-06,0.0,0.5394628099173554
logistic,1054,0,527,2.5786434379228505e-06,0.0,0.5394628099173554
logistic,1055,0,528,2.1543112976272076e-05,0.0,0.4233471074380165
logistic,1056,0,528,2.1543112976272076e-05,0.0,0.4233471074380165
logistic,1057,0,529,1.9255923872841143e-05,0.0,0.38555589565690573
logistic,1058,0,529,1.9255923872841143e-05,0.0,0.38555589565690573
logistic,1059,0,530,2.8810371982731978e-05,0.0,0.38271604938271603
logistic,1060,0,530,2.8810371982731978e-05,0.0,0.38271604938271603
logistic,1061,0,531,2.178184401281978e-05,0.0,0.42320936639118456
logistic,1062,0,531,2.178184401281978e-05,0.0,0.42320936639118456
logistic,1063,0,532,3.859638652653167e-06,0.0,0.5071847804088241
logistic,1064,0,532,3.859638652653167e-06,0.0,0.5071847804088241
logistic,1065,0,533,0.0012875783858824525,0.0,0.12576947930483284
logistic,1066,0,533,0.0012875783858824525,0.0,0.12576947930483284
logistic,1067,0,534,6.515390736931613e-06,0.0,0.4772038567493113
logistic,1068,0,534,6.515390736931613e-06,0.0,0.4772038567493113
logistic,1069,0,535,0.0017052994925103224,0.0,0.19588137264904942
logistic,1070,0,535,0.0017052994925103224,0.0,0.19588137264904942
logistic,1071,0,536,7.987917492761576e-06,0.0,0.41972632434629453
logistic,1072,0,536,7.987917492761576e-06,0.0,0.41972632434629453
logistic,1073,0,537,2.559733633967932e-05,0.0,0.3512396694214876
logistic,1074,0,537,2.559733633967932e-05,0.0,0.3512396694214876
logistic,1075,0,538,1.0041417373219536e-06,0.0,0.5859053497942387
logistic,1076,0,538,1.0041417373219536e-06,0.0,0.5859053497942387
logistic,1077,0,539,2.7928655137564065e-06,0.0,0.519701646090535
logistic,1078,0,539,2.7928655137564065e-06,0.0,0.519701646090535
logistic,1079,0,540,9.161755533397146e-07,0.0,0.660133744855967
logistic,1080,0,540,9.161755533397146e-07,0.0,0.660133744855967
logistic,1081,0,541,1.6699725251620417e-06,0.0,0.5950819672131147
logistic,1082,0,541,1.6699725251620417e-06,0.0,0.5950819672131147
logistic,1083,0,542,3.1137626795971974e-05,0.0,0.3579460777672402
logistic,1084,0,542,3.1137626795971974e-05,0.0,0.3579460777672402
logistic,1085,0,543,3.611183445774421e-05,0.0,0.3527548209366391
logistic,1086,0,543,3.611183445774421e-05,0.0,0.3527548209366391
logistic,1087,0,544,0.001717733761786069,0.0,0.1345679012345679
logistic,1088,0,544,0.001717733761786069,0.0,0.1345679012345679
logistic,1089,0,545,2.1152068957114904e-05,0.0,0.384297520661157
logistic,1090,0,545,2.1152068957114904e-05,0.0,0.384297520661157
logistic,1091,0,546,8.701361749186353e-06,0.0,0.4421487603305785
logistic,1092,0,546,8.701361749186353e-06,0.0,0.4421487603305785
logistic,1093,0,547,4.627644323445778e-06,0.0,0.45790325844970653
logistic,1094,0,547,4.627644323445778e-06,0.0,0.45790325844970653
logistic,1095,0,548,3.0441989421778566e-05,0.0,0.37315920144202974
logistic,1096,0,548,3.0441989421778566e-05,0.0,0.37315920144202974
logistic,1097,0,549,3.92211276908645e-07,0.0,0.6487603305785123
logistic,1098,0,549,3.92211276908645e-07,0.0,0.6487603305785123
logistic,1099,0,550,5.343414412341423e-06,0.0,0.44628099173553715
logistic,1100,0,550,5.343414412341423e-06,0.0,0.44628099173553715
logistic,1101,0,551,2.3484869983185817e-05,0.0,0.35537190082644626
logistic,1102,0,551,2.3484869983185817e-05,0.0,0.35537190082644626
logistic,1103,0,552,0.00015886153119448146,0.0,0.21990358126721765
logistic,1104,0,552,0.00015886153119448146,0.0,0.21990358126721765
logistic,1105,0,553,5.180123052261314e-06,0.0,0.4609053497942387
logistic,1106,0,553,5.180123052261314e-06,0.0,0.4609053497942387
logistic,1107,0,554,0.0014605120359267281,0.0,0.13934426229508196
logistic,1108,0,554,0.0014605120359267281,0.0,0.13934426229508196
logistic,1109,0,555,1.0534429482363513e-05,0.0,0.4605716253443526
logistic,1110,0,555,1.0534429482363513e-05,0.0,0.4605716253443526
logistic,1111,0,556,2.31592742799716e-05,0.0,0.371900826446281
logistic,1112,0,556,2.31592742799716e-05,0.0,0.371900826446281
logistic,1113,0,557,2.7506301943975042e-05,0.0,0.3566642859572152
logistic,1114,0,557,2.7506301943975042e-05,0.0,0.3566642859572152
logistic,1115,0,558,1.9670458627333698e-05,0.0,0.43495561677379857
logistic,1116,0,558,1.9670458627333698e-05,0.0,0.43495561677379857
logistic,1117,0,559,5.650830099259058e-06,0.0,0.45268256333830104
logistic,1118,0,559,5.650830099259058e-06,0.0,0.45268256333830104
logistic,1119,0,560,1.0165489565614547e-05,0.0,0.45158657279869396
logistic,1120,0,560,1.0165489565614547e-05,0.0,0.45158657279869396
logistic,1121,0,561,1.8144099270733626e-06,0.0,0.5577185792349726
logistic,1122,0,561,1.8144099270733626e-06,0.0,0.5577185792349726
logistic,1123,0,562,2.074349971565454e-05,0.0,0.3388146798893611
logistic,1124,0,562,2.074349971565454e-05,0.0,0.3388146798893611
logistic,1125,0,563,3.358371629842194e-05,0.0,0.32643526951359375
logistic,1126,0,563,3.358371629842194e-05,0.0,0.32643526951359375
logistic,1127,0,564,0.00023303367823675664,0.0,0.20327134986225898
logistic,1128,0,564,0.00023303367823675664,0.0,0.20327134986225898
logistic,1129,0,565,0.0011799344730310493,0.0,0.10699769678905297
logistic,1130,0,565,0.0011799344730310493,0.0,0.10699769678905297
logistic,1131,0,566,2.8513485050371655e-06,0.0,0.5206967213114755
logistic,1132,0,566,2.8513485050371655e-06,0.0,0.5206967213114755
logistic,1133,0,567,1.3052114276949096e-05,0.0,0.42083333333333334
logistic,1134,0,567,1.3052114276949096e-05,0.0,0.42083333333333334
logistic,1135,0,568,1.0091841796561152e-06,0.0,0.5835118865421896
logistic,1136,0,568,1.0091841796561152e-06,0.0,0.5835118865421896
logistic,1137,0,569,0.0001415598278751905,0.0,0.2272727272727273
logistic,1138,0,569,0.0001415598278751905,0.0,0.2272727272727273
logistic,1139,0,570,2.7495844143778744e-06,0.0,0.5308901232895271
logistic,1140,0,570,2.7495844143778744e-06,0.0,0.5308901232895271
logistic,1141,0,571,6.16645029419111e-05,0.0,0.39411157024793386
logistic,1142,0,571,6.16645029419111e-05,0.0,0.39411157024793386
logistic,1143,0,572,1.0679190434972216e-06,0.0,0.5793796551372309
logistic,1144,0,572,1.0679190434972216e-06,0.0,0.5793796551372309
logistic,1145,0,573,1.80140497853481e-06,0.0,0.5513819265682156
logistic,1146,0,573,1.80140497853481e-06,0.0,0.5513819265682156
logistic,1147,0,574,4.577024736059838e-05,0.0,0.364979763969663
logistic,1148,0,574,4.577024736059838e-05,0.0,0.364979763969663
logistic,1149,0,575,3.3877322776181155e-07,0.0,0.6783491480461177
logistic,1150,0,575,3.3877322776181155e-07,0.0,0.6783491480461177
logistic,1151,0,576,8.895587130195853e-05,0.0,0.2659762609257559
logistic,1152,0,576,8.895587130195853e-05,0.0,0.2659762609257559
logistic,1153,0,577,2.5088681224501552e-06,0.0,0.5257286671428085
logistic,1154,0,577,2.5088681224501552e-06,0.0,0.5257286671428085
logistic,1155,0,578,4.655981673894219e-06,0.0,0.522633744855967
logistic,1156,0,578,4.655981673894219e-06,0.0,0.522633744855967
logistic,1157,0,579,5.2026358859937945e-06,0.0,0.4590163934426229
logistic,1158,0,579,5.2026358859937945e-06,0.0,0.4590163934426229
logistic,1159,0,580,7.238245298683017e-07,0.0,0.622245179063361
logistic,1160,0,580,7.238245298683017e-07,0.0,0.622245179063361
logistic,1161,0,581,9.743571094919407e-07,0.0,0.6287963813216338
logistic,1162,0,581,9.743571094919407e-07,0.0,0.6287963813216338
logistic,1163,0,582,0.0004755907940276781,0.0,0.26334507519306327
logistic,1164,0,582,0.0004755907940276781,0.0,0.26334507519306327
logistic,1165,0,583,2.3348827200837454e-05,0.0,0.33612258953168045
logistic,1166,0,583,2.3348827200837454e-05,0.0,0.33612258953168045
logistic,1167,0,584,0.00010027592644322933,0.0,0.2644628099173554
logistic,1168,0,584,0.00010027592644322933,0.0,0.2644628099173554
logistic,1169,0,585,2.3082657782675835e-05,0.0,0.4132231404958677
logistic,1170,0,585,2.3082657782675835e-05,0.0,0.4132231404958677
logistic,1171,0,586,3.320124113405305e-05,0.0,0.30719654457028195
logistic,1172,0,586,3.320124113405305e-05,0.0,0.30719654457028195
logistic,1173,0,587,1.2170887152868799e-06,0.0,0.6639118457300275
logistic,1174,0,587,1.2170887152868799e-06,0.0,0.6639118457300275
logistic,1175,0,588,2.21818012497523e-06,0.0,0.5352961432506886
logistic,1176,0,588,2.21818012497523e-06,0.0,0.5352961432506886
logistic,1177,0,589,1.0939120881931045e-07,0.0,0.7851239669421488
logistic,1178,0,589,1.0939120881931045e-07,0.0,0.7851239669421488
logistic,1179,0,590,1.6064256333286274e-07,0.0,0.7938645716423495
logistic,1180,0,590,1.6064256333286274e-07,0.0,0.7938645716423495
logistic,1181,0,591,6.857815000320422e-08,0.0,0.7634986225895317
logistic,1182,0,591,6.857815000320422e-08,0.0,0.7634986225895317
logistic,1183,0,592,3.434687898100697e-05,0.0,0.3264858665587263
logistic,1184,0,592,3.434687898100697e-05,0.0,0.3264858665587263
logistic,1185,0,593,0.00012269344609419197,0.0,0.2700914872632044
logistic,1186,0,593,0.00012269344609419197,0.0,0.2700914872632044
logistic,1187,0,594,7.617712151238505e-05,0.0,0.28780864197530864
logistic,1188,0,594,7.617712151238505e-05,0.0,0.28780864197530864
logistic,1189,0,595,0.00013047685635294619,0.0,0.25619834710743805
logistic,1190,0,596,2.4668147660389238e-05,0.0,0.33199035812672173
logistic,1191,0,595,0.00013047685635294619,0.0,0.25619834710743805
logistic,1192,0,596,2.4668147660389238e-05,0.0,0.33199035812672173
logistic,1193,0,597,1.2907679756800988e-06,0.0,0.5761753149979678
logistic,1194,0,597,1.2907679756800988e-06,0.0,0.5761753149979678
logistic,1195,0,598,5.513199978020464e-06,0.0,0.4702489374620522
logistic,1196,0,598,5.513199978020464e-06,0.0,0.4702489374620522
logistic,1197,0,599,8.645399113274842e-07,0.0,0.6388774104683195
logistic,1198,0,599,8.645399113274842e-07,0.0,0.6388774104683195
logistic,1199,0,600,2.056547189914581e-06,0.0,0.6273662551440329
logistic,1200,0,600,2.056547189914581e-06,0.0,0.6273662551440329
logistic,1201,0,601,0.00011082259524739448,0.0,0.4481749311294766
logistic,1202,0,601,0.00011082259524739448,0.0,0.4481749311294766
logistic,1203,0,602,4.809011076039241e-05,0.0,0.3830761316872428
logistic,1204,0,602,4.809011076039241e-05,0.0,0.3830761316872428
logistic,1205,0,603,0.0003891075844041867,0.0,0.24281940116515377
logistic,1206,0,603,0.0003891075844041867,0.0,0.24281940116515377
logistic,1207,0,604,0.1519196617868973,0.0,0.14517906336088154
logistic,1208,0,604,0.1519196617868973,0.0,0.14517906336088154
logistic,1209,0,605,0.22560724595443768,0.3,0.28813846362281537
logistic,1210,0,605,0.22560724595443768,0.3,0.28813846362281537
random_forest,0,0,0,0.007895118022256332,0.0,0.09053497942386832
random_forest,1,0,1,0.013836364210168827,0.0,0.06198347107438017
random_forest,2,0,1,0.013836364210168827,0.0,0.06198347107438017
random_forest,3,0,2,0.012790289556102483,0.0,0.08623423058760035
random_forest,4,0,2,0.012790289556102483,0.0,0.08623423058760035
random_forest,5,0,3,0.013843963549713525,0.0,0.0743801652892562
random_forest,6,0,3,0.013843963549713525,0.0,0.0743801652892562
random_forest,7,0,4,0.02118846418099358,0.2,0.033195592286501374
random_forest,8,0,4,0.02118846418099358,0.2,0.033195592286501374
random_forest,9,0,5,0.0039714627559470795,0.0,0.21580578512396695
random_forest,10,0,5,0.0039714627559470795,0.0,0.21580578512396695
random_forest,11,0,6,0.015492057064547416,0.1,0.06188144066931946
random_forest,12,0,6,0.015492057064547416,0.1,0.06188144066931946
random_forest,13,0,7,0.01124858581408798,0.0,0.09050264191843924
random_forest,14,0,7,0.01124858581408798,0.0,0.09050264191843924
random_forest,15,0,8,0.005411415104919979,0.0,0.14902263374485597
random_forest,16,0,8,0.005411415104919979,0.0,0.14902263374485597
random_forest,17,0,9,0.01016635826212621,0.0,0.09938271604938272
random_forest,18,0,9,0.01016635826212621,0.0,0.09938271604938272
random_forest,19,0,10,0.006323045502506645,0.0,0.1493112947658402
random_forest,20,0,10,0.006323045502506645,0.0,0.1493112947658402
random_forest,21,0,11,0.010562608854967789,0.0,0.07024793388429752
random_forest,22,0,11,0.010562608854967789,0.0,0.07024793388429752
random_forest,23,0,12,0.01313946465347177,0.0,0.06222451790633609
random_forest,24,0,12,0.01313946465347177,0.0,0.06222451790633609
random_forest,25,0,13,0.007945716224293315,0.0,0.12814207650273224
random_forest,26,0,13,0.007945716224293315,0.0,0.12814207650273224
random_forest,27,0,14,0.018084531337551262,0.0,0.04149449035812672
random_forest,28,0,14,0.018084531337551262,0.0,0.04149449035812672
random_forest,29,0,15,0.012747866825353707,0.0,0.05785123966942149
random_forest,30,0,15,0.012747866825353707,0.0,0.05785123966942149
random_forest,31,0,16,0.006789047210273439,0.0,0.1493457300275482
random_forest,32,0,16,0.006789047210273439,0.0,0.1493457300275482
random_forest,33,0,17,0.0026685973295176636,0.0,0.26899075760642244
random_forest,34,0,17,0.0026685973295176636,0.0,0.26899075760642244
random_forest,35,0,18,0.0033894949168971115,0.0,0.20989703292236825
random_forest,36,0,18,0.0033894949168971115,0.0,0.20989703292236825
random_forest,37,0,19,0.005865162060566646,0.0,0.14524793388429752
random_forest,38,0,19,0.005865162060566646,0.0,0.14524793388429752
random_forest,39,0,20,0.0036920122887616493,0.0,0.21573691460055097
random_forest,40,0,20,0.0036920122887616493,0.0,0.21573691460055097
random_forest,41,0,21,0.004154142483528206,0.0,0.1752712308267864
random_forest,42,0,21,0.004154142483528206,0.0,0.1752712308267864
random_forest,43,0,22,0.013487681487966235,0.0,0.07422711968166514
random_forest,44,0,22,0.013487681487966235,0.0,0.07422711968166514
random_forest,45,0,23,0.010251505481076787,0.0,0.09098360655737706
random_forest,46,0,23,0.010251505481076787,0.0,0.09098360655737706
random_forest,47,1,24,0.010288428619718532,0.1,0.06198347107438017
random_forest,48,0,24,0.010288428619718532,0.1,0.06198347107438017
random_forest,49,0,25,0.005902091373503356,0.0,0.14049586776859505
random_forest,50,0,25,0.005902091373503356,0.0,0.14049586776859505
random_forest,51,0,26,0.01910874427789735,0.1,0.057973251028806586
random_forest,52,0,26,0.01910874427789735,0.1,0.057973251028806586
random_forest,53,0,27,0.007891356086807024,0.0,0.11703096539162113
random_forest,54,0,27,0.007891356086807024,0.0,0.11703096539162113
random_forest,55,0,28,0.02306462269675257,0.1,0.04149449035812672
random_forest,56,0,28,0.02306462269675257,0.1,0.04149449035812672
random_forest,57,0,29,0.006982854689617596,0.0,0.14224738972213719
random_forest,58,0,29,0.006982854689617596,0.0,0.14224738972213719
random_forest,59,0,30,0.06595494279223856,1.0,0.0
random_forest,60,0,30,0.06595494279223856,1.0,0.0
random_forest,61,0,31,0.02853605422181916,0.5,0.012465564738292011
random_forest,62,0,31,0.02853605422181916,0.5,0.012465564738292011
random_forest,63,0,32,0.0038350593175210746,0.0,0.20318086757066722
random_forest,64,0,32,0.0038350593175210746,0.0,0.20318086757066722
random_forest,65,0,33,0.009803313467054414,0.0,0.0743801652892562
random_forest,66,0,33,0.009803313467054414,0.0,0.0743801652892562
random_forest,67,0,34,0.014054490431702798,0.1,0.05785123966942149
random_forest,68,0,34,0.014054490431702798,0.1,0.05785123966942149
random_forest,69,0,35,0.02315601510363631,0.2,0.04566115702479339
random_forest,70,0,35,0.02315601510363631,0.2,0.04566115702479339
random_forest,71,0,36,0.023566234631641488,0.0,0.03312757201646091
random_forest,72,0,36,0.023566234631641488,0.0,0.03312757201646091
random_forest,73,0,37,0.004772286532803137,0.0,0.16051348055818995
random_forest,74,0,37,0.004772286532803137,0.0,0.16051348055818995
random_forest,75,0,38,0.027739320797265942,0.0,0.03305785123966942
random_forest,76,0,38,0.027739320797265942,0.0,0.03305785123966942
random_forest,77,0,39,0.024376607889949407,0.2,0.03695270862848277
random_forest,78,0,39,0.024376607889949407,0.2,0.03695270862848277
random_forest,79,0,40,0.01089718731100248,0.0,0.06979019091951696
random_forest,80,1,40,0.01089718731100248,0.0,0.06979019091951696
random_forest,81,0,41,0.009811384698527947,0.0,0.0659796619392579
random_forest,82,0,41,0.009811384698527947,0.0,0.0659796619392579
random_forest,83,0,42,0.03450412882383802,0.5,0.012363387978142078
random_forest,84,0,42,0.03450412882383802,0.5,0.012363387978142078
random_forest,85,0,43,0.018165239939816995,0.2,0.037139067442097745
random_forest,86,0,43,0.018165239939816995,0.2,0.037139067442097745
random_forest,87,0,44,0.0197078864111394,0.0,0.049383552364178296
random_forest,88,0,44,0.0197078864111394,0.0,0.049383552364178296
random_forest,89,0,45,0.007866508533909031,0.0,0.1028654653840943
random_forest,90,0,45,0.007866508533909031,0.0,0.1028654653840943
random_forest,91,0,46,0.004800221020988066,0.0,0.14049586776859505
random_forest,92,0,46,0.004800221020988066,0.0,0.14049586776859505
random_forest,93,0,47,0.030800647553617146,0.4,0.020593415526351445
random_forest,94,0,47,0.030800647553617146,0.4,0.020593415526351445
random_forest,95,1,48,0.01684841355953141,0.0,0.05785123966942149
random_forest,96,0,48,0.01684841355953141,0.0,0.05785123966942149
random_forest,97,0,49,0.05071438209082113,0.7,0.004132231404958678
random_forest,98,0,49,0.05071438209082113,0.7,0.004132231404958678
random_forest,99,1,50,0.01988664960728898,0.1,0.03702072889852323
random_forest,100,0,50,0.01988664960728898,0.1,0.03702072889852323
random_forest,101,1,51,0.0225969307904679,0.1,0.02896090534979424
random_forest,102,0,51,0.0225969307904679,0.1,0.02896090534979424
random_forest,103,1,52,0.020948827886159156,0.1,0.029028925619834712
random_forest,104,0,52,0.020948827886159156,0.1,0.029028925619834712
random_forest,105,1,53,0.012103095227030266,0.0,0.0743801652892562
random_forest,106,0,53,0.012103095227030266,0.0,0.0743801652892562
random_forest,107,1,54,0.0183684660896783,0.0,0.04132231404958678
random_forest,108,0,54,0.0183684660896783,0.0,0.04132231404958678
random_forest,109,1,55,0.0077003904260064425,0.0,0.09128787878787878
random_forest,110,0,55,0.0077003904260064425,0.0,0.09128787878787878
random_forest,111,1,56,0.008646091348374237,0.0,0.09050264191843924
random_forest,112,0,56,0.008646091348374237,0.0,0.09050264191843924
random_forest,113,1,57,0.03944370498154461,0.5,0.012431129476584021
random_forest,114,0,57,0.03944370498154461,0.5,0.012431129476584021
random_forest,115,1,58,0.032995796668462335,0.6,0.008298898071625344
random_forest,116,1,58,0.032995796668462335,0.6,0.008298898071625344
random_forest,117,1,59,0.07225355877775277,1.0,0.0
random_forest,118,1,59,0.07225355877775277,1.0,0.0
random_forest,119,1,60,0.047008579738738364,0.6,0.008298898071625344
random_forest,120,1,60,0.047008579738738364,0.6,0.008298898071625344
random_forest,121,0,61,0.014494798769038373,0.1,0.04555785123966942
random_forest,122,0,61,0.014494798769038373,0.1,0.04555785123966942
random_forest,123,0,62,0.005337245631385312,0.0,0.1470679012345679
random_forest,124,0,62,0.005337245631385312,0.0,0.1470679012345679
random_forest,125,0,63,0.027133062815557753,0.3,0.02067901234567901
random_forest,126,0,63,0.027133062815557753,0.3,0.02067901234567901
random_forest,127,0,64,0.017905616749398237,0.0,0.049281521959117586
random_forest,128,0,64,0.017905616749398237,0.0,0.049281521959117586
random_forest,129,0,65,0.042320665780386735,0.7,0.008264462809917356
random_forest,130,0,65,0.042320665780386735,0.7,0.008264462809917356
random_forest,131,0,66,0.017430377305641703,0.0,0.06147540983606557
random_forest,132,0,66,0.017430377305641703,0.0,0.06147540983606557
random_forest,133,0,67,0.019503507229243867,0.0,0.05761414442487468
random_forest,134,0,67,0.019503507229243867,0.0,0.05761414442487468
random_forest,135,0,68,0.024556507635071587,0.3,0.024691776182089148
random_forest,136,0,68,0.024556507635071587,0.3,0.024691776182089148
random_forest,137,0,69,0.028994045584762686,0.3,0.028925619834710745
random_forest,138,0,69,0.028994045584762686,0.3,0.028925619834710745
random_forest,139,0,70,0.0049402487925313595,0.0,0.16115702479338845
random_forest,140,0,70,0.0049402487925313595,0.0,0.16115702479338845
random_forest,141,0,71,0.010440264070146239,0.0,0.08302341597796142
random_forest,142,0,71,0.010440264070146239,0.0,0.08302341597796142
random_forest,143,0,72,0.020733195847004476,0.1,0.0330761316872428
random_forest,144,0,72,0.020733195847004476,0.1,0.0330761316872428
random_forest,145,0,73,0.016750541002216048,0.1,0.045454545454545456
random_forest,146,0,73,0.016750541002216048,0.1,0.045454545454545456
random_forest,147,0,74,0.021882543815217623,0.1,0.024793388429752067
random_forest,148,0,74,0.021882543815217623,0.1,0.024793388429752067
random_forest,149,0,75,0.020248059771706312,0.0,0.03333333333333333
random_forest,150,0,75,0.020248059771706312,0.0,0.03333333333333333
random_forest,151,0,76,0.02082816957066557,0.1,0.03702072889852323
random_forest,152,0,76,0.02082816957066557,0.1,0.03702072889852323
random_forest,153,0,77,0.032397199527591757,0.5,0.01639344262295082
random_forest,154,0,77,0.032397199527591757,0.5,0.01639344262295082
random_forest,155,0,78,0.006120811625289029,0.0,0.11728395061728394
random_forest,156,0,78,0.006120811625289029,0.0,0.11728395061728394
random_forest,157,0,79,0.0040191073115434205,0.0,0.18250688705234158
random_forest,158,0,79,0.0040191073115434205,0.0,0.18250688705234158
random_forest,159,0,80,0.004856795526946745,0.0,0.14990217904607706
random_forest,160,0,80,0.004856795526946745,0.0,0.14990217904607706
random_forest,161,0,81,0.005745617105450561,0.0,0.13647540983606557
random_forest,162,0,81,0.005745617105450561,0.0,0.13647540983606557
random_forest,163,0,82,0.0013390953730994144,0.0,0.30578512396694213
random_forest,164,0,82,0.0013390953730994144,0.0,0.30578512396694213
random_forest,165,0,83,0.0030089838292454065,0.0,0.20170031161089283
random_forest,166,0,83,0.0030089838292454065,0.0,0.20170031161089283
random_forest,167,0,84,0.0033433995364398434,0.0,0.17427685950413224
random_forest,168,0,84,0.0033433995364398434,0.0,0.17427685950413224
random_forest,169,0,85,0.0023054810389309555,0.0,0.27012549739822467
random_forest,170,0,85,0.0023054810389309555,0.0,0.27012549739822467
random_forest,171,0,86,0.0034496185718993428,0.0,0.19008264462809918
random_forest,172,0,86,0.0034496185718993428,0.0,0.19008264462809918
random_forest,173,0,87,0.002859203623514951,0.0,0.2386871697601951
random_forest,174,0,87,0.002859203623514951,0.0,0.2386871697601951
random_forest,175,0,88,0.006891174464038308,0.0,0.10699769678905297
random_forest,176,0,88,0.006891174464038308,0.0,0.10699769678905297
random_forest,177,0,89,0.0032691565644253915,0.0,0.20747245179063362
random_forest,178,0,89,0.0032691565644253915,0.0,0.20747245179063362
random_forest,179,0,90,0.003182993387888959,0.0,0.22820247933884297
random_forest,180,0,90,0.003182993387888959,0.0,0.22820247933884297
random_forest,181,0,91,0.0038845541844368227,0.0,0.20493827160493827
random_forest,182,0,91,0.0038845541844368227,0.0,0.20493827160493827
random_forest,183,0,92,0.0028141480015908,0.0,0.22222598563880233
random_forest,184,0,92,0.0028141480015908,0.0,0.22222598563880233
random_forest,185,0,93,0.0015162326402334558,0.0,0.2757201646090535
random_forest,186,0,93,0.0015162326402334558,0.0,0.2757201646090535
random_forest,187,0,94,0.001470178303128687,0.0,0.3112258953168044
random_forest,188,0,94,0.001470178303128687,0.0,0.3112258953168044
random_forest,189,0,95,0.003396501014505402,0.0,0.18674242424242427
random_forest,190,0,95,0.003396501014505402,0.0,0.18674242424242427
random_forest,191,0,96,0.0056688347938465295,0.0,0.12448347107438017
random_forest,192,0,96,0.0056688347938465295,0.0,0.12448347107438017
random_forest,193,0,97,0.0035763275663461746,0.0,0.2066256830601093
random_forest,194,0,97,0.0035763275663461746,0.0,0.2066256830601093
random_forest,195,0,98,0.005387083640964544,0.0,0.16702377308437916
random_forest,196,0,98,0.005387083640964544,0.0,0.16702377308437916
random_forest,197,0,99,0.0023225434593388225,0.0,0.2380144032921811
random_forest,198,0,99,0.0023225434593388225,0.0,0.2380144032921811
random_forest,199,0,100,0.004731466951379779,0.0,0.14990217904607706
random_forest,200,0,100,0.004731466951379779,0.0,0.14990217904607706
random_forest,201,0,101,0.0055030089546749305,0.0,0.1422643947896473
random_forest,202,0,101,0.0055030089546749305,0.0,0.1422643947896473
random_forest,203,0,102,0.0028805704361001463,0.0,0.21487603305785125
random_forest,204,0,102,0.0028805704361001463,0.0,0.21487603305785125
random_forest,205,0,103,0.002304209628522913,0.0,0.2634128166915052
random_forest,206,0,103,0.002304209628522913,0.0,0.2634128166915052
random_forest,207,0,104,0.0011303343561982083,0.0,0.3073770491803279
random_forest,208,0,104,0.0011303343561982083,0.0,0.3073770491803279
random_forest,209,0,105,0.0036061743287923165,0.0,0.20166644086167185
random_forest,210,0,105,0.0036061743287923165,0.0,0.20166644086167185
random_forest,211,0,106,0.005310384644071596,0.0,0.1280054644808743
random_forest,212,0,106,0.005310384644071596,0.0,0.1280054644808743
random_forest,213,0,107,0.003531454655895005,0.0,0.19999659898649796
random_forest,214,0,107,0.003531454655895005,0.0,0.19999659898649796
random_forest,215,0,108,0.004123397543912183,0.0,0.1784090909090909
random_forest,216,0,108,0.004123397543912183,0.0,0.1784090909090909
random_forest,217,0,109,0.004762799350709465,0.0,0.1481506570925349
random_forest,218,0,109,0.004762799350709465,0.0,0.1481506570925349
random_forest,219,0,110,0.003427161669007964,0.0,0.19589837771655955
random_forest,220,0,110,0.003427161669007964,0.0,0.19589837771655955
random_forest,221,0,111,0.005302688699996666,0.0,0.1481506570925349
random_forest,222,0,111,0.005302688699996666,0.0,0.1481506570925349
random_forest,223,0,112,0.008047714787650448,0.0,0.10102710607761113
random_forest,224,0,112,0.008047714787650448,0.0,0.10102710607761113
random_forest,225,0,113,0.0018124140664750002,0.0,0.2644808743169399
random_forest,226,0,113,0.0018124140664750002,0.0,0.2644808743169399
random_forest,227,0,114,0.002514303953660436,0.0,0.2459016393442623
random_forest,228,0,114,0.002514303953660436,0.0,0.2459016393442623
random_forest,229,0,115,0.00300359518863275,0.0,0.24793388429752067
random_forest,230,0,115,0.00300359518863275,0.0,0.24793388429752067
random_forest,231,0,116,0.003396785868771975,0.0,0.21235928306635377
random_forest,232,0,116,0.003396785868771975,0.0,0.21235928306635377
random_forest,233,0,117,0.0032079703499018676,0.0,0.19343584880097547
random_forest,234,0,117,0.0032079703499018676,0.0,0.19343584880097547
random_forest,235,0,118,0.003993045840981296,0.0,0.19090909090909092
random_forest,236,0,118,0.003993045840981296,0.0,0.19090909090909092
random_forest,237,0,119,0.0015337119817573127,0.0,0.3016393442622951
random_forest,238,0,119,0.0015337119817573127,0.0,0.3016393442622951
random_forest,239,0,120,0.0024988034843221327,0.0,0.2402347702894151
random_forest,240,0,120,0.0024988034843221327,0.0,0.2402347702894151
random_forest,241,0,121,0.002620479223454523,0.0,0.24378415300546447
random_forest,242,0,121,0.002620479223454523,0.0,0.24378415300546447
random_forest,243,0,122,0.0014312543044200858,0.0,0.3292181069958848
random_forest,244,0,122,0.0014312543044200858,0.0,0.3292181069958848
random_forest,245,0,123,0.000930354946951476,0.0,0.30724755977281226
random_forest,246,0,123,0.000930354946951476,0.0,0.30724755977281226
random_forest,247,0,124,0.0011803651442036356,0.0,0.3250914510228966
random_forest,248,0,124,0.0011803651442036356,0.0,0.3250914510228966
random_forest,249,0,125,0.0031149978023723825,0.0,0.20826106179641535
random_forest,250,0,125,0.0031149978023723825,0.0,0.20826106179641535
random_forest,251,0,126,0.004662548963850845,0.0,0.19958847736625512
random_forest,252,0,126,0.004662548963850845,0.0,0.19958847736625512
random_forest,253,0,127,0.002461984874022656,0.0,0.2240702479338843
random_forest,254,0,127,0.002461984874022656,0.0,0.2240702479338843
random_forest,255,0,128,0.004062131289877424,0.0,0.21250000000000002
random_forest,256,0,128,0.004062131289877424,0.0,0.21250000000000002
random_forest,257,0,129,0.003969123065013446,0.0,0.19421487603305787
random_forest,258,0,129,0.003969123065013446,0.0,0.19421487603305787
random_forest,259,0,130,0.007435661737950164,0.0,0.11666666666666667
random_forest,260,0,130,0.007435661737950164,0.0,0.11666666666666667
random_forest,261,0,131,0.001765897482156079,0.0,0.27685950413223137
random_forest,262,0,131,0.001765897482156079,0.0,0.27685950413223137
random_forest,263,0,132,0.0025122623178142926,0.0,0.25619834710743805
random_forest,264,0,132,0.0025122623178142926,0.0,0.25619834710743805
random_forest,265,0,133,0.001922974409421633,0.0,0.2753600823045268
random_forest,266,0,133,0.001922974409421633,0.0,0.2753600823045268
random_forest,267,0,134,0.001450720462179263,0.0,0.2810109289617486
random_forest,268,0,134,0.001450720462179263,0.0,0.2810109289617486
random_forest,269,0,135,0.005998673568544874,0.0,0.11800411522633744
random_forest,270,0,135,0.005998673568544874,0.0,0.11800411522633744
random_forest,271,0,136,0.006873513066951305,0.0,0.11112992819401166
random_forest,272,0,136,0.006873513066951305,0.0,0.11112992819401166
random_forest,273,0,137,0.0057901908836034775,0.0,0.14049586776859505
random_forest,274,0,137,0.0057901908836034775,0.0,0.14049586776859505
random_forest,275,0,138,0.006046496670803065,0.0,0.14754098360655737
random_forest,276,0,138,0.006046496670803065,0.0,0.14754098360655737
random_forest,277,0,139,0.0021347528988831877,0.0,0.24896694214876033
random_forest,278,0,139,0.0021347528988831877,0.0,0.24896694214876033
random_forest,279,0,140,0.003438751035363496,0.0,0.19834710743801653
random_forest,280,0,140,0.003438751035363496,0.0,0.19834710743801653
random_forest,281,0,141,0.008819799040648137,0.0,0.08643815201192251
random_forest,282,0,141,0.008819799040648137,0.0,0.08643815201192251
random_forest,283,0,142,0.007675172842158991,0.0,0.0965054307495109
random_forest,284,0,142,0.007675172842158991,0.0,0.0965054307495109
random_forest,285,0,143,0.003245678649070674,0.0,0.20164609053497942
random_forest,286,0,143,0.003245678649070674,0.0,0.20164609053497942
random_forest,287,0,144,0.0019966927292650863,0.0,0.24536611910349285
random_forest,288,0,144,0.0019966927292650863,0.0,0.24536611910349285
random_forest,289,0,145,0.002041165084399379,0.0,0.253099173553719
random_forest,290,0,145,0.002041165084399379,0.0,0.253099173553719
random_forest,291,0,146,0.004766146647782039,0.0,0.18687175335627065
random_forest,292,0,146,0.004766146647782039,0.0,0.18687175335627065
random_forest,293,0,147,0.0049468635645033105,0.0,0.15289256198347106
random_forest,294,0,147,0.0049468635645033105,0.0,0.15289256198347106
random_forest,295,0,148,0.0019218997037861215,0.0,0.2738292011019284
random_forest,296,0,149,0.0019288365641857465,0.0,0.2772380759630304
random_forest,297,0,149,0.0019288365641857465,0.0,0.2772380759630304
random_forest,298,0,150,0.0017053594730341176,0.0,0.2850409836065574
random_forest,299,0,148,0.0019218997037861215,0.0,0.2738292011019284
random_forest,300,0,150,0.0017053594730341176,0.0,0.2850409836065574
random_forest,301,0,151,0.0017904305319536087,0.0,0.26747730659802194
random_forest,302,0,151,0.0017904305319536087,0.0,0.26747730659802194
random_forest,303,0,152,0.002606032637432836,0.0,0.25098225172740823
random_forest,304,0,152,0.002606032637432836,0.0,0.25098225172740823
random_forest,305,0,153,0.001972248308493547,0.0,0.26139807162534434
random_forest,306,0,153,0.001972248308493547,0.0,0.26139807162534434
random_forest,307,0,154,0.002086619129363012,0.0,0.29220295352933207
random_forest,308,0,154,0.002086619129363012,0.0,0.29220295352933207
random_forest,309,0,155,0.0031074146265848146,0.0,0.22222598563880233
random_forest,310,0,156,0.005858568720021645,0.0,0.12396694214876033
random_forest,311,0,156,0.005858568720021645,0.0,0.12396694214876033
random_forest,312,0,155,0.0031074146265848146,0.0,0.22222598563880233
random_forest,313,0,157,0.005618183163575939,0.0,0.1322314049586777
random_forest,314,0,157,0.005618183163575939,0.0,0.1322314049586777
random_forest,315,0,158,0.0031813496053092597,0.0,0.2231404958677686
random_forest,316,0,158,0.0031813496053092597,0.0,0.2231404958677686
random_forest,317,0,159,0.004225161716916973,0.0,0.1859504132231405
random_forest,318,0,159,0.004225161716916973,0.0,0.1859504132231405
random_forest,319,0,160,0.0009417626638338267,0.0,0.3168608589622003
random_forest,320,0,160,0.0009417626638338267,0.0,0.3168608589622003
random_forest,321,0,161,0.00965664359652815,0.0,0.08847736625514403
random_forest,322,0,161,0.00965664359652815,0.0,0.08847736625514403
random_forest,323,0,162,0.0114350092848778,0.0,0.07870370370370369
random_forest,324,0,162,0.0114350092848778,0.0,0.07870370370370369
random_forest,325,0,163,0.004281164277258151,0.0,0.1721311475409836
random_forest,326,0,163,0.004281164277258151,0.0,0.1721311475409836
random_forest,327,0,164,0.0038782573155240084,0.0,0.18181818181818182
random_forest,328,0,164,0.0038782573155240084,0.0,0.18181818181818182
random_forest,329,0,165,0.0019126816821962462,0.0,0.2674434358488009
random_forest,330,0,165,0.0019126816821962462,0.0,0.2674434358488009
random_forest,331,0,166,0.0030053299245173934,0.0,0.2231404958677686
random_forest,332,0,166,0.0030053299245173934,0.0,0.2231404958677686
random_forest,333,0,167,0.0032269714701753695,0.0,0.22983539094650207
random_forest,334,0,167,0.0032269714701753695,0.0,0.22983539094650207
random_forest,335,0,168,0.0038213613905652075,0.0,0.17355371900826447
random_forest,336,0,168,0.0038213613905652075,0.0,0.17355371900826447
random_forest,337,0,169,0.002131018578678425,0.0,0.26331120444384226
random_forest,338,0,169,0.002131018578678425,0.0,0.26331120444384226
random_forest,339,0,170,0.004189806969265889,0.0,0.18107302533532044
random_forest,340,0,170,0.004189806969265889,0.0,0.18107302533532044
random_forest,341,0,171,0.004122168540053824,0.0,0.19421487603305787
random_forest,342,0,171,0.004122168540053824,0.0,0.19421487603305787
random_forest,343,0,172,0.004647113707711982,0.0,0.1551954732510288
random_forest,344,0,172,0.004647113707711982,0.0,0.1551954732510288
random_forest,345,0,173,0.002235081877501801,0.0,0.23657024793388431
random_forest,346,0,173,0.002235081877501801,0.0,0.23657024793388431
random_forest,347,0,174,0.005213730612015677,0.0,0.16563786008230452
random_forest,348,0,174,0.005213730612015677,0.0,0.16563786008230452
random_forest,349,0,175,0.004754794646548383,0.0,0.16115702479338845
random_forest,350,0,175,0.004754794646548383,0.0,0.16115702479338845
random_forest,351,0,176,0.0019634196323146435,0.0,0.2821969696969697
random_forest,352,0,176,0.0019634196323146435,0.0,0.2821969696969697
random_forest,353,0,177,0.003171879902607988,0.0,0.20740358126721764
random_forest,354,0,177,0.003171879902607988,0.0,0.20740358126721764
random_forest,355,0,178,0.005381772531436116,0.0,0.13992006503183851
random_forest,356,0,178,0.005381772531436116,0.0,0.13992006503183851
random_forest,357,0,179,0.006702730784497938,0.0,0.11112992819401166
random_forest,358,0,179,0.006702730784497938,0.0,0.11112992819401166
random_forest,359,0,180,0.004657593630391537,0.0,0.16597796143250687
random_forest,360,0,180,0.004657593630391537,0.0,0.16597796143250687
random_forest,361,0,181,0.0015747694650277053,0.0,0.28216253443526174
random_forest,362,0,181,0.0015747694650277053,0.0,0.28216253443526174
random_forest,363,0,182,0.005535571520227791,0.0,0.13607455021596437
random_forest,364,0,182,0.005535571520227791,0.0,0.13607455021596437
random_forest,365,0,183,0.002487405416349903,0.0,0.2634128166915052
random_forest,366,0,183,0.002487405416349903,0.0,0.2634128166915052
random_forest,367,0,184,0.006605500900096287,0.0,0.10062065708695946
random_forest,368,0,184,0.006605500900096287,0.0,0.10062065708695946
random_forest,369,0,185,0.0031466686307723693,0.0,0.2
random_forest,370,0,185,0.0031466686307723693,0.0,0.2
random_forest,371,0,186,0.004297512988743052,0.0,0.16523224043715845
random_forest,372,0,186,0.004297512988743052,0.0,0.16523224043715845
random_forest,373,0,187,0.0027854648180397302,0.0,0.2560792349726776
random_forest,374,0,187,0.0027854648180397302,0.0,0.2560792349726776
random_forest,375,0,188,0.0,0.0,0.5298949086827875
random_forest,376,0,188,0.0,0.0,0.5298949086827875
random_forest,377,0,189,1.4848620767038138e-05,0.0,0.49793388429752067
random_forest,378,0,189,1.4848620767038138e-05,0.0,0.49793388429752067
random_forest,379,0,190,0.0,0.0,0.518561170573093
random_forest,380,0,190,0.0,0.0,0.518561170573093
random_forest,381,0,191,2.1386728719538415e-05,0.0,0.4711065573770492
random_forest,382,0,191,2.1386728719538415e-05,0.0,0.4711065573770492
random_forest,383,0,192,2.017925131898085e-05,0.0,0.5092507567255042
random_forest,384,0,192,2.017925131898085e-05,0.0,0.5092507567255042
random_forest,385,0,193,2.2023998088571392e-05,0.0,0.5041666666666667
random_forest,386,0,193,2.2023998088571392e-05,0.0,0.5041666666666667
random_forest,387,0,194,3.22516649735037e-05,0.0,0.4606060606060606
random_forest,388,0,194,3.22516649735037e-05,0.0,0.4606060606060606
random_forest,389,0,195,0.00018385380655941964,0.0,0.35272038567493114
random_forest,390,0,195,0.00018385380655941964,0.0,0.35272038567493114
random_forest,391,0,196,0.0002685740626615267,0.0,0.3855388905893956
random_forest,392,0,196,0.0002685740626615267,0.0,0.3855388905893956
random_forest,393,0,197,1.357243449721952e-05,0.0,0.5166666666666666
random_forest,394,0,197,1.357243449721952e-05,0.0,0.5166666666666666
random_forest,395,0,198,3.8233324050679646e-05,0.0,0.45334362139917694
random_forest,396,0,199,4.438459697801764e-05,0.0,0.5123966942148761
random_forest,397,0,199,4.438459697801764e-05,0.0,0.5123966942148761
random_forest,398,0,198,3.8233324050679646e-05,0.0,0.45334362139917694
random_forest,399,0,200,7.194724522155525e-05,0.0,0.4362213792169083
random_forest,400,0,200,7.194724522155525e-05,0.0,0.4362213792169083
random_forest,401,0,201,1.8637259376383393e-05,0.0,0.5422916028976635
random_forest,402,0,202,2.6229261031129274e-05,0.0,0.46693989071038255
random_forest,403,0,201,1.8637259376383393e-05,0.0,0.5422916028976635
random_forest,404,0,202,2.6229261031129274e-05,0.0,0.46693989071038255
random_forest,405,0,203,8.716404523333516e-06,0.0,0.5122950819672132
random_forest,406,0,204,6.516704110346296e-06,0.0,0.48760330578512395
random_forest,407,0,204,6.516704110346296e-06,0.0,0.48760330578512395
random_forest,408,0,205,6.868259335176882e-06,0.0,0.518629476584022
random_forest,409,0,205,6.868259335176882e-06,0.0,0.518629476584022
random_forest,410,0,203,8.716404523333516e-06,0.0,0.5122950819672132
random_forest,411,0,206,0.00016868680106131196,0.0,0.392127099777373
random_forest,412,0,206,0.00016868680106131196,0.0,0.392127099777373
random_forest,413,0,207,0.0011048447027302343,0.0,0.2989660918953848
random_forest,414,0,207,0.0011048447027302343,0.0,0.2989660918953848
random_forest,415,0,208,4.4406084548457124e-05,0.0,0.47824074074074074
random_forest,416,0,209,0.000987991023436709,0.0,0.32922368242785527
random_forest,417,0,209,0.000987991023436709,0.0,0.32922368242785527
random_forest,418,0,208,4.4406084548457124e-05,0.0,0.47824074074074074
random_forest,419,0,210,6.28222058536639e-05,0.0,0.4597830153385709
random_forest,420,0,210,6.28222058536639e-05,0.0,0.4597830153385709
random_forest,421,0,211,4.9901446909139506e-05,0.0,0.48360655737704916
random_forest,422,0,212,1.1653868632084245e-05,0.0,0.5340271400877461
random_forest,423,0,212,1.1653868632084245e-05,0.0,0.5340271400877461
random_forest,424,0,211,4.9901446909139506e-05,0.0,0.48360655737704916
random_forest,425,0,213,1.3171910695464559e-05,0.0,0.5289256198347108
random_forest,426,0,213,1.3171910695464559e-05,0.0,0.5289256198347108
random_forest,427,0,214,0.0006046669696541247,0.0,0.3402892561983471
random_forest,428,0,215,0.0,0.0,0.5247950819672131
random_forest,429,0,215,0.0,0.0,0.5247950819672131
random_forest,430,0,214,0.0006046669696541247,0.0,0.3402892561983471
random_forest,431,0,216,8.716404523333516e-06,0.0,0.49383552364178296
random_forest,432,0,216,8.716404523333516e-06,0.0,0.49383552364178296
random_forest,433,0,217,0.0007690203152772212,0.0,0.28512396694214875
random_forest,434,0,217,0.0007690203152772212,0.0,0.28512396694214875
random_forest,435,0,218,0.0,0.0,0.5352272727272727
random_forest,436,0,218,0.0,0.0,0.5352272727272727
random_forest,437,0,219,4.114232967154397e-05,0.0,0.5238168724279835
random_forest,438,0,219,4.114232967154397e-05,0.0,0.5238168724279835
random_forest,439,0,220,0.0,0.0,0.4990217904607704
random_forest,440,0,220,0.0,0.0,0.4990217904607704
random_forest,441,0,221,2.7780179258270545e-05,0.0,0.48770491803278687
random_forest,442,0,221,2.7780179258270545e-05,0.0,0.48770491803278687
random_forest,443,0,222,0.0,0.0,0.5236119543951967
random_forest,444,0,222,0.0,0.0,0.5236119543951967
random_forest,445,0,223,0.0,0.0,0.49173553719008267
random_forest,446,0,223,0.0,0.0,0.49173553719008267
random_forest,447,0,224,2.1113464330425515e-05,0.0,0.5413223140495868
random_forest,448,0,224,2.1113464330425515e-05,0.0,0.5413223140495868
random_forest,449,0,225,8.414118064024165e-05,0.0,0.42392629724969516
random_forest,450,0,225,8.414118064024165e-05,0.0,0.42392629724969516
random_forest,451,0,226,1.423632896358959e-05,0.0,0.5298949086827875
random_forest,452,0,226,1.423632896358959e-05,0.0,0.5298949086827875
random_forest,453,0,227,3.504762798856387e-05,0.0,0.5102289662647338
random_forest,454,0,227,3.504762798856387e-05,0.0,0.5102289662647338
random_forest,455,0,228,6.763668209573577e-06,0.0,0.4711065573770492
random_forest,456,0,228,6.763668209573577e-06,0.0,0.4711065573770492
random_forest,457,0,229,0.000970235161745645,0.0,0.29049586776859504
random_forest,458,0,229,0.000970235161745645,0.0,0.29049586776859504
random_forest,459,0,230,0.00013067127961813034,0.0,0.42978142076502734
random_forest,460,0,230,0.00013067127961813034,0.0,0.42978142076502734
random_forest,461,0,231,2.140314791273888e-05,0.0,0.49383552364178296
random_forest,462,0,231,2.140314791273888e-05,0.0,0.49383552364178296
random_forest,463,0,232,7.772746681799356e-05,0.0,0.4420765027322404
random_forest,464,0,232,7.772746681799356e-05,0.0,0.4420765027322404
random_forest,465,0,233,3.322188055116154e-05,0.0,0.46890495867768595
random_forest,466,0,234,0.00031064435436921887,0.0,0.3692837465564738
random_forest,467,0,233,3.322188055116154e-05,0.0,0.46890495867768595
random_forest,468,0,234,0.00031064435436921887,0.0,0.3692837465564738
random_forest,469,0,235,0.00012009736722968897,0.0,0.4309084107063905
random_forest,470,0,235,0.00012009736722968897,0.0,0.4309084107063905
random_forest,471,0,236,5.619037298366867e-06,0.0,0.4959016393442623
random_forest,472,0,236,5.619037298366867e-06,0.0,0.4959016393442623
random_forest,473,0,237,7.57496849652789e-05,0.0,0.4515695677311839
random_forest,474,0,237,7.57496849652789e-05,0.0,0.4515695677311839
random_forest,475,0,238,8.297680714762551e-06,0.0,0.531129476584022
random_forest,476,0,238,8.297680714762551e-06,0.0,0.531129476584022
random_forest,477,0,239,0.0,0.0,0.46693989071038255
random_forest,478,0,239,0.0,0.0,0.46693989071038255
random_forest,479,0,240,0.0,0.0,0.49383552364178296
random_forest,480,0,240,0.0,0.0,0.49383552364178296
random_forest,481,0,241,0.0,0.0,0.534010135020236
random_forest,482,0,241,0.0,0.0,0.534010135020236
random_forest,483,0,242,4.058959558568652e-05,0.0,0.5
random_forest,484,0,242,4.058959558568652e-05,0.0,0.5
random_forest,485,0,243,8.121572375869e-06,0.0,0.5208333333333333
random_forest,486,0,243,8.121572375869e-06,0.0,0.5208333333333333
random_forest,487,0,244,2.9539907458113603e-05,0.0,0.5165289256198347
random_forest,488,0,244,2.9539907458113603e-05,0.0,0.5165289256198347
random_forest,489,0,245,0.0008204025280953589,0.0,0.3168269882129793
random_forest,490,0,245,0.0008204025280953589,0.0,0.3168269882129793
random_forest,491,0,246,0.0006591424195523595,0.0,0.3443356120123797
random_forest,492,0,246,0.0006591424195523595,0.0,0.3443356120123797
random_forest,493,0,247,0.00093768741201109,0.0,0.30308131823283335
random_forest,494,0,247,0.00093768741201109,0.0,0.30308131823283335
random_forest,495,0,248,1.981859466483549e-05,0.0,0.48353825136612016
random_forest,496,0,248,1.981859466483549e-05,0.0,0.48353825136612016
random_forest,497,0,249,0.0007064669722657927,0.0,0.319672131147541
random_forest,498,0,249,0.0007064669722657927,0.0,0.319672131147541
random_forest,499,0,250,0.0,0.0,0.5247950819672131
random_forest,500,0,250,0.0,0.0,0.5247950819672131
random_forest,501,0,251,4.3716860649395636e-05,0.0,0.44511316872427986
random_forest,502,0,251,4.3716860649395636e-05,0.0,0.44511316872427986
random_forest,503,0,252,7.992836427317654e-06,0.0,0.5020322449532584
random_forest,504,0,252,7.992836427317654e-06,0.0,0.5020322449532584
random_forest,505,0,253,7.992836427317654e-06,0.0,0.4959016393442623
random_forest,506,0,253,7.992836427317654e-06,0.0,0.4959016393442623
random_forest,507,0,254,0.0,0.0,0.5473251028806584
random_forest,508,0,254,0.0,0.0,0.5473251028806584
random_forest,509,0,255,2.4979974489366198e-05,0.0,0.5269628099173553
random_forest,510,0,255,2.4979974489366198e-05,0.0,0.5269628099173553
random_forest,511,0,256,0.0,0.0,0.4915983606557377
random_forest,512,0,256,0.0,0.0,0.4915983606557377
random_forest,513,0,257,3.38751776371129e-05,0.0,0.45867768595041325
random_forest,514,0,257,3.38751776371129e-05,0.0,0.45867768595041325
random_forest,515,0,258,5.9252040393084346e-05,0.0,0.4795081967213115
random_forest,516,0,258,5.9252040393084346e-05,0.0,0.4795081967213115
random_forest,517,0,259,2.8232328606535324e-05,0.0,0.5164617486338798
random_forest,518,0,259,2.8232328606535324e-05,0.0,0.5164617486338798
random_forest,519,0,260,8.48789879149405e-05,0.0,0.453788032112258
random_forest,520,0,260,8.48789879149405e-05,0.0,0.453788032112258
random_forest,521,0,261,8.393838922231084e-06,0.0,0.5122950819672132
random_forest,522,0,261,8.393838922231084e-06,0.0,0.5122950819672132
random_forest,523,0,262,1.251351413748717e-05,0.0,0.49586776859504134
random_forest,524,0,262,1.251351413748717e-05,0.0,0.49586776859504134
random_forest,525,0,263,4.251232135623316e-05,0.0,0.4702152060986305
random_forest,526,0,263,4.251232135623316e-05,0.0,0.4702152060986305
random_forest,527,0,264,3.660771713163103e-05,0.0,0.5340441451552562
random_forest,528,0,264,3.660771713163103e-05,0.0,0.5340441451552562
random_forest,529,0,265,0.0,0.0,0.5381593714927049
random_forest,530,0,265,0.0,0.0,0.5381593714927049
random_forest,531,0,266,1.2955884925595828e-05,0.0,0.5422575927626432
random_forest,532,0,266,1.2955884925595828e-05,0.0,0.5422575927626432
random_forest,533,0,267,3.253779198291453e-05,0.0,0.5133829881304628
random_forest,534,0,267,3.253779198291453e-05,0.0,0.5133829881304628
random_forest,535,0,268,1.632382461665273e-05,0.0,0.4918032786885246
random_forest,536,0,268,1.632382461665273e-05,0.0,0.4918032786885246
random_forest,537,0,269,2.6620312156895453e-06,0.0,0.5163934426229508
random_forest,538,0,269,2.6620312156895453e-06,0.0,0.5163934426229508
random_forest,539,0,270,0.0,0.0,0.5143611976696925
random_forest,540,0,270,0.0,0.0,0.5143611976696925
random_forest,541,0,271,1.2694769427164498e-05,0.0,0.5082650273224043
random_forest,542,0,271,1.2694769427164498e-05,0.0,0.5082650273224043
random_forest,543,0,272,5.505092210294523e-06,0.0,0.5163934426229508
random_forest,544,0,272,5.505092210294523e-06,0.0,0.5163934426229508
random_forest,545,0,273,4.4597699094532305e-05,0.0,0.48664238008500305
random_forest,546,0,273,4.4597699094532305e-05,0.0,0.48664238008500305
random_forest,547,0,274,2.1919048137809803e-05,0.0,0.5113168724279835
random_forest,548,0,274,2.1919048137809803e-05,0.0,0.5113168724279835
random_forest,549,0,275,0.0,0.0,0.5320987654320988
random_forest,550,0,275,0.0,0.0,0.5320987654320988
random_forest,551,0,276,6.396736567767028e-06,0.0,0.5257796823453389
random_forest,552,0,276,6.396736567767028e-06,0.0,0.5257796823453389
random_forest,553,0,277,2.2544276825065813e-05,0.0,0.5062327823691459
random_forest,554,0,277,2.2544276825065813e-05,0.0,0.5062327823691459
random_forest,555,0,278,3.3872702970550575e-05,0.0,0.5060967348597751
random_forest,556,0,278,3.3872702970550575e-05,0.0,0.5060967348597751
random_forest,557,0,279,4.413452613660797e-05,0.0,0.4564393939393939
random_forest,558,0,279,4.413452613660797e-05,0.0,0.4564393939393939
random_forest,559,0,280,1.356700985263474e-05,0.0,0.5289256198347108
random_forest,560,0,280,1.356700985263474e-05,0.0,0.5289256198347108
random_forest,561,0,281,2.4598065540878216e-05,0.0,0.522633744855967
random_forest,562,0,281,2.4598065540878216e-05,0.0,0.522633744855967
random_forest,563,0,282,0.0,0.0,0.5
random_forest,564,0,282,0.0,0.0,0.5
random_forest,565,0,283,2.0142882168276435e-05,0.0,0.4979683195592286
random_forest,566,0,283,2.0142882168276435e-05,0.0,0.4979683195592286
random_forest,567,0,284,1.2556139925315888e-05,0.0,0.4713114754098361
random_forest,568,0,284,1.2556139925315888e-05,0.0,0.4713114754098361
random_forest,569,0,285,3.511510594909156e-05,0.0,0.4650792575531771
random_forest,570,0,285,3.511510594909156e-05,0.0,0.4650792575531771
random_forest,571,0,286,7.3507405871141535e-06,0.0,0.5081967213114754
random_forest,572,0,286,7.3507405871141535e-06,0.0,0.5081967213114754
random_forest,573,0,287,2.4949024028684358e-05,0.0,0.5010373091181172
random_forest,574,0,287,2.4949024028684358e-05,0.0,0.5010373091181172
random_forest,575,0,288,2.6620312156895453e-06,0.0,0.518629476584022
random_forest,576,0,288,2.6620312156895453e-06,0.0,0.518629476584022
random_forest,577,0,289,0.0,0.0,0.5
random_forest,578,0,289,0.0,0.0,0.5
random_forest,579,0,290,8.297680714762551e-06,0.0,0.5473251028806584
random_forest,580,0,290,8.297680714762551e-06,0.0,0.5473251028806584
random_forest,581,0,291,1.533957414923883e-05,0.0,0.5144628099173554
random_forest,582,0,291,1.533957414923883e-05,0.0,0.5144628099173554
random_forest,583,0,292,0.0,0.0,0.5269628099173553
random_forest,584,0,292,0.0,0.0,0.5269628099173553
random_forest,585,0,293,2.7811215483055653e-05,0.0,0.5143611976696925
random_forest,586,0,293,2.7811215483055653e-05,0.0,0.5143611976696925
random_forest,587,0,294,5.133328392120237e-05,0.0,0.4772727272727273
random_forest,588,0,294,5.133328392120237e-05,0.0,0.4772727272727273
random_forest,589,0,295,7.508272440553726e-05,0.0,0.4609053497942387
random_forest,590,0,295,7.508272440553726e-05,0.0,0.4609053497942387
random_forest,591,0,296,2.1237587386972158e-05,0.0,0.4743304324360791
random_forest,592,0,296,2.1237587386972158e-05,0.0,0.4743304324360791
random_forest,593,0,297,8.229647975049396e-06,0.0,0.49562841530054647
random_forest,594,0,297,8.229647975049396e-06,0.0,0.49562841530054647
random_forest,595,0,298,1.401999738746383e-05,0.0,0.5208333333333333
random_forest,596,0,298,1.401999738746383e-05,0.0,0.5208333333333333
random_forest,597,0,299,0.0,0.0,0.5308641975308641
random_forest,598,0,299,0.0,0.0,0.5308641975308641
random_forest,599,0,300,6.642146683415583e-06,0.0,0.5166666666666666
random_forest,600,0,300,6.642146683415583e-06,0.0,0.5166666666666666
random_forest,601,0,301,3.2765029775780734e-05,0.0,0.5330578512396694
random_forest,602,0,301,3.2765029775780734e-05,0.0,0.5330578512396694
random_forest,603,0,302,0.0,0.0,0.4959016393442623
random_forest,604,0,302,0.0,0.0,0.4959016393442623
random_forest,605,0,303,1.3594069768760162e-05,0.0,0.49380165289256195
random_forest,606,0,303,1.3594069768760162e-05,0.0,0.49380165289256195
random_forest,607,0,304,6.037783713775099e-06,0.0,0.5381423664251948
random_forest,608,0,304,6.037783713775099e-06,0.0,0.5381423664251948
random_forest,609,0,305,8.311025336301019e-06,0.0,0.49793388429752067
random_forest,610,0,305,8.311025336301019e-06,0.0,0.49793388429752067
random_forest,611,0,306,3.8186277105738925e-05,0.0,0.4834710743801653
random_forest,612,0,306,3.8186277105738925e-05,0.0,0.4834710743801653
random_forest,613,0,307,6.655619519215636e-05,0.0,0.46311475409836067
random_forest,614,0,307,6.655619519215636e-05,0.0,0.46311475409836067
random_forest,615,0,308,1.4939665198819357e-05,0.0,0.49383552364178296
random_forest,616,0,308,1.4939665198819357e-05,0.0,0.49383552364178296
random_forest,617,0,309,1.3626630328985789e-05,0.0,0.5102289662647338
random_forest,618,0,309,1.3626630328985789e-05,0.0,0.5102289662647338
random_forest,619,0,310,1.6645268487750804e-05,0.0,0.4825102880658436
random_forest,620,0,310,1.6645268487750804e-05,0.0,0.4825102880658436
random_forest,621,0,311,2.0619462509768166e-05,0.0,0.5019628099173554
random_forest,622,0,311,2.0619462509768166e-05,0.0,0.5019628099173554
random_forest,623,0,312,7.128513697930842e-06,0.0,0.5041666666666667
random_forest,624,0,312,7.128513697930842e-06,0.0,0.5041666666666667
random_forest,625,0,313,2.689614557554363e-05,0.0,0.48760330578512395
random_forest,626,0,313,2.689614557554363e-05,0.0,0.48760330578512395
random_forest,627,0,314,0.00026107791332999325,0.0,0.35934021453147136
random_forest,628,0,314,0.00026107791332999325,0.0,0.35934021453147136
random_forest,629,0,315,5.6095126249954776e-05,0.0,0.4628415300546448
random_forest,630,0,315,5.6095126249954776e-05,0.0,0.4628415300546448
random_forest,631,0,316,0.0,0.0,0.5269628099173553
random_forest,632,0,316,0.0,0.0,0.5269628099173553
random_forest,633,0,317,6.788887560903881e-06,0.0,0.5133829881304628
random_forest,634,0,317,6.788887560903881e-06,0.0,0.5133829881304628
random_forest,635,0,318,3.8213362913572507e-05,0.0,0.4606060606060606
random_forest,636,0,318,3.8213362913572507e-05,0.0,0.4606060606060606
random_forest,637,0,319,0.0,0.0,0.506164476358217
random_forest,638,0,319,0.0,0.0,0.506164476358217
random_forest,639,0,320,1.3398455475823256e-05,0.0,0.5289256198347108
random_forest,640,0,320,1.3398455475823256e-05,0.0,0.5289256198347108
random_forest,641,0,321,0.0,0.0,0.5308641975308642
random_forest,642,0,321,0.0,0.0,0.5308641975308642
random_forest,643,0,322,3.402078650793674e-05,0.0,0.4702320717803414
random_forest,644,0,322,3.402078650793674e-05,0.0,0.4702320717803414
random_forest,645,0,323,0.0,0.0,0.5330578512396694
random_forest,646,0,323,0.0,0.0,0.5330578512396694
random_forest,647,0,324,0.00018494687401047298,0.0,0.36904397510458115
random_forest,648,0,324,0.00018494687401047298,0.0,0.36904397510458115
random_forest,649,0,325,0.0002623042692707577,0.0,0.3900137741046832
random_forest,650,0,325,0.0002623042692707577,0.0,0.3900137741046832
random_forest,651,0,326,5.611028298612497e-05,0.0,0.4711065573770492
random_forest,652,0,326,5.611028298612497e-05,0.0,0.4711065573770492
random_forest,653,0,327,8.229647975049396e-06,0.0,0.4815065709253489
random_forest,654,0,327,8.229647975049396e-06,0.0,0.4815065709253489
random_forest,655,0,328,3.053694838991846e-05,0.0,0.4702152060986305
random_forest,656,0,328,3.053694838991846e-05,0.0,0.4702152060986305
random_forest,657,0,329,5.962694891243197e-05,0.0,0.46584362139917695
random_forest,658,0,329,5.962694891243197e-05,0.0,0.46584362139917695
random_forest,659,0,330,0.0,0.0,0.5247950819672131
random_forest,660,0,330,0.0,0.0,0.5247950819672131
random_forest,661,0,331,1.6350081800463827e-05,0.0,0.49383552364178296
random_forest,662,0,331,1.6350081800463827e-05,0.0,0.49383552364178296
random_forest,663,0,332,1.5440443235917107e-05,0.0,0.4732759788646525
random_forest,664,0,332,1.5440443235917107e-05,0.0,0.4732759788646525
random_forest,665,0,333,8.146675148485179e-05,0.0,0.4506147540983606
random_forest,666,0,333,8.146675148485179e-05,0.0,0.4506147540983606
random_forest,667,0,334,8.813048904812594e-05,0.0,0.44628099173553715
random_forest,668,0,334,8.813048904812594e-05,0.0,0.44628099173553715
random_forest,669,0,335,2.239462376644918e-05,0.0,0.5381593714927049
random_forest,670,0,335,2.239462376644918e-05,0.0,0.5381593714927049
random_forest,671,0,336,5.731259601226787e-05,0.0,0.45268256333830104
random_forest,672,0,336,5.731259601226787e-05,0.0,0.45268256333830104
random_forest,673,0,337,8.557255015048635e-06,0.0,0.5505220555725606
random_forest,674,0,337,8.557255015048635e-06,0.0,0.5505220555725606
random_forest,675,0,338,0.0001615856683310661,0.0,0.4045233758348512
random_forest,676,0,338,0.0001615856683310661,0.0,0.4045233758348512
random_forest,677,0,339,1.0783603591558547e-05,0.0,0.506301652892562
random_forest,678,0,339,1.0783603591558547e-05,0.0,0.506301652892562
random_forest,679,0,340,1.91124737525661e-05,0.0,0.47540983606557374
random_forest,680,0,340,1.91124737525661e-05,0.0,0.47540983606557374
random_forest,681,0,341,2.2410766303860065e-05,0.0,0.481301652892562
random_forest,682,0,341,2.2410766303860065e-05,0.0,0.481301652892562
random_forest,683,0,342,0.0,0.0,0.500068306010929
random_forest,684,0,342,0.0,0.0,0.500068306010929
random_forest,685,0,343,3.710584520893052e-05,0.0,0.5062327823691459
random_forest,686,0,343,3.710584520893052e-05,0.0,0.5062327823691459
random_forest,687,0,344,0.00037310016898956997,0.0,0.32922368242785527
random_forest,688,0,344,0.00037310016898956997,0.0,0.32922368242785527
random_forest,689,0,345,0.0001507433997117699,0.0,0.39920065031838503
random_forest,690,0,345,0.0001507433997117699,0.0,0.39920065031838503
random_forest,691,0,346,5.8253313324975655e-06,0.0,0.5422745978301533
random_forest,692,0,346,5.8253313324975655e-06,0.0,0.5422745978301533
random_forest,693,0,347,1.0783603591558547e-05,0.0,0.5113168724279835
random_forest,694,0,347,1.0783603591558547e-05,0.0,0.5113168724279835
random_forest,695,0,348,2.3845411306746e-05,0.0,0.48760330578512395
random_forest,696,0,348,2.3845411306746e-05,0.0,0.48760330578512395
random_forest,697,0,349,6.255960699896553e-05,0.0,0.46887052341597796
random_forest,698,0,349,6.255960699896553e-05,0.0,0.46887052341597796
random_forest,699,0,350,6.658517909035133e-06,0.0,0.4713114754098361
random_forest,700,0,350,6.658517909035133e-06,0.0,0.4713114754098361
random_forest,701,0,351,2.6334306353480045e-05,0.0,0.5031707481616406
random_forest,702,0,351,2.6334306353480045e-05,0.0,0.5031707481616406
random_forest,703,0,352,3.1187827239799026e-05,0.0,0.4845593987008129
random_forest,704,0,352,3.1187827239799026e-05,0.0,0.4845593987008129
random_forest,705,0,353,5.68935259543889e-06,0.0,0.5236119543951967
random_forest,706,0,353,5.68935259543889e-06,0.0,0.5236119543951967
random_forest,707,0,354,0.00010496714276482839,0.0,0.48760330578512395
random_forest,708,0,354,0.00010496714276482839,0.0,0.48760330578512395
random_forest,709,0,355,0.00013253220409790986,0.0,0.43507465224636943
random_forest,710,0,355,0.00013253220409790986,0.0,0.43507465224636943
random_forest,711,0,356,0.0,0.0,0.46693989071038255
random_forest,712,0,356,0.0,0.0,0.46693989071038255
random_forest,713,0,357,3.90575126752854e-05,0.0,0.5146005509641873
random_forest,714,0,357,3.90575126752854e-05,0.0,0.5146005509641873
random_forest,715,0,358,0.00019771880947842463,0.0,0.3719945355191257
random_forest,716,0,358,0.00019771880947842463,0.0,0.3719945355191257
random_forest,717,0,359,5.449647329972046e-05,0.0,0.4061490324116587
random_forest,718,0,359,5.449647329972046e-05,0.0,0.4061490324116587
random_forest,719,0,360,3.2412451428654367e-05,0.0,0.4713114754098361
random_forest,720,0,360,3.2412451428654367e-05,0.0,0.4713114754098361
random_forest,721,0,361,7.1680393218157084e-06,0.0,0.5267578918845686
random_forest,722,0,362,0.00023144705719936728,0.0,0.33332204308359303
random_forest,723,0,362,0.00023144705719936728,0.0,0.33332204308359303
random_forest,724,0,361,7.1680393218157084e-06,0.0,0.5267578918845686
random_forest,725,0,363,0.0003501664130252328,0.0,0.34303278688524586
random_forest,726,0,363,0.0003501664130252328,0.0,0.34303278688524586
random_forest,727,0,364,0.0016379172712068693,0.0,0.30165289256198347
random_forest,728,0,364,0.0016379172712068693,0.0,0.30165289256198347
random_forest,729,0,365,0.0008743544231818535,0.0,0.3195762337176479
random_forest,730,0,365,0.0008743544231818535,0.0,0.3195762337176479
random_forest,731,0,366,0.00023590327234601017,0.0,0.40082644628099173
random_forest,732,0,366,0.00023590327234601017,0.0,0.40082644628099173
random_forest,733,0,367,0.0,0.0,0.5381423664251948
random_forest,734,0,368,1.967059230639442e-05,0.0,0.5184934290746511
random_forest,735,0,368,1.967059230639442e-05,0.0,0.5184934290746511
random_forest,736,0,367,0.0,0.0,0.5381423664251948
random_forest,737,0,369,4.9580618208261367e-05,0.0,0.45334362139917694
random_forest,738,0,369,4.9580618208261367e-05,0.0,0.45334362139917694
random_forest,739,0,370,5.8141362938741145e-05,0.0,0.49277284630819984
random_forest,740,0,371,2.1966330299638653e-05,0.0,0.4625
random_forest,741,0,371,2.1966330299638653e-05,0.0,0.4625
random_forest,742,0,370,5.8141362938741145e-05,0.0,0.49277284630819984
random_forest,743,0,372,1.4749424629713809e-05,0.0,0.4997950819672131
random_forest,744,0,372,1.4749424629713809e-05,0.0,0.4997950819672131
random_forest,745,0,373,0.0,0.0,0.5298949086827875
random_forest,746,0,373,0.0,0.0,0.5298949086827875
random_forest,747,0,374,5.670283903502118e-05,0.0,0.4833333333333333
random_forest,748,0,375,0.00017291455050062976,0.0,0.4132231404958677
random_forest,749,0,375,0.00017291455050062976,0.0,0.4132231404958677
random_forest,750,0,374,5.670283903502118e-05,0.0,0.4833333333333333
random_forest,751,0,376,0.0002759317689734917,0.0,0.38555589565690573
random_forest,752,0,376,0.0002759317689734917,0.0,0.38555589565690573
random_forest,753,0,377,2.471899436123865e-05,0.0,0.4710382513661202
random_forest,754,0,377,2.471899436123865e-05,0.0,0.4710382513661202
random_forest,755,0,378,1.8744106001492098e-05,0.0,0.5041666666666667
random_forest,756,0,378,1.8744106001492098e-05,0.0,0.5041666666666667
random_forest,757,0,379,1.9061369638003307e-05,0.0,0.5267578918845686
random_forest,758,0,380,0.0002927720596370511,0.0,0.3770491803278688
random_forest,759,0,379,1.9061369638003307e-05,0.0,0.5267578918845686
random_forest,760,0,380,0.0002927720596370511,0.0,0.3770491803278688
random_forest,761,0,381,4.036713007768128e-05,0.0,0.4525809510906381
random_forest,762,0,381,4.036713007768128e-05,0.0,0.4525809510906381
random_forest,763,0,382,4.96385186430923e-05,0.0,0.45081967213114754
random_forest,764,0,382,4.96385186430923e-05,0.0,0.45081967213114754
random_forest,765,0,383,2.9249731756909577e-05,0.0,0.4646349862258953
random_forest,766,0,384,6.698234242403946e-06,0.0,0.5267578918845686
random_forest,767,0,384,6.698234242403946e-06,0.0,0.5267578918845686
random_forest,768,0,383,2.9249731756909577e-05,0.0,0.4646349862258953
random_forest,769,0,385,6.037176122279422e-05,0.0,0.45230716253443526
random_forest,770,0,385,6.037176122279422e-05,0.0,0.45230716253443526
random_forest,771,0,386,4.957074727679283e-05,0.0,0.4578695270862848
random_forest,772,0,386,4.957074727679283e-05,0.0,0.4578695270862848
random_forest,773,0,387,0.0001564091754779459,0.0,0.43507465224636943
random_forest,774,0,388,1.5017190537133833e-05,0.0,0.5308641975308642
random_forest,775,0,388,1.5017190537133833e-05,0.0,0.5308641975308642
random_forest,776,0,389,0.0,0.0,0.4606060606060606
random_forest,777,0,387,0.0001564091754779459,0.0,0.43507465224636943
random_forest,778,0,389,0.0,0.0,0.4606060606060606
random_forest,779,0,390,7.129278794342936e-05,0.0,0.4567470532448178
random_forest,780,0,390,7.129278794342936e-05,0.0,0.4567470532448178
random_forest,781,0,391,9.778381872166728e-06,0.0,0.5082650273224043
random_forest,782,0,392,0.0,0.0,0.5318424070700938
random_forest,783,0,391,9.778381872166728e-06,0.0,0.5082650273224043
random_forest,784,0,392,0.0,0.0,0.5318424070700938
random_forest,785,0,393,4.038654073092625e-05,0.0,0.4741769547325103
random_forest,786,0,393,4.038654073092625e-05,0.0,0.4741769547325103
random_forest,787,0,394,0.0,0.0,0.5164617486338798
random_forest,788,0,394,0.0,0.0,0.5164617486338798
random_forest,789,0,395,1.5814750328721574e-05,0.0,0.48333333333333334
random_forest,790,0,395,1.5814750328721574e-05,0.0,0.48333333333333334
random_forest,791,0,396,5.779195621609177e-05,0.0,0.5022015986993632
random_forest,792,0,396,5.779195621609177e-05,0.0,0.5022015986993632
random_forest,793,0,397,0.0,0.0,0.5144628099173554
random_forest,794,0,397,0.0,0.0,0.5144628099173554
random_forest,795,0,398,0.0,0.0,0.5236456857586184
random_forest,796,0,398,0.0,0.0,0.5236456857586184
random_forest,797,0,399,1.2364414704639568e-05,0.0,0.5062327823691459
random_forest,798,0,399,1.2364414704639568e-05,0.0,0.5062327823691459
random_forest,799,0,400,0.0,0.0,0.5143611976696925
random_forest,800,0,401,8.000024615460354e-06,0.0,0.5236119543951967
random_forest,801,0,400,0.0,0.0,0.5143611976696925
random_forest,802,0,401,8.000024615460354e-06,0.0,0.5236119543951967
random_forest,803,0,402,0.0,0.0,0.5308641975308641
random_forest,804,0,403,7.339249167003647e-06,0.0,0.5165983606557377
random_forest,805,0,402,0.0,0.0,0.5308641975308641
random_forest,806,0,403,7.339249167003647e-06,0.0,0.5165983606557377
random_forest,807,0,404,0.0,0.0,0.4979683195592286
random_forest,808,0,405,5.653648314027096e-06,0.0,0.5320473251028807
random_forest,809,0,405,5.653648314027096e-06,0.0,0.5320473251028807
random_forest,810,0,404,0.0,0.0,0.4979683195592286
random_forest,811,0,406,9.814395606666292e-05,0.0,0.4454901167105174
random_forest,812,0,406,9.814395606666292e-05,0.0,0.4454901167105174
random_forest,813,0,407,6.149279851501121e-05,0.0,0.4918032786885246
random_forest,814,0,407,6.149279851501121e-05,0.0,0.4918032786885246
random_forest,815,0,408,0.0002012159085345813,0.0,0.4061490324116587
random_forest,816,0,408,0.0002012159085345813,0.0,0.4061490324116587
random_forest,817,0,409,4.887011756879734e-05,0.0,0.4979423868312757
random_forest,818,0,409,4.887011756879734e-05,0.0,0.4979423868312757
random_forest,819,0,410,0.0,0.0,0.5143611976696925
random_forest,820,0,410,0.0,0.0,0.5143611976696925
random_forest,821,0,411,0.0,0.0,0.4897032922368243
random_forest,822,0,411,0.0,0.0,0.4897032922368243
random_forest,823,0,412,6.516704110346296e-06,0.0,0.5166666666666666
random_forest,824,0,412,6.516704110346296e-06,0.0,0.5166666666666666
random_forest,825,0,413,4.793769582152834e-05,0.0,0.4939710066386669
random_forest,826,0,413,4.793769582152834e-05,0.0,0.4939710066386669
random_forest,827,0,414,3.276991358368084e-05,0.0,0.4713114754098361
random_forest,828,0,414,3.276991358368084e-05,0.0,0.4713114754098361
random_forest,829,0,415,0.0,0.0,0.5020661157024793
random_forest,830,0,415,0.0,0.0,0.5020661157024793
random_forest,831,0,416,8.157075345794836e-06,0.0,0.5174982144679114
random_forest,832,0,416,8.157075345794836e-06,0.0,0.5174982144679114
random_forest,833,0,417,6.647430000300187e-05,0.0,0.45227272727272727
random_forest,834,0,417,6.647430000300187e-05,0.0,0.45227272727272727
random_forest,835,0,418,6.71667898893933e-05,0.0,0.45334362139917694
random_forest,836,0,418,6.71667898893933e-05,0.0,0.45334362139917694
random_forest,837,0,419,6.456132661190649e-06,0.0,0.5122950819672132
random_forest,838,0,419,6.456132661190649e-06,0.0,0.5122950819672132
random_forest,839,0,420,0.0,0.0,0.5163934426229508
random_forest,840,0,420,0.0,0.0,0.5163934426229508
random_forest,841,0,421,0.0,0.0,0.5277271807326452
random_forest,842,0,421,0.0,0.0,0.5277271807326452
random_forest,843,0,422,0.00032716897652731276,0.0,0.3690609801720913
random_forest,844,0,422,0.00032716897652731276,0.0,0.3690609801720913
random_forest,845,0,423,0.0,0.0,0.5
random_forest,846,0,423,0.0,0.0,0.5
random_forest,847,0,424,3.861633635829879e-05,0.0,0.46311475409836067
random_forest,848,0,424,3.861633635829879e-05,0.0,0.46311475409836067
random_forest,849,0,425,8.551206795604315e-05,0.0,0.4625
random_forest,850,0,425,8.551206795604315e-05,0.0,0.4625
random_forest,851,0,426,0.00012853487945480526,0.0,0.42799078715621186
random_forest,852,0,426,0.00012853487945480526,0.0,0.42799078715621186
random_forest,853,0,427,0.0,0.0,0.5422745978301533
random_forest,854,0,427,0.0,0.0,0.5422745978301533
random_forest,855,0,428,0.0,0.0,0.5505220555725606
random_forest,856,0,428,0.0,0.0,0.5505220555725606
random_forest,857,0,429,1.887741366654145e-05,0.0,0.5081967213114754
random_forest,858,0,429,1.887741366654145e-05,0.0,0.5081967213114754
random_forest,859,0,430,0.0,0.0,0.5289256198347108
random_forest,860,0,431,6.98830855977949e-06,0.0,0.5041666666666667
random_forest,861,0,430,0.0,0.0,0.5289256198347108
random_forest,862,0,431,6.98830855977949e-06,0.0,0.5041666666666667
random_forest,863,0,432,0.0003454428250267877,0.0,0.3568526170798898
random_forest,864,0,432,0.0003454428250267877,0.0,0.3568526170798898
random_forest,865,0,433,0.0,0.0,0.5291666666666667
random_forest,866,0,433,0.0,0.0,0.5291666666666667
random_forest,867,0,434,0.0,0.0,0.5165983606557377
random_forest,868,0,434,0.0,0.0,0.5165983606557377
random_forest,869,0,435,6.282447696144646e-06,0.0,0.5289256198347108
random_forest,870,0,435,6.282447696144646e-06,0.0,0.5289256198347108
random_forest,871,0,436,0.0,0.0,0.5084016393442623
random_forest,872,0,436,0.0,0.0,0.5084016393442623
random_forest,873,0,437,7.116350656477183e-06,0.0,0.5154152330837212
random_forest,874,0,437,7.116350656477183e-06,0.0,0.5154152330837212
random_forest,875,0,438,0.0,0.0,0.546389824167602
random_forest,876,0,438,0.0,0.0,0.546389824167602
random_forest,877,0,439,1.2251948544814636e-05,0.0,0.5289256198347108
random_forest,878,0,439,1.2251948544814636e-05,0.0,0.5289256198347108
random_forest,879,0,440,0.0,0.0,0.531129476584022
random_forest,880,0,440,0.0,0.0,0.531129476584022
random_forest,881,0,441,0.00015530509880857632,0.0,0.3745088741362959
random_forest,882,0,441,0.00015530509880857632,0.0,0.3745088741362959
random_forest,883,0,442,4.823849700348161e-05,0.0,0.4522382920110193
random_forest,884,0,442,4.823849700348161e-05,0.0,0.4522382920110193
random_forest,885,0,443,5.5293496563245875e-06,0.0,0.5040983606557377
random_forest,886,0,443,5.5293496563245875e-06,0.0,0.5040983606557377
random_forest,887,0,444,0.0,0.0,0.5125
random_forest,888,0,444,0.0,0.0,0.5125
random_forest,889,0,445,1.3715513318889019e-05,0.0,0.4845423936333027
random_forest,890,0,445,1.3715513318889019e-05,0.0,0.4845423936333027
random_forest,891,0,446,8.819091231031821e-05,0.0,0.38967112199435433
random_forest,892,0,446,8.819091231031821e-05,0.0,0.38967112199435433
random_forest,893,0,447,7.270682838399784e-05,0.0,0.4823045267489712
random_forest,894,0,447,7.270682838399784e-05,0.0,0.4823045267489712
random_forest,895,0,448,0.0,0.0,0.5143611976696925
random_forest,896,0,448,0.0,0.0,0.5143611976696925
random_forest,897,0,449,0.0,0.0,0.5371900826446281
random_forest,898,0,449,0.0,0.0,0.5371900826446281
random_forest,899,0,450,2.1409316240454685e-05,0.0,0.5123966942148761
random_forest,900,0,450,2.1409316240454685e-05,0.0,0.5123966942148761
random_forest,901,0,451,3.885912070070435e-05,0.0,0.46687158469945356
random_forest,902,0,451,3.885912070070435e-05,0.0,0.46687158469945356
random_forest,903,0,452,5.555097218676629e-05,0.0,0.47631194095840557
random_forest,904,0,452,5.555097218676629e-05,0.0,0.47631194095840557
random_forest,905,0,453,3.338696747442611e-05,0.0,0.4620184847871551
random_forest,906,0,453,3.338696747442611e-05,0.0,0.4620184847871551
random_forest,907,0,454,5.379334756205644e-05,0.0,0.46579218106995884
random_forest,908,0,454,5.379334756205644e-05,0.0,0.46579218106995884
random_forest,909,0,455,0.0,0.0,0.5041666666666667
random_forest,910,0,455,0.0,0.0,0.5041666666666667
random_forest,911,0,456,3.237256738536475e-05,0.0,0.46584362139917695
random_forest,912,0,456,3.237256738536475e-05,0.0,0.46584362139917695
random_forest,913,0,457,4.3262945928911826e-05,0.0,0.45334362139917694
random_forest,914,0,457,4.3262945928911826e-05,0.0,0.45334362139917694
random_forest,915,0,458,1.9241481528106757e-05,0.0,0.47631194095840557
random_forest,916,0,458,1.9241481528106757e-05,0.0,0.47631194095840557
random_forest,917,0,459,7.096332716628228e-06,0.0,0.5245901639344263
random_forest,918,0,459,7.096332716628228e-06,0.0,0.5245901639344263
random_forest,919,0,460,0.0,0.0,0.4979000135482997
random_forest,920,0,460,0.0,0.0,0.4979000135482997
random_forest,921,0,461,0.0006265664373754393,0.0,0.32099309036715895
random_forest,922,0,461,0.0006265664373754393,0.0,0.32099309036715895
random_forest,923,0,462,3.5953462633124585e-05,0.0,0.481301652892562
random_forest,924,0,463,4.79354474943868e-05,0.0,0.44325408971873614
random_forest,925,0,462,3.5953462633124585e-05,0.0,0.481301652892562
random_forest,926,0,463,4.79354474943868e-05,0.0,0.44325408971873614
random_forest,927,0,464,2.9537772058990143e-05,0.0,0.46470385674931125
random_forest,928,0,464,2.9537772058990143e-05,0.0,0.46470385674931125
random_forest,929,0,465,0.0,0.0,0.531129476584022
random_forest,930,0,465,0.0,0.0,0.531129476584022
random_forest,931,0,466,4.977085117447023e-05,0.0,0.468801652892562
random_forest,932,0,466,4.977085117447023e-05,0.0,0.468801652892562
random_forest,933,0,467,2.5378386574532683e-05,0.0,0.5298949086827875
random_forest,934,0,467,2.5378386574532683e-05,0.0,0.5298949086827875
random_forest,935,0,468,3.5518070061270256e-05,0.0,0.4669421487603306
random_forest,936,0,468,3.5518070061270256e-05,0.0,0.4669421487603306
random_forest,937,0,469,0.0,0.0,0.5062327823691459
random_forest,938,0,469,0.0,0.0,0.5062327823691459
random_forest,939,0,470,4.645594388232476e-05,0.0,0.4575102880658436
random_forest,940,0,470,4.645594388232476e-05,0.0,0.4575102880658436
random_forest,941,0,471,6.944138307085274e-06,0.0,0.4815065709253489
random_forest,942,0,471,6.944138307085274e-06,0.0,0.4815065709253489
random_forest,943,0,472,0.0005555279697648096,0.0,0.31404958677685946
random_forest,944,0,472,0.0005555279697648096,0.0,0.31404958677685946
random_forest,945,0,473,2.0727810878319728e-05,0.0,0.4795081967213115
random_forest,946,0,473,2.0727810878319728e-05,0.0,0.4795081967213115
random_forest,947,0,474,2.217679562906427e-05,0.0,0.5041666666666667
random_forest,948,0,474,2.217679562906427e-05,0.0,0.5041666666666667
random_forest,949,0,475,1.915766945944996e-05,0.0,0.4875
random_forest,950,0,475,1.915766945944996e-05,0.0,0.4875
random_forest,951,0,476,8.077460217157761e-05,0.0,0.5113000067462727
random_forest,952,0,476,8.077460217157761e-05,0.0,0.5113000067462727
random_forest,953,0,477,4.975318769666606e-05,0.0,0.45491803278688525
random_forest,954,0,477,4.975318769666606e-05,0.0,0.45491803278688525
random_forest,955,0,478,6.290196279798201e-06,0.0,0.5236119543951967
random_forest,956,0,478,6.290196279798201e-06,0.0,0.5236119543951967
random_forest,957,0,479,0.00010041566518786653,0.0,0.4515695677311839
random_forest,958,0,479,0.00010041566518786653,0.0,0.4515695677311839
random_forest,959,0,480,0.0,0.0,0.5289617486338798
random_forest,960,0,480,0.0,0.0,0.5289617486338798
random_forest,961,0,481,1.3918042516457678e-05,0.0,0.5
random_forest,962,0,481,1.3918042516457678e-05,0.0,0.5
random_forest,963,0,482,8.160661605462203e-06,0.0,0.4711065573770492
random_forest,964,0,482,8.160661605462203e-06,0.0,0.4711065573770492
random_forest,965,0,483,0.0,0.0,0.49793388429752067
random_forest,966,0,483,0.0,0.0,0.49793388429752067
random_forest,967,0,484,6.627572493531402e-05,0.0,0.48664238008500305
random_forest,968,0,484,6.627572493531402e-05,0.0,0.48664238008500305
random_forest,969,0,485,4.0334460032675836e-05,0.0,0.4784456587735276
random_forest,970,0,485,4.0334460032675836e-05,0.0,0.4784456587735276
random_forest,971,0,486,0.0,0.0,0.5
random_forest,972,0,486,0.0,0.0,0.5
random_forest,973,0,487,0.0,0.0,0.5257796823453389
random_forest,974,0,487,0.0,0.0,0.5257796823453389
random_forest,975,0,488,0.0,0.0,0.5154835390946502
random_forest,976,0,488,0.0,0.0,0.5154835390946502
random_forest,977,0,489,0.0,0.0,0.5164617486338798
random_forest,978,0,489,0.0,0.0,0.5164617486338798
random_forest,979,0,490,1.1640573225423395e-05,0.0,0.5473251028806584
random_forest,980,0,490,1.1640573225423395e-05,0.0,0.5473251028806584
random_forest,981,0,491,6.524406721084087e-05,0.0,0.43918987858381797
random_forest,982,0,491,6.524406721084087e-05,0.0,0.43918987858381797
random_forest,983,0,492,8.03351194561043e-06,0.0,0.5350223546944859
random_forest,984,0,492,8.03351194561043e-06,0.0,0.5350223546944859
random_forest,985,0,493,5.118305027356684e-06,0.0,0.518561170573093
random_forest,986,0,493,5.118305027356684e-06,0.0,0.518561170573093
random_forest,987,0,494,0.0,0.0,0.5298949086827875
random_forest,988,0,494,0.0,0.0,0.5298949086827875
random_forest,989,0,495,4.0281853877949016e-05,0.0,0.47740821026961117
random_forest,990,0,495,4.0281853877949016e-05,0.0,0.47740821026961117
random_forest,991,0,496,0.0,0.0,0.5279835390946501
random_forest,992,0,496,0.0,0.0,0.5279835390946501
random_forest,993,0,497,0.0,0.0,0.5236119543951967
random_forest,994,0,497,0.0,0.0,0.5236119543951967
random_forest,995,0,498,0.0,0.0,0.5298949086827875
random_forest,996,0,498,0.0,0.0,0.5298949086827875
random_forest,997,0,499,2.895329131822026e-05,0.0,0.5040983606557377
random_forest,998,0,499,2.895329131822026e-05,0.0,0.5040983606557377
random_forest,999,0,500,0.0,0.0,0.506164476358217
random_forest,1000,0,500,0.0,0.0,0.506164476358217
random_forest,1001,0,501,0.0,0.0,0.5422575927626432
random_forest,1002,0,501,0.0,0.0,0.5422575927626432
random_forest,1003,0,502,0.0,0.0,0.5289256198347108
random_forest,1004,0,502,0.0,0.0,0.5289256198347108
random_forest,1005,0,503,1.3074642809650248e-05,0.0,0.5062327823691459
random_forest,1006,0,503,1.3074642809650248e-05,0.0,0.5062327823691459
random_forest,1007,0,504,0.0,0.0,0.5164617486338798
random_forest,1008,0,504,0.0,0.0,0.5164617486338798
random_forest,1009,0,505,5.42250715875224e-06,0.0,0.5277271807326452
random_forest,1010,0,505,5.42250715875224e-06,0.0,0.5277271807326452
random_forest,1011,0,506,0.0,0.0,0.4959016393442623
random_forest,1012,0,506,0.0,0.0,0.4959016393442623
random_forest,1013,0,507,0.0,0.0,0.49380165289256195
random_forest,1014,0,507,0.0,0.0,0.49380165289256195
random_forest,1015,0,508,3.0697323414528395e-05,0.0,0.49793388429752067
random_forest,1016,0,508,3.0697323414528395e-05,0.0,0.49793388429752067
random_forest,1017,0,509,0.0,0.0,0.506164476358217
random_forest,1018,0,509,0.0,0.0,0.506164476358217
random_forest,1019,0,510,4.590591962772466e-05,0.0,0.4866761114484247
random_forest,1020,0,510,4.590591962772466e-05,0.0,0.4866761114484247
random_forest,1021,0,511,8.009301558229268e-05,0.0,0.44031973987264594
random_forest,1022,0,511,8.009301558229268e-05,0.0,0.44031973987264594
random_forest,1023,0,512,0.00011645933709951165,0.0,0.37732544298200865
random_forest,1024,0,512,0.00011645933709951165,0.0,0.37732544298200865
random_forest,1025,0,513,6.64876198979369e-06,0.0,0.5267578918845686
random_forest,1026,0,513,6.64876198979369e-06,0.0,0.5267578918845686
random_forest,1027,0,514,5.001972379317654e-05,0.0,0.4481060606060606
random_forest,1028,0,514,5.001972379317654e-05,0.0,0.4481060606060606
random_forest,1029,0,515,0.0,0.0,0.5122950819672132
random_forest,1030,0,516,0.0,0.0,0.5082650273224043
random_forest,1031,0,516,0.0,0.0,0.5082650273224043
random_forest,1032,0,515,0.0,0.0,0.5122950819672132
random_forest,1033,0,517,0.0,0.0,0.5166666666666666
random_forest,1034,0,517,0.0,0.0,0.5166666666666666
random_forest,1035,0,518,1.732421637711851e-05,0.0,0.48770491803278687
random_forest,1036,0,518,1.732421637711851e-05,0.0,0.48770491803278687
random_forest,1037,0,519,4.4190545387646024e-05,0.0,0.49383552364178296
random_forest,1038,0,519,4.4190545387646024e-05,0.0,0.49383552364178296
random_forest,1039,0,520,2.471645320489688e-05,0.0,0.49793388429752067
random_forest,1040,0,520,2.471645320489688e-05,0.0,0.49793388429752067
random_forest,1041,0,521,7.657849527183893e-06,0.0,0.5163934426229508
random_forest,1042,0,521,7.657849527183893e-06,0.0,0.5163934426229508
random_forest,1043,0,522,5.502986227379075e-05,0.0,0.5103644492616177
random_forest,1044,0,522,5.502986227379075e-05,0.0,0.5103644492616177
random_forest,1045,0,523,3.415810013777191e-05,0.0,0.48760330578512395
random_forest,1046,0,523,3.415810013777191e-05,0.0,0.48760330578512395
random_forest,1047,0,524,7.340255067338412e-05,0.0,0.4536008230452675
random_forest,1048,0,524,7.340255067338412e-05,0.0,0.4536008230452675
random_forest,1049,0,525,1.947860898541351e-05,0.0,0.4815065709253489
random_forest,1050,0,525,1.947860898541351e-05,0.0,0.4815065709253489
random_forest,1051,0,526,5.2354290260008744e-05,0.0,0.4710382513661202
random_forest,1052,0,526,5.2354290260008744e-05,0.0,0.4710382513661202
random_forest,1053,0,527,0.0,0.0,0.5320473251028807
random_forest,1054,0,527,0.0,0.0,0.5320473251028807
random_forest,1055,0,528,3.45225343664696e-05,0.0,0.4649776453055141
random_forest,1056,0,528,3.45225343664696e-05,0.0,0.4649776453055141
random_forest,1057,0,529,2.2157204607587263e-05,0.0,0.45334362139917694
random_forest,1058,0,529,2.2157204607587263e-05,0.0,0.45334362139917694
random_forest,1059,0,530,0.0,0.0,0.5269628099173553
random_forest,1060,0,530,0.0,0.0,0.5269628099173553
random_forest,1061,0,531,9.048112272076468e-05,0.0,0.5060967348597751
random_forest,1062,0,531,9.048112272076468e-05,0.0,0.5060967348597751
random_forest,1063,0,532,0.0,0.0,0.5154320987654322
random_forest,1064,0,532,0.0,0.0,0.5154320987654322
random_forest,1065,0,533,6.228272781234625e-05,0.0,0.43570936639118457
random_forest,1066,0,533,6.228272781234625e-05,0.0,0.43570936639118457
random_forest,1067,0,534,5.706551219496785e-05,0.0,0.4752066115702479
random_forest,1068,0,534,5.706551219496785e-05,0.0,0.4752066115702479
random_forest,1069,0,535,2.6471126886564855e-05,0.0,0.490825069149295
random_forest,1070,0,535,2.6471126886564855e-05,0.0,0.490825069149295
random_forest,1071,0,536,0.0,0.0,0.5113168724279835
random_forest,1072,0,536,0.0,0.0,0.5113168724279835
random_forest,1073,0,537,1.3304004558200788e-05,0.0,0.5279320987654321
random_forest,1074,0,537,1.3304004558200788e-05,0.0,0.5279320987654321
random_forest,1075,0,538,0.0,0.0,0.531129476584022
random_forest,1076,0,538,0.0,0.0,0.531129476584022
random_forest,1077,0,539,1.4370089963207451e-05,0.0,0.5051185253205455
random_forest,1078,0,539,1.4370089963207451e-05,0.0,0.5051185253205455
random_forest,1079,0,540,0.0,0.0,0.48770491803278687
random_forest,1080,0,540,0.0,0.0,0.48770491803278687
random_forest,1081,0,541,0.0,0.0,0.5277271807326452
random_forest,1082,0,541,0.0,0.0,0.5277271807326452
random_forest,1083,0,542,1.3213448348435835e-05,0.0,0.5
random_forest,1084,0,542,1.3213448348435835e-05,0.0,0.5
random_forest,1085,0,543,6.208895915024095e-06,0.0,0.49173553719008267
random_forest,1086,0,543,6.208895915024095e-06,0.0,0.49173553719008267
random_forest,1087,0,544,4.034166169487379e-05,0.0,0.4713114754098361
random_forest,1088,0,544,4.034166169487379e-05,0.0,0.4713114754098361
random_forest,1089,0,545,0.0,0.0,0.5236456857586184
random_forest,1090,0,545,0.0,0.0,0.5236456857586184
random_forest,1091,0,546,1.924188978814866e-05,0.0,0.49586776859504134
random_forest,1092,0,546,1.924188978814866e-05,0.0,0.49586776859504134
random_forest,1093,0,547,6.521505343446384e-05,0.0,0.48567267307952855
random_forest,1094,0,547,6.521505343446384e-05,0.0,0.48567267307952855
random_forest,1095,0,548,2.189531050772366e-05,0.0,0.5
random_forest,1096,0,548,2.189531050772366e-05,0.0,0.5
random_forest,1097,0,549,2.8833953361270198e-05,0.0,0.5257796823453389
random_forest,1098,0,549,2.8833953361270198e-05,0.0,0.5257796823453389
random_forest,1099,0,550,5.4990611962350335e-05,0.0,0.4691437474596938
random_forest,1100,0,550,5.4990611962350335e-05,0.0,0.4691437474596938
random_forest,1101,0,551,8.118479077695359e-06,0.0,0.47713498622589534
random_forest,1102,0,551,8.118479077695359e-06,0.0,0.47713498622589534
random_forest,1103,0,552,4.859671373840901e-05,0.0,0.5226256604796098
random_forest,1104,0,552,4.859671373840901e-05,0.0,0.5226256604796098
random_forest,1105,0,553,3.473285905804825e-05,0.0,0.5144628099173554
random_forest,1106,0,553,3.473285905804825e-05,0.0,0.5144628099173554
random_forest,1107,0,554,2.7610385131525228e-05,0.0,0.45491803278688525
random_forest,1108,0,554,2.7610385131525228e-05,0.0,0.45491803278688525
random_forest,1109,0,555,2.0074346230257888e-05,0.0,0.5103305785123967
random_forest,1110,0,555,2.0074346230257888e-05,0.0,0.5103305785123967
random_forest,1111,0,556,2.2036036047443043e-05,0.0,0.5267578918845686
random_forest,1112,0,556,2.2036036047443043e-05,0.0,0.5267578918845686
random_forest,1113,0,557,6.88918742034377e-06,0.0,0.47713498622589534
random_forest,1114,0,557,6.88918742034377e-06,0.0,0.47713498622589534
random_forest,1115,0,558,5.7169191217260234e-05,0.0,0.45041322314049587
random_forest,1116,0,558,5.7169191217260234e-05,0.0,0.45041322314049587
random_forest,1117,0,559,2.1876130918003535e-05,0.0,0.4959016393442623
random_forest,1118,0,559,2.1876130918003535e-05,0.0,0.4959016393442623
random_forest,1119,0,560,4.219001060794654e-05,0.0,0.4620184847871551
random_forest,1120,0,560,4.219001060794654e-05,0.0,0.4620184847871551
random_forest,1121,0,561,1.2813639892277055e-05,0.0,0.5247950819672131
random_forest,1122,0,561,1.2813639892277055e-05,0.0,0.5247950819672131
random_forest,1123,0,562,0.0,0.0,0.5165289256198347
random_forest,1124,0,562,0.0,0.0,0.5165289256198347
random_forest,1125,0,563,0.0,0.0,0.4918032786885246
random_forest,1126,0,563,0.0,0.0,0.4918032786885246
random_forest,1127,0,564,0.0,0.0,0.5643595041322313
random_forest,1128,0,564,0.0,0.0,0.5643595041322313
random_forest,1129,0,565,0.0,0.0,0.5145661157024793
random_forest,1130,0,565,0.0,0.0,0.5145661157024793
random_forest,1131,0,566,0.0,0.0,0.5247950819672131
random_forest,1132,0,566,0.0,0.0,0.5247950819672131
random_forest,1133,0,567,0.00019446351724153132,0.0,0.3925619834710744
random_forest,1134,0,567,0.00019446351724153132,0.0,0.3925619834710744
random_forest,1135,0,568,0.00048183020277053326,0.0,0.3483606557377049
random_forest,1136,0,568,0.00048183020277053326,0.0,0.3483606557377049
random_forest,1137,0,569,7.729845442916984e-05,0.0,0.4362891207153502
random_forest,1138,0,569,7.729845442916984e-05,0.0,0.4362891207153502
random_forest,1139,0,570,1.5493244479453398e-05,0.0,0.46277322404371585
random_forest,1140,0,570,1.5493244479453398e-05,0.0,0.46277322404371585
random_forest,1141,0,571,6.07677166274496e-06,0.0,0.4711065573770492
random_forest,1142,0,571,6.07677166274496e-06,0.0,0.4711065573770492
random_forest,1143,0,572,1.5338707306740278e-05,0.0,0.50626608860588
random_forest,1144,0,572,1.5338707306740278e-05,0.0,0.50626608860588
random_forest,1145,0,573,1.4626437249758677e-05,0.0,0.5051525354555657
random_forest,1146,0,573,1.4626437249758677e-05,0.0,0.5051525354555657
random_forest,1147,0,574,0.0,0.0,0.49590163934426235
random_forest,1148,0,574,0.0,0.0,0.49590163934426235
random_forest,1149,0,575,0.0,0.0,0.5082644628099173
random_forest,1150,0,575,0.0,0.0,0.5082644628099173
random_forest,1151,0,576,0.0,0.0,0.4815065709253489
random_forest,1152,0,576,0.0,0.0,0.4815065709253489
random_forest,1153,0,577,6.944138307085274e-06,0.0,0.5227617079889807
random_forest,1154,0,577,6.944138307085274e-06,0.0,0.5227617079889807
random_forest,1155,0,578,0.0,0.0,0.5123966942148761
random_forest,1156,0,578,0.0,0.0,0.5123966942148761
random_forest,1157,0,579,7.148387512540745e-05,0.0,0.45901639344262296
random_forest,1158,0,579,7.148387512540745e-05,0.0,0.45901639344262296
random_forest,1159,0,580,3.64447344152543e-05,0.0,0.481301652892562
random_forest,1160,0,580,3.64447344152543e-05,0.0,0.481301652892562
random_forest,1161,0,581,8.246249269989012e-06,0.0,0.5277271807326452
random_forest,1162,0,581,8.246249269989012e-06,0.0,0.5277271807326452
random_forest,1163,0,582,6.763668209573577e-06,0.0,0.5310950413223141
random_forest,1164,0,582,6.763668209573577e-06,0.0,0.5310950413223141
random_forest,1165,0,583,6.282447696144646e-06,0.0,0.5
random_forest,1166,0,583,6.282447696144646e-06,0.0,0.5
random_forest,1167,0,584,7.1680393218157084e-06,0.0,0.5267578918845686
random_forest,1168,0,584,7.1680393218157084e-06,0.0,0.5267578918845686
random_forest,1169,0,585,0.0,0.0,0.531129476584022
random_forest,1170,0,585,0.0,0.0,0.531129476584022
random_forest,1171,0,586,0.0,0.0,0.5340441451552562
random_forest,1172,0,586,0.0,0.0,0.5340441451552562
random_forest,1173,0,587,0.00019275225409534917,0.0,0.3580476900149031
random_forest,1174,0,587,0.00019275225409534917,0.0,0.3580476900149031
random_forest,1175,0,588,1.564224434000535e-05,0.0,0.4700102880658436
random_forest,1176,0,588,1.564224434000535e-05,0.0,0.4700102880658436
random_forest,1177,0,589,4.2149591351910926e-05,0.0,0.49173553719008267
random_forest,1178,0,589,4.2149591351910926e-05,0.0,0.49173553719008267
random_forest,1179,0,590,3.105305142875675e-05,0.0,0.5062327823691459
random_forest,1180,0,590,3.105305142875675e-05,0.0,0.5062327823691459
random_forest,1181,0,591,0.0,0.0,0.5257796823453389
random_forest,1182,0,591,0.0,0.0,0.5257796823453389
random_forest,1183,0,592,0.0,0.0,0.5269628099173553
random_forest,1184,0,592,0.0,0.0,0.5269628099173553
random_forest,1185,0,593,0.0,0.0,0.5381593714927049
random_forest,1186,0,593,0.0,0.0,0.5381593714927049
random_forest,1187,0,594,0.0,0.0,0.5247950819672131
random_forest,1188,0,594,0.0,0.0,0.5247950819672131
random_forest,1189,0,595,3.3021783460065576e-05,0.0,0.49380165289256195
random_forest,1190,0,596,0.0,0.0,0.518561170573093
random_forest,1191,0,595,3.3021783460065576e-05,0.0,0.49380165289256195
random_forest,1192,0,596,0.0,0.0,0.518561170573093
random_forest,1193,0,597,2.5238572297547488e-05,0.0,0.49173553719008267
random_forest,1194,0,597,2.5238572297547488e-05,0.0,0.49173553719008267
random_forest,1195,0,598,2.8798252887796144e-05,0.0,0.5
random_forest,1196,0,598,2.8798252887796144e-05,0.0,0.5
random_forest,1197,0,599,1.8743085005230827e-05,0.0,0.48360655737704916
random_forest,1198,0,599,1.8743085005230827e-05,0.0,0.48360655737704916
random_forest,1199,0,600,1.2798299220233972e-05,0.0,0.5269628099173553
random_forest,1200,0,600,1.2798299220233972e-05,0.0,0.5269628099173553
random_forest,1201,0,601,0.00016200461402707868,0.0,0.40042501517911355
random_forest,1202,0,601,0.00016200461402707868,0.0,0.40042501517911355
random_forest,1203,0,602,0.0001542721923063025,0.0,0.38171487603305787
random_forest,1204,0,602,0.0001542721923063025,0.0,0.38171487603305787
random_forest,1205,0,603,0.0007741702171127083,0.0,0.32098765432098764
random_forest,1206,0,603,0.0007741702171127083,0.0,0.32098765432098764
random_forest,1207,0,604,0.0011790198713360982,0.0,0.29876033057851237
random_forest,1208,0,604,0.0011790198713360982,0.0,0.29876033057851237
random_forest,1209,0,605,0.0029202243475147157,0.0,0.23298642995612692
random_forest,1210,0,605,0.0029202243475147157,0.0,0.23298642995612692
hist_gb,0,0,0,7.682412644335445e-06,0.0,0.1646090534979424
hist_gb,1,0,1,0.00028459196642382454,0.1,0.08677685950413223
hist_gb,2,0,1,0.00028459196642382454,0.1,0.08677685950413223
hist_gb,3,0,2,0.00025924479801560016,0.0,0.07404145779704646
hist_gb,4,0,2,0.00025924479801560016,0.0,0.07404145779704646
hist_gb,5,0,3,0.0007015302063508741,0.0,0.07851239669421488
hist_gb,6,0,3,0.0007015302063508741,0.0,0.07851239669421488
hist_gb,7,0,4,0.025318420100694287,0.3,0.016597796143250687
hist_gb,8,0,4,0.025318420100694287,0.3,0.016597796143250687
hist_gb,9,0,5,2.1202569168596866e-06,0.0,0.2583333333333333
hist_gb,10,0,5,2.1202569168596866e-06,0.0,0.2583333333333333
hist_gb,11,0,6,0.0020226539219788337,0.0,0.09542011019283747
hist_gb,12,0,6,0.0020226539219788337,0.0,0.09542011019283747
hist_gb,13,0,7,0.00011909098958233905,0.0,0.10699769678905297
hist_gb,14,0,7,0.00011909098958233905,0.0,0.10699769678905297
hist_gb,15,0,8,3.433621919956051e-05,0.0,0.13662551440329218
hist_gb,16,0,8,3.433621919956051e-05,0.0,0.13662551440329218
hist_gb,17,0,9,0.005399839279356662,0.1,0.0823045267489712
hist_gb,18,0,9,0.005399839279356662,0.1,0.0823045267489712
hist_gb,19,0,10,2.966992947761436e-05,0.0,0.10349794238683127
hist_gb,20,0,10,2.966992947761436e-05,0.0,0.10349794238683127
hist_gb,21,0,11,0.00011663494061883524,0.0,0.10785123966942149
hist_gb,22,0,11,0.00011663494061883524,0.0,0.10785123966942149
hist_gb,23,0,12,0.00151509594403502,0.1,0.041666666666666664
hist_gb,24,0,12,0.00151509594403502,0.1,0.041666666666666664
hist_gb,25,0,13,8.577799538042979e-05,0.0,0.11666666666666667
hist_gb,26,0,13,8.577799538042979e-05,0.0,0.11666666666666667
hist_gb,27,0,14,0.006991421727276781,0.1,0.03305785123966942
hist_gb,28,0,14,0.006991421727276781,0.1,0.03305785123966942
hist_gb,29,0,15,0.00043334376391951005,0.0,0.05339674829656615
hist_gb,30,0,15,0.00043334376391951005,0.0,0.05339674829656615
hist_gb,31,0,16,3.0291937854828393e-05,0.0,0.1117798353909465
hist_gb,32,0,16,3.0291937854828393e-05,0.0,0.1117798353909465
hist_gb,33,0,17,7.058689300551704e-07,0.0,0.8226541509369791
hist_gb,34,0,17,7.058689300551704e-07,0.0,0.8226541509369791
hist_gb,35,0,18,8.968775967554512e-07,0.0,0.35669829609223547
hist_gb,36,0,18,8.968775967554512e-07,0.0,0.35669829609223547
hist_gb,37,0,19,4.176439383683294e-06,0.0,0.2257201646090535
hist_gb,38,0,19,4.176439383683294e-06,0.0,0.2257201646090535
hist_gb,39,0,20,1.178085206593545e-06,0.0,0.5174812094004013
hist_gb,40,0,20,1.178085206593545e-06,0.0,0.5174812094004013
hist_gb,41,0,21,6.1274740891225645e-06,0.0,0.2453321089684726
hist_gb,42,0,21,6.1274740891225645e-06,0.0,0.2453321089684726
hist_gb,43,0,22,0.0001105830940360545,0.0,0.14022378668843316
hist_gb,44,0,22,0.0001105830940360545,0.0,0.14022378668843316
hist_gb,45,0,23,0.00011600609025469216,0.0,0.13333333333333333
hist_gb,46,0,23,0.00011600609025469216,0.0,0.13333333333333333
hist_gb,47,1,24,0.0003897302197456875,0.0,0.05749510895230385
hist_gb,48,0,24,0.0003897302197456875,0.0,0.05749510895230385
hist_gb,49,0,25,1.683384222403687e-05,0.0,0.1484712444308404
hist_gb,50,0,25,1.683384222403687e-05,0.0,0.1484712444308404
hist_gb,51,0,26,0.0031973535581080147,0.1,0.02479423868312757
hist_gb,52,0,26,0.0031973535581080147,0.1,0.02479423868312757
hist_gb,53,0,27,0.00012734125894803586,0.0,0.09904371584699453
hist_gb,54,0,27,0.00012734125894803586,0.0,0.09904371584699453
hist_gb,55,0,28,0.018584043903748272,0.1,0.04959016393442623
hist_gb,56,0,28,0.018584043903748272,0.1,0.04959016393442623
hist_gb,57,0,29,3.185634393863037e-05,0.0,0.13217213114754098
hist_gb,58,0,29,3.185634393863037e-05,0.0,0.13217213114754098
hist_gb,59,0,30,0.2615103338800899,1.0,0.008264462809917356
hist_gb,60,0,30,0.2615103338800899,1.0,0.008264462809917356
hist_gb,61,0,31,0.0014024992797698073,0.3,0.04948474645444342
hist_gb,62,0,31,0.0014024992797698073,0.3,0.04948474645444342
hist_gb,63,0,32,2.5215289276780566e-06,0.0,0.20491803278688525
hist_gb,64,0,32,2.5215289276780566e-06,0.0,0.20491803278688525
hist_gb,65,0,33,3.014740711359359e-06,0.0,0.19504132231404958
hist_gb,66,0,33,3.014740711359359e-06,0.0,0.19504132231404958
hist_gb,67,0,34,0.00022407502581920638,0.0,0.08859640172771485
hist_gb,68,0,34,0.00022407502581920638,0.0,0.08859640172771485
hist_gb,69,0,35,0.0014863490501990401,0.1,0.04559228650137741
hist_gb,70,0,35,0.0014863490501990401,0.1,0.04559228650137741
hist_gb,71,0,36,0.0015754905032355957,0.0,0.037294238683127576
hist_gb,72,0,36,0.0015754905032355957,0.0,0.037294238683127576
hist_gb,73,0,37,2.1434057739097695e-06,0.0,0.311379791177771
hist_gb,74,0,37,2.1434057739097695e-06,0.0,0.311379791177771
hist_gb,75,0,38,0.011279382850822306,0.0,0.02896090534979424
hist_gb,76,0,38,0.011279382850822306,0.0,0.02896090534979424
hist_gb,77,0,39,0.007248476466956313,0.2,0.0746556473829201
hist_gb,78,0,39,0.007248476466956313,0.2,0.0746556473829201
hist_gb,79,0,40,2.5032510548585576e-05,0.0,0.11133217698874265
hist_gb,80,1,40,2.5032510548585576e-05,0.0,0.11133217698874265
hist_gb,81,0,41,0.0006166014311977362,0.0,0.08298898071625344
hist_gb,82,0,41,0.0006166014311977362,0.0,0.08298898071625344
hist_gb,83,0,42,0.0050164762119261136,0.0,0.02896090534979424
hist_gb,84,0,42,0.0050164762119261136,0.0,0.02896090534979424
hist_gb,85,0,43,0.0005614097533773064,0.0,0.06198347107438017
hist_gb,86,0,43,0.0005614097533773064,0.0,0.06198347107438017
hist_gb,87,0,44,0.013866875373208501,0.1,0.05371900826446281
hist_gb,88,0,44,0.013866875373208501,0.1,0.05371900826446281
hist_gb,89,0,45,9.0876656484765e-06,0.0,0.21074380165289258
hist_gb,90,0,45,9.0876656484765e-06,0.0,0.21074380165289258
hist_gb,91,0,46,2.37776934248993e-06,0.0,0.2701595075332449
hist_gb,92,0,46,2.37776934248993e-06,0.0,0.2701595075332449
hist_gb,93,0,47,0.002036452054625853,0.0,0.04132231404958678
hist_gb,94,0,47,0.002036452054625853,0.0,0.04132231404958678
hist_gb,95,1,48,0.004603485454349412,0.1,0.032871213654455916
hist_gb,96,0,48,0.004603485454349412,0.1,0.032871213654455916
hist_gb,97,0,49,0.02266476800180789,0.4,0.016597796143250687
hist_gb,98,0,49,0.02266476800180789,0.4,0.016597796143250687
hist_gb,99,1,50,0.004123627005562997,0.3,0.03710505730707751
hist_gb,100,0,50,0.004123627005562997,0.3,0.03710505730707751
hist_gb,101,1,51,0.0043293263974808404,0.2,0.028790136837826854
hist_gb,102,0,51,0.0043293263974808404,0.2,0.028790136837826854
hist_gb,103,1,52,0.011863196199030984,0.2,0.0290633608815427
hist_gb,104,0,52,0.011863196199030984,0.2,0.0290633608815427
hist_gb,105,1,53,0.00030408653868979125,0.0,0.049586776859504134
hist_gb,106,0,53,0.00030408653868979125,0.0,0.049586776859504134
hist_gb,107,1,54,0.013243533764061654,0.4,0.02475937829473183
hist_gb,108,0,54,0.013243533764061654,0.4,0.02475937829473183
hist_gb,109,1,55,3.2243570154982596e-05,0.0,0.09110082304526748
hist_gb,110,0,55,3.2243570154982596e-05,0.0,0.09110082304526748
hist_gb,111,1,56,6.9310901819580725e-06,0.0,0.27994174231133995
hist_gb,112,0,56,6.9310901819580725e-06,0.0,0.27994174231133995
hist_gb,113,1,57,0.003731186008071348,0.1,0.045454545454545456
hist_gb,114,0,57,0.003731186008071348,0.1,0.045454545454545456
hist_gb,115,1,58,0.4079577386443326,1.0,0.0
hist_gb,116,1,58,0.4079577386443326,1.0,0.0
hist_gb,117,1,59,0.6450506029334592,1.0,0.0
hist_gb,118,1,59,0.6450506029334592,1.0,0.0
hist_gb,119,1,60,0.7626408706682043,1.0,0.0
hist_gb,120,1,60,0.7626408706682043,1.0,0.0
hist_gb,121,0,61,0.0031101497389543656,0.1,0.053497942386831275
hist_gb,122,0,61,0.0031101497389543656,0.1,0.053497942386831275
hist_gb,123,0,62,1.0871154877321674e-05,0.0,0.24879476584022037
hist_gb,124,0,62,1.0871154877321674e-05,0.0,0.24879476584022037
hist_gb,125,0,63,0.003121853742524539,0.2,0.03305785123966942
hist_gb,126,0,63,0.003121853742524539,0.2,0.03305785123966942
hist_gb,127,0,64,0.0003934056912674896,0.0,0.05761316872427984
hist_gb,128,0,64,0.0003934056912674896,0.0,0.05761316872427984
hist_gb,129,0,65,0.015631697590404104,0.3,0.01646090534979424
hist_gb,130,0,65,0.015631697590404104,0.3,0.01646090534979424
hist_gb,131,0,66,0.0003923844010636371,0.0,0.07820755995122612
hist_gb,132,0,66,0.0003923844010636371,0.0,0.07820755995122612
hist_gb,133,0,67,0.0012653526621930924,0.1,0.05368852459016393
hist_gb,134,0,67,0.0012653526621930924,0.1,0.05368852459016393
hist_gb,135,0,68,0.0026829017451619006,0.0,0.0536169778594021
hist_gb,136,0,68,0.0026829017451619006,0.0,0.0536169778594021
hist_gb,137,0,69,0.00572308656655854,0.3,0.02896090534979424
hist_gb,138,0,69,0.00572308656655854,0.3,0.02896090534979424
hist_gb,139,0,70,8.513190475748561e-06,0.0,0.14401842568757622
hist_gb,140,0,70,8.513190475748561e-06,0.0,0.14401842568757622
hist_gb,141,0,71,0.0001275166962923781,0.0,0.08677685950413223
hist_gb,142,0,71,0.0001275166962923781,0.0,0.08677685950413223
hist_gb,143,0,72,0.004793877444715873,0.4,0.01639344262295082
hist_gb,144,0,72,0.004793877444715873,0.4,0.01639344262295082
hist_gb,145,0,73,0.006653194979523278,0.4,0.016494915484814476
hist_gb,146,0,73,0.006653194979523278,0.4,0.016494915484814476
hist_gb,147,0,74,0.0024877297374633007,0.2,0.016597796143250687
hist_gb,148,0,74,0.0024877297374633007,0.2,0.016597796143250687
hist_gb,149,0,75,0.002676078917621879,0.1,0.04115296030348191
hist_gb,150,0,75,0.002676078917621879,0.1,0.04115296030348191
hist_gb,151,0,76,0.0002168341910740033,0.0,0.06222451790633609
hist_gb,152,0,76,0.0002168341910740033,0.0,0.06222451790633609
hist_gb,153,0,77,0.028354736161643544,0.4,0.01639344262295082
hist_gb,154,0,77,0.028354736161643544,0.4,0.01639344262295082
hist_gb,155,0,78,3.6115375212644993e-06,0.0,0.2730385212170276
hist_gb,156,0,78,3.6115375212644993e-06,0.0,0.2730385212170276
hist_gb,157,0,79,3.552550676264931e-06,0.0,0.2588038858530662
hist_gb,158,0,79,3.552550676264931e-06,0.0,0.2588038858530662
hist_gb,159,0,80,1.2994020444930318e-05,0.0,0.14843723429582018
hist_gb,160,0,80,1.2994020444930318e-05,0.0,0.14843723429582018
hist_gb,161,0,81,3.765312046087633e-06,0.0,0.19166666666666665
hist_gb,162,0,81,3.765312046087633e-06,0.0,0.19166666666666665
hist_gb,163,0,82,3.6058844494535605e-07,0.0,0.859504132231405
hist_gb,164,0,82,3.6058844494535605e-07,0.0,0.859504132231405
hist_gb,165,0,83,2.7620076828256247e-06,0.0,0.19756808020593414
hist_gb,166,0,83,2.7620076828256247e-06,0.0,0.19756808020593414
hist_gb,167,0,84,1.793113096918669e-06,0.0,0.4504132231404958
hist_gb,168,0,84,1.793113096918669e-06,0.0,0.4504132231404958
hist_gb,169,0,85,5.132854730043534e-07,0.0,0.9834022038567494
hist_gb,170,0,85,5.132854730043534e-07,0.0,0.9834022038567494
hist_gb,171,0,86,5.6410238036202584e-06,0.0,0.21074380165289258
hist_gb,172,0,86,5.6410238036202584e-06,0.0,0.21074380165289258
hist_gb,173,0,87,1.8678003040371491e-06,0.0,0.3030983233003435
hist_gb,174,0,87,1.8678003040371491e-06,0.0,0.3030983233003435
hist_gb,175,0,88,3.362328593894002e-06,0.0,0.17291017477306597
hist_gb,176,0,88,3.362328593894002e-06,0.0,0.17291017477306597
hist_gb,177,0,89,1.8336205244716993e-06,0.0,0.25983743155460326
hist_gb,178,0,89,1.8336205244716993e-06,0.0,0.25983743155460326
hist_gb,179,0,90,4.901154087547237e-07,0.0,0.5771604938271605
hist_gb,180,0,90,4.901154087547237e-07,0.0,0.5771604938271605
hist_gb,181,0,91,2.641361454844237e-06,0.0,0.22887120361867835
hist_gb,182,0,91,2.641361454844237e-06,0.0,0.22887120361867835
hist_gb,183,0,92,1.8614272549662084e-06,0.0,0.2123762881338639
hist_gb,184,0,92,1.8614272549662084e-06,0.0,0.2123762881338639
hist_gb,185,0,93,1.5917961127169452e-07,0.0,0.9835382513661202
hist_gb,186,0,93,1.5917961127169452e-07,0.0,0.9835382513661202
hist_gb,187,0,94,3.6810142879215166e-06,0.0,0.2486914600550964
hist_gb,188,0,94,3.6810142879215166e-06,0.0,0.2486914600550964
hist_gb,189,0,95,2.7778830930477728e-06,0.0,0.303168044077135
hist_gb,190,0,95,2.7778830930477728e-06,0.0,0.303168044077135
hist_gb,191,0,96,6.0471617815861e-06,0.0,0.16838696620117383
hist_gb,192,0,96,6.0471617815861e-06,0.0,0.16838696620117383
hist_gb,193,0,97,2.862084230595857e-06,0.0,0.243801652892562
hist_gb,194,0,97,2.862084230595857e-06,0.0,0.243801652892562
hist_gb,195,0,98,5.040102342992182e-06,0.0,0.15767906336088156
hist_gb,196,0,98,5.040102342992182e-06,0.0,0.15767906336088156
hist_gb,197,0,99,1.2259099316008791e-06,0.0,0.2976775956284153
hist_gb,198,0,99,1.2259099316008791e-06,0.0,0.2976775956284153
hist_gb,199,0,100,3.1587669796816344e-06,0.0,0.16901336598306294
hist_gb,200,0,100,3.1587669796816344e-06,0.0,0.16901336598306294
hist_gb,201,0,101,3.9473744714628214e-05,0.0,0.18181818181818182
hist_gb,202,0,101,3.9473744714628214e-05,0.0,0.18181818181818182
hist_gb,203,0,102,1.0340408933256268e-06,0.0,0.4893595041322314
hist_gb,204,0,102,1.0340408933256268e-06,0.0,0.4893595041322314
hist_gb,205,0,103,4.077708535474428e-07,0.0,0.8925619834710743
hist_gb,206,0,103,4.077708535474428e-07,0.0,0.8925619834710743
hist_gb,207,0,104,3.375690572048926e-07,0.0,0.8477366255144032
hist_gb,208,0,104,3.375690572048926e-07,0.0,0.8477366255144032
hist_gb,209,0,105,1.5242308161595062e-06,0.0,0.2577288031833486
hist_gb,210,0,105,1.5242308161595062e-06,0.0,0.2577288031833486
hist_gb,211,0,106,5.069278627903083e-06,0.0,0.19090909090909092
hist_gb,212,0,106,5.069278627903083e-06,0.0,0.19090909090909092
hist_gb,213,0,107,3.116937251083426e-06,0.0,0.48973716298604525
hist_gb,214,0,107,3.116937251083426e-06,0.0,0.48973716298604525
hist_gb,215,0,108,6.784052256917218e-06,0.0,0.18107302533532044
hist_gb,216,0,108,6.784052256917218e-06,0.0,0.18107302533532044
hist_gb,217,0,109,3.872964209811902e-06,0.0,0.1811068960845414
hist_gb,218,0,109,3.872964209811902e-06,0.0,0.1811068960845414
hist_gb,219,0,110,8.842689966571925e-06,0.0,0.18518518518518517
hist_gb,220,0,110,8.842689966571925e-06,0.0,0.18518518518518517
hist_gb,221,0,111,2.2326529487759105e-05,0.0,0.18517138599105812
hist_gb,222,0,111,2.2326529487759105e-05,0.0,0.18517138599105812
hist_gb,223,0,112,4.480276398730923e-05,0.0,0.0743801652892562
hist_gb,224,0,112,4.480276398730923e-05,0.0,0.0743801652892562
hist_gb,225,0,113,1.9720309005285738e-07,0.0,0.9752732240437159
hist_gb,226,0,113,1.9720309005285738e-07,0.0,0.9752732240437159
hist_gb,227,0,114,3.9581433699897176e-07,0.0,0.7319321157704997
hist_gb,228,0,114,3.9581433699897176e-07,0.0,0.7319321157704997
hist_gb,229,0,115,1.3274514712580016e-06,0.0,0.4227119681665136
hist_gb,230,0,115,1.3274514712580016e-06,0.0,0.4227119681665136
hist_gb,231,0,116,1.173371923129491e-06,0.0,0.4198045267489712
hist_gb,232,0,116,1.173371923129491e-06,0.0,0.4198045267489712
hist_gb,233,0,117,4.547437338147421e-06,0.0,0.19340197805175452
hist_gb,234,0,117,4.547437338147421e-06,0.0,0.19340197805175452
hist_gb,235,0,118,9.475596104763705e-07,0.0,0.3736225895316805
hist_gb,236,0,118,9.475596104763705e-07,0.0,0.3736225895316805
hist_gb,237,0,119,2.925958120686227e-06,0.0,0.22816804407713498
hist_gb,238,0,119,2.925958120686227e-06,0.0,0.22816804407713498
hist_gb,239,0,120,1.3500556241252541e-06,0.0,0.25514835388158785
hist_gb,240,0,120,1.3500556241252541e-06,0.0,0.25514835388158785
hist_gb,241,0,121,9.007765186291166e-07,0.0,0.48046117743087435
hist_gb,242,0,121,9.007765186291166e-07,0.0,0.48046117743087435
hist_gb,243,0,122,7.824566231908251e-07,0.0,0.3841496323281387
hist_gb,244,0,122,7.824566231908251e-07,0.0,0.3841496323281387
hist_gb,245,0,123,2.452051856673341e-07,0.0,0.9792699724517906
hist_gb,246,0,123,2.452051856673341e-07,0.0,0.9792699724517906
hist_gb,247,0,124,4.58088399291947e-07,0.0,0.6386707988980717
hist_gb,248,0,124,4.58088399291947e-07,0.0,0.6386707988980717
hist_gb,249,0,125,2.1894152074145895e-06,0.0,0.7677341597796143
hist_gb,250,0,125,2.1894152074145895e-06,0.0,0.7677341597796143
hist_gb,251,0,126,1.2126831666189138e-05,0.0,0.16666666666666666
hist_gb,252,0,126,1.2126831666189138e-05,0.0,0.16666666666666666
hist_gb,253,0,127,9.92504910726957e-07,0.0,0.3027548209366391
hist_gb,254,0,127,9.92504910726957e-07,0.0,0.3027548209366391
hist_gb,255,0,128,3.6942814707330853e-06,0.0,0.18513751524183714
hist_gb,256,0,128,3.6942814707330853e-06,0.0,0.18513751524183714
hist_gb,257,0,129,3.8009942035503905e-06,0.0,0.1940573770491803
hist_gb,258,0,129,3.8009942035503905e-06,0.0,0.1940573770491803
hist_gb,259,0,130,7.123905114188993e-05,0.0,0.08664081896405129
hist_gb,260,0,130,7.123905114188993e-05,0.0,0.08664081896405129
hist_gb,261,0,131,5.742542593211695e-07,0.0,0.5619834710743802
hist_gb,262,0,131,5.742542593211695e-07,0.0,0.5619834710743802
hist_gb,263,0,132,5.170694069969835e-07,0.0,0.44672131147540983
hist_gb,264,0,132,5.170694069969835e-07,0.0,0.44672131147540983
hist_gb,265,0,133,3.3023284240085585e-07,0.0,0.7895491803278688
hist_gb,266,0,133,3.3023284240085585e-07,0.0,0.7895491803278688
hist_gb,267,0,134,4.821480212080927e-07,0.0,0.8483606557377049
hist_gb,268,0,134,4.821480212080927e-07,0.0,0.8483606557377049
hist_gb,269,0,135,1.2533178626538698e-05,0.0,0.11934156378600824
hist_gb,270,0,135,1.2533178626538698e-05,0.0,0.11934156378600824
hist_gb,271,0,136,6.160096311947232e-06,0.0,0.15051185253205457
hist_gb,272,0,136,6.160096311947232e-06,0.0,0.15051185253205457
hist_gb,273,0,137,1.08111491366634e-05,0.0,0.1319593238785158
hist_gb,274,0,137,1.08111491366634e-05,0.0,0.1319593238785158
hist_gb,275,0,138,3.7750792344017807e-06,0.0,0.22787222559535858
hist_gb,276,0,138,3.7750792344017807e-06,0.0,0.22787222559535858
hist_gb,277,0,139,2.479728696552575e-06,0.0,0.2396174863387978
hist_gb,278,0,139,2.479728696552575e-06,0.0,0.2396174863387978
hist_gb,279,0,140,5.97110126303057e-07,0.0,0.5176682651430127
hist_gb,280,0,140,5.97110126303057e-07,0.0,0.5176682651430127
hist_gb,281,0,141,2.5250725117420725e-05,0.0,0.09482025643641806
hist_gb,282,0,141,2.5250725117420725e-05,0.0,0.09482025643641806
hist_gb,283,0,142,2.0774071051245634e-05,0.0,0.10334699453551913
hist_gb,284,0,142,2.0774071051245634e-05,0.0,0.10334699453551913
hist_gb,285,0,143,1.2199535181270604e-06,0.0,0.4262295081967213
hist_gb,286,0,143,1.2199535181270604e-06,0.0,0.4262295081967213
hist_gb,287,0,144,1.1280112832848879e-06,0.0,0.47223072475597727
hist_gb,288,0,144,1.1280112832848879e-06,0.0,0.47223072475597727
hist_gb,289,0,145,6.157266240431649e-07,0.0,0.604037003026902
hist_gb,290,0,145,6.157266240431649e-07,0.0,0.604037003026902
hist_gb,291,0,146,1.6745528432959662e-06,0.0,0.2715079257553177
hist_gb,292,0,146,1.6745528432959662e-06,0.0,0.2715079257553177
hist_gb,293,0,147,9.202964565811288e-06,0.0,0.19753420945671318
hist_gb,294,0,147,9.202964565811288e-06,0.0,0.19753420945671318
hist_gb,295,0,148,3.593768338912225e-06,0.0,0.17014462809917355
hist_gb,296,0,149,5.355946113630749e-07,0.0,0.6033057851239669
hist_gb,297,0,149,5.355946113630749e-07,0.0,0.6033057851239669
hist_gb,298,0,150,4.203362907115324e-07,0.0,0.8015151515151515
hist_gb,299,0,148,3.593768338912225e-06,0.0,0.17014462809917355
hist_gb,300,0,150,4.203362907115324e-07,0.0,0.8015151515151515
hist_gb,301,0,151,8.870706667500547e-07,0.0,0.4804441723633643
hist_gb,302,0,151,8.870706667500547e-07,0.0,0.4804441723633643
hist_gb,303,0,152,7.5504315974284715e-06,0.0,0.2353825136612022
hist_gb,304,0,152,7.5504315974284715e-06,0.0,0.2353825136612022
hist_gb,305,0,153,6.96757608703683e-07,0.0,0.5291666666666667
hist_gb,306,0,153,6.96757608703683e-07,0.0,0.5291666666666667
hist_gb,307,0,154,3.1561715044247736e-07,0.0,0.7945400352255791
hist_gb,308,0,154,3.1561715044247736e-07,0.0,0.7945400352255791
hist_gb,309,0,155,1.554379064377483e-06,0.0,0.4126366120218579
hist_gb,310,0,156,6.052661556013746e-06,0.0,0.12861570247933884
hist_gb,311,0,156,6.052661556013746e-06,0.0,0.12861570247933884
hist_gb,312,0,155,1.554379064377483e-06,0.0,0.4126366120218579
hist_gb,313,0,157,3.6943128701295264e-06,0.0,0.16115702479338845
hist_gb,314,0,157,3.6943128701295264e-06,0.0,0.16115702479338845
hist_gb,315,0,158,2.0187736615390595e-06,0.0,0.27623031663435704
hist_gb,316,0,158,2.0187736615390595e-06,0.0,0.27623031663435704
hist_gb,317,0,159,1.1853858772266977e-05,0.0,0.111383192191273
hist_gb,318,0,159,1.1853858772266977e-05,0.0,0.111383192191273
hist_gb,319,0,160,3.9585209544396964e-07,0.0,0.7036986858149302
hist_gb,320,0,160,3.9585209544396964e-07,0.0,0.7036986858149302
hist_gb,321,0,161,2.237899230471557e-05,0.0,0.0942622950819672
hist_gb,322,0,161,2.237899230471557e-05,0.0,0.0942622950819672
hist_gb,323,0,162,2.6216045765337552e-05,0.0,0.12320380489779396
hist_gb,324,0,162,2.6216045765337552e-05,0.0,0.12320380489779396
hist_gb,325,0,163,1.06589048241278e-06,0.0,0.6391873278236915
hist_gb,326,0,163,1.06589048241278e-06,0.0,0.6391873278236915
hist_gb,327,0,164,2.634264158988403e-07,0.0,0.9712098631621731
hist_gb,328,0,164,2.634264158988403e-07,0.0,0.9712098631621731
hist_gb,329,0,165,6.132808631107086e-07,0.0,0.4691776182089148
hist_gb,330,0,165,6.132808631107086e-07,0.0,0.4691776182089148
hist_gb,331,0,166,5.141728089165547e-07,0.0,0.5464408393701323
hist_gb,332,0,166,5.141728089165547e-07,0.0,0.5464408393701323
hist_gb,333,0,167,3.3964182710522876e-07,0.0,0.9507016123591716
hist_gb,334,0,167,3.3964182710522876e-07,0.0,0.9507016123591716
hist_gb,335,0,168,5.444848647048391e-06,0.0,0.1452823691460055
hist_gb,336,0,168,5.444848647048391e-06,0.0,0.1452823691460055
hist_gb,337,0,169,3.665046713517421e-07,0.0,0.6624102425145644
hist_gb,338,0,169,3.665046713517421e-07,0.0,0.6624102425145644
hist_gb,339,0,170,2.4988412764550883e-06,0.0,0.2591789730388836
hist_gb,340,0,170,2.4988412764550883e-06,0.0,0.2591789730388836
hist_gb,341,0,171,7.072524105457698e-07,0.0,0.4535350468865952
hist_gb,342,0,171,7.072524105457698e-07,0.0,0.4535350468865952
hist_gb,343,0,172,2.7253138494153262e-06,0.0,0.2154320987654321
hist_gb,344,0,172,2.7253138494153262e-06,0.0,0.2154320987654321
hist_gb,345,0,173,9.763358755454571e-07,0.0,0.4386612021857924
hist_gb,346,0,173,9.763358755454571e-07,0.0,0.4386612021857924
hist_gb,347,0,174,9.231596365422354e-06,0.0,0.17175925925925925
hist_gb,348,0,174,9.231596365422354e-06,0.0,0.17175925925925925
hist_gb,349,0,175,5.891447894582691e-06,0.0,0.14374620522161505
hist_gb,350,0,175,5.891447894582691e-06,0.0,0.14374620522161505
hist_gb,351,0,176,5.581480364092699e-06,0.0,0.1875
hist_gb,352,0,176,5.581480364092699e-06,0.0,0.1875
hist_gb,353,0,177,1.3348414437088145e-06,0.0,0.27685950413223137
hist_gb,354,0,177,1.3348414437088145e-06,0.0,0.27685950413223137
hist_gb,355,0,178,1.91985945375884e-06,0.0,0.29098360655737704
hist_gb,356,0,178,1.91985945375884e-06,0.0,0.29098360655737704
hist_gb,357,0,179,1.8037205718316436e-05,0.0,0.11570247933884298
hist_gb,358,0,179,1.8037205718316436e-05,0.0,0.11570247933884298
hist_gb,359,0,180,9.52976008478804e-07,0.0,0.2726092896174863
hist_gb,360,0,180,9.52976008478804e-07,0.0,0.2726092896174863
hist_gb,361,0,181,3.581994086416245e-07,0.0,0.8916666666666666
hist_gb,362,0,181,3.581994086416245e-07,0.0,0.8916666666666666
hist_gb,363,0,182,3.823176326747853e-06,0.0,0.18144407033295923
hist_gb,364,0,182,3.823176326747853e-06,0.0,0.18144407033295923
hist_gb,365,0,183,4.033949340451259e-06,0.0,0.26918724279835393
hist_gb,366,0,183,4.033949340451259e-06,0.0,0.26918724279835393
hist_gb,367,0,184,4.757117968194065e-06,0.0,0.18032786885245902
hist_gb,368,0,184,4.757117968194065e-06,0.0,0.18032786885245902
hist_gb,369,0,185,4.3721644654327155e-07,0.0,0.6090534979423867
hist_gb,370,0,185,4.3721644654327155e-07,0.0,0.6090534979423867
hist_gb,371,0,186,8.876257657911572e-06,0.0,0.15163934426229508
hist_gb,372,0,186,8.876257657911572e-06,0.0,0.15163934426229508
hist_gb,373,0,187,8.006282751518565e-07,0.0,0.5120218579234972
hist_gb,374,0,187,8.006282751518565e-07,0.0,0.5120218579234972
hist_gb,375,0,188,8.616485987208145e-07,0.0,0.3884297520661157
hist_gb,376,0,188,8.616485987208145e-07,0.0,0.3884297520661157
hist_gb,377,0,189,6.561999212487974e-07,0.0,0.49783227204985775
hist_gb,378,0,189,6.561999212487974e-07,0.0,0.49783227204985775
hist_gb,379,0,190,4.751142292568012e-07,0.0,0.4297520661157025
hist_gb,380,0,190,4.751142292568012e-07,0.0,0.4297520661157025
hist_gb,381,0,191,8.227456897077653e-07,0.0,0.3455155128031432
hist_gb,382,0,191,8.227456897077653e-07,0.0,0.3455155128031432
hist_gb,383,0,192,1.1270851932844916e-06,0.0,0.39827823691460057
hist_gb,384,0,192,1.1270851932844916e-06,0.0,0.39827823691460057
hist_gb,385,0,193,1.0763192819739497e-06,0.0,0.468013468013468
hist_gb,386,0,193,1.0763192819739497e-06,0.0,0.468013468013468
hist_gb,387,0,194,6.668979134801634e-07,0.0,0.5082650273224043
hist_gb,388,0,194,6.668979134801634e-07,0.0,0.5082650273224043
hist_gb,389,0,195,6.614489125592767e-07,0.0,0.4273760330578512
hist_gb,390,0,195,6.614489125592767e-07,0.0,0.4273760330578512
hist_gb,391,0,196,6.26087102223324e-07,0.0,0.446379781420765
hist_gb,392,0,196,6.26087102223324e-07,0.0,0.446379781420765
hist_gb,393,0,197,9.904110180473392e-07,0.0,0.34858815426997247
hist_gb,394,0,197,9.904110180473392e-07,0.0,0.34858815426997247
hist_gb,395,0,198,5.203457016335079e-07,0.0,0.4209505498212238
hist_gb,396,0,199,7.789668592013978e-07,0.0,0.48743169398907105
hist_gb,397,0,199,7.789668592013978e-07,0.0,0.48743169398907105
hist_gb,398,0,198,5.203457016335079e-07,0.0,0.4209505498212238
hist_gb,399,0,200,7.676356076595158e-07,0.0,0.41975308641975306
hist_gb,400,0,200,7.676356076595158e-07,0.0,0.41975308641975306
hist_gb,401,0,201,8.005402301854621e-07,0.0,0.3690779852396014
hist_gb,402,0,202,5.20626025689335e-07,0.0,0.5566872427983539
hist_gb,403,0,201,8.005402301854621e-07,0.0,0.3690779852396014
hist_gb,404,0,202,5.20626025689335e-07,0.0,0.5566872427983539
hist_gb,405,0,203,8.100882703181001e-07,0.0,0.39669421487603307
hist_gb,406,0,204,4.95956143854677e-07,0.0,0.5062327823691459
hist_gb,407,0,204,4.95956143854677e-07,0.0,0.5062327823691459
hist_gb,408,0,205,5.505773561533439e-07,0.0,0.6056818181818182
hist_gb,409,0,205,5.505773561533439e-07,0.0,0.6056818181818182
hist_gb,410,0,203,8.100882703181001e-07,0.0,0.39669421487603307
hist_gb,411,0,206,1.074086117272712e-06,0.0,0.3786008230452675
hist_gb,412,0,206,1.074086117272712e-06,0.0,0.3786008230452675
hist_gb,413,0,207,1.3546794568864602e-06,0.0,0.32644628099173556
hist_gb,414,0,207,1.3546794568864602e-06,0.0,0.32644628099173556
hist_gb,415,0,208,8.050194425611234e-07,0.0,0.36646090534979425
hist_gb,416,0,209,7.035040430446873e-07,0.0,0.49793388429752067
hist_gb,417,0,209,7.035040430446873e-07,0.0,0.49793388429752067
hist_gb,418,0,208,8.050194425611234e-07,0.0,0.36646090534979425
hist_gb,419,0,210,4.744723671866962e-07,0.0,0.5687276529717331
hist_gb,420,0,210,4.744723671866962e-07,0.0,0.5687276529717331
hist_gb,421,0,211,1.0252871967536182e-06,0.0,0.371516393442623
hist_gb,422,0,212,7.324620157261222e-07,0.0,0.5339591198177056
hist_gb,423,0,212,7.324620157261222e-07,0.0,0.5339591198177056
hist_gb,424,0,211,1.0252871967536182e-06,0.0,0.371516393442623
hist_gb,425,0,213,6.818629443591925e-07,0.0,0.4650115160547351
hist_gb,426,0,213,6.818629443591925e-07,0.0,0.4650115160547351
hist_gb,427,0,214,4.345543598119363e-07,0.0,0.6625514403292181
hist_gb,428,0,215,8.742668819084884e-07,0.0,0.4646694214876033
hist_gb,429,0,215,8.742668819084884e-07,0.0,0.4646694214876033
hist_gb,430,0,214,4.345543598119363e-07,0.0,0.6625514403292181
hist_gb,431,0,216,5.81410823605376e-07,0.0,0.4959016393442623
hist_gb,432,0,216,5.81410823605376e-07,0.0,0.4959016393442623
hist_gb,433,0,217,4.794608839632218e-07,0.0,0.43625524996612924
hist_gb,434,0,217,4.794608839632218e-07,0.0,0.43625524996612924
hist_gb,435,0,218,4.970860503039557e-07,0.0,0.5146321636634602
hist_gb,436,0,218,4.970860503039557e-07,0.0,0.5146321636634602
hist_gb,437,0,219,1.0198139202033504e-06,0.0,0.30005144032921816
hist_gb,438,0,219,1.0198139202033504e-06,0.0,0.30005144032921816
hist_gb,439,0,220,5.406979845985506e-07,0.0,0.4139344262295082
hist_gb,440,0,220,5.406979845985506e-07,0.0,0.4139344262295082
hist_gb,441,0,221,9.335677422773115e-07,0.0,0.43917287351630785
hist_gb,442,0,221,9.335677422773115e-07,0.0,0.43917287351630785
hist_gb,443,0,222,6.718041780811213e-07,0.0,0.4481060606060606
hist_gb,444,0,222,6.718041780811213e-07,0.0,0.4481060606060606
hist_gb,445,0,223,3.338690156887506e-07,0.0,0.859504132231405
hist_gb,446,0,223,3.338690156887506e-07,0.0,0.859504132231405
hist_gb,447,0,224,5.683711812741843e-07,0.0,0.5175662347379519
hist_gb,448,0,224,5.683711812741843e-07,0.0,0.5175662347379519
hist_gb,449,0,225,5.08008422144013e-07,0.0,0.5206611570247934
hist_gb,450,0,225,5.08008422144013e-07,0.0,0.5206611570247934
hist_gb,451,0,226,7.792795296486958e-07,0.0,0.34023739074244125
hist_gb,452,0,226,7.792795296486958e-07,0.0,0.34023739074244125
hist_gb,453,0,227,6.703592689734372e-07,0.0,0.4197940658447365
hist_gb,454,0,227,6.703592689734372e-07,0.0,0.4197940658447365
hist_gb,455,0,228,8.326754097399484e-07,0.0,0.389344262295082
hist_gb,456,0,228,8.326754097399484e-07,0.0,0.389344262295082
hist_gb,457,0,229,1.1030863607943851e-06,0.0,0.35268595041322315
hist_gb,458,0,229,1.1030863607943851e-06,0.0,0.35268595041322315
hist_gb,459,0,230,6.037938371106439e-07,0.0,0.5163934426229508
hist_gb,460,0,230,6.037938371106439e-07,0.0,0.5163934426229508
hist_gb,461,0,231,4.833508903618772e-07,0.0,0.6033057851239669
hist_gb,462,0,231,4.833508903618772e-07,0.0,0.6033057851239669
hist_gb,463,0,232,8.247492750088859e-07,0.0,0.5156378600823045
hist_gb,464,0,232,8.247492750088859e-07,0.0,0.5156378600823045
hist_gb,465,0,233,4.542450201953287e-07,0.0,0.5165289256198347
hist_gb,466,0,234,1.4815475957644103e-06,0.0,0.2989669421487603
hist_gb,467,0,233,4.542450201953287e-07,0.0,0.5165289256198347
hist_gb,468,0,234,1.4815475957644103e-06,0.0,0.2989669421487603
hist_gb,469,0,235,1.1674954434176467e-06,0.0,0.33884297520661155
hist_gb,470,0,235,1.1674954434176467e-06,0.0,0.33884297520661155
hist_gb,471,0,236,5.380406796492046e-07,0.0,0.4672131147540983
hist_gb,472,0,236,5.380406796492046e-07,0.0,0.4672131147540983
hist_gb,473,0,237,1.9819440819816673e-06,0.0,0.24695163257011243
hist_gb,474,0,237,1.9819440819816673e-06,0.0,0.24695163257011243
hist_gb,475,0,238,9.681483450773337e-07,0.0,0.3776170798898072
hist_gb,476,0,238,9.681483450773337e-07,0.0,0.3776170798898072
hist_gb,477,0,239,8.842209977410192e-07,0.0,0.35394932935916545
hist_gb,478,0,239,8.842209977410192e-07,0.0,0.35394932935916545
hist_gb,479,0,240,5.699638075128383e-07,0.0,0.5555480287223953
hist_gb,480,0,240,5.699638075128383e-07,0.0,0.5555480287223953
hist_gb,481,0,241,5.367451451237616e-07,0.0,0.6412270856715301
hist_gb,482,0,241,5.367451451237616e-07,0.0,0.6412270856715301
hist_gb,483,0,242,9.716220282564392e-07,0.0,0.3843579234972677
hist_gb,484,0,242,9.716220282564392e-07,0.0,0.3843579234972677
hist_gb,485,0,243,5.966596206260518e-07,0.0,0.493698347107438
hist_gb,486,0,243,5.966596206260518e-07,0.0,0.493698347107438
hist_gb,487,0,244,6.786302813279496e-07,0.0,0.43570936639118457
hist_gb,488,0,244,6.786302813279496e-07,0.0,0.43570936639118457
hist_gb,489,0,245,8.205735260755897e-07,0.0,0.3223875059029886
hist_gb,490,0,245,8.205735260755897e-07,0.0,0.3223875059029886
hist_gb,491,0,246,6.045024702734894e-07,0.0,0.7261707988980717
hist_gb,492,0,246,6.045024702734894e-07,0.0,0.7261707988980717
hist_gb,493,0,247,8.137478411976885e-07,0.0,0.3785733640428126
hist_gb,494,0,247,8.137478411976885e-07,0.0,0.3785733640428126
hist_gb,495,0,248,5.41520594086376e-07,0.0,0.5350550964187328
hist_gb,496,0,248,5.41520594086376e-07,0.0,0.5350550964187328
hist_gb,497,0,249,4.5932591106519323e-07,0.0,0.666745698414849
hist_gb,498,0,249,4.5932591106519323e-07,0.0,0.666745698414849
hist_gb,499,0,250,6.051314384951697e-07,0.0,0.4977984013006368
hist_gb,500,0,250,6.051314384951697e-07,0.0,0.4977984013006368
hist_gb,501,0,251,8.775375999293077e-07,0.0,0.4392068836513281
hist_gb,502,0,251,8.775375999293077e-07,0.0,0.4392068836513281
hist_gb,503,0,252,5.670299478057538e-07,0.0,0.5247933884297521
hist_gb,504,0,252,5.670299478057538e-07,0.0,0.5247933884297521
hist_gb,505,0,253,8.17156379981112e-07,0.0,0.4144305002890861
hist_gb,506,0,253,8.17156379981112e-07,0.0,0.4144305002890861
hist_gb,507,0,254,7.483034083073295e-07,0.0,0.45267489711934156
hist_gb,508,0,254,7.483034083073295e-07,0.0,0.45267489711934156
hist_gb,509,0,255,8.280589152943424e-07,0.0,0.43094242084141077
hist_gb,510,0,255,8.280589152943424e-07,0.0,0.43094242084141077
hist_gb,511,0,256,5.743828710027125e-07,0.0,0.4998633879781421
hist_gb,512,0,256,5.743828710027125e-07,0.0,0.4998633879781421
hist_gb,513,0,257,4.2901916484920425e-06,0.0,0.15256946570077884
hist_gb,514,0,257,4.2901916484920425e-06,0.0,0.15256946570077884
hist_gb,515,0,258,4.635236862134001e-07,0.0,0.680327868852459
hist_gb,516,0,258,4.635236862134001e-07,0.0,0.680327868852459
hist_gb,517,0,259,9.772219705781381e-07,0.0,0.36475409836065575
hist_gb,518,0,259,9.772219705781381e-07,0.0,0.36475409836065575
hist_gb,519,0,260,7.250631258501242e-07,0.0,0.4743472981177899
hist_gb,520,0,260,7.250631258501242e-07,0.0,0.4743472981177899
hist_gb,521,0,261,5.264156956191085e-07,0.0,0.5942622950819672
hist_gb,522,0,261,5.264156956191085e-07,0.0,0.5942622950819672
hist_gb,523,0,262,8.580289423382928e-07,0.0,0.4127032314646158
hist_gb,524,0,262,8.580289423382928e-07,0.0,0.4127032314646158
hist_gb,525,0,263,4.954743345520362e-07,0.0,0.48257775079268705
hist_gb,526,0,263,4.954743345520362e-07,0.0,0.48257775079268705
hist_gb,527,0,264,8.113484225934289e-07,0.0,0.43297325102880657
hist_gb,528,0,264,8.113484225934289e-07,0.0,0.43297325102880657
hist_gb,529,0,265,3.6407020633245944e-07,0.0,0.6296296296296297
hist_gb,530,0,265,3.6407020633245944e-07,0.0,0.6296296296296297
hist_gb,531,0,266,3.9006287129940426e-07,0.0,0.7445468093754234
hist_gb,532,0,266,3.9006287129940426e-07,0.0,0.7445468093754234
hist_gb,533,0,267,6.10972420477233e-07,0.0,0.38398097551103016
hist_gb,534,0,267,6.10972420477233e-07,0.0,0.38398097551103016
hist_gb,535,0,268,8.030351124497235e-07,0.0,0.43918987858381797
hist_gb,536,0,268,8.030351124497235e-07,0.0,0.43918987858381797
hist_gb,537,0,269,5.326848269674718e-07,0.0,0.5308223817910853
hist_gb,538,0,269,5.326848269674718e-07,0.0,0.5308223817910853
hist_gb,539,0,270,5.242492544444339e-07,0.0,0.46524861129928197
hist_gb,540,0,270,5.242492544444339e-07,0.0,0.46524861129928197
hist_gb,541,0,271,6.566543017203012e-07,0.0,0.399537037037037
hist_gb,542,0,271,6.566543017203012e-07,0.0,0.399537037037037
hist_gb,543,0,272,6.563290966347404e-07,0.0,0.4380165289256198
hist_gb,544,0,272,6.563290966347404e-07,0.0,0.4380165289256198
hist_gb,545,0,273,6.175072960685554e-07,0.0,0.4380165289256198
hist_gb,546,0,273,6.175072960685554e-07,0.0,0.4380165289256198
hist_gb,547,0,274,9.429146248235369e-07,0.0,0.43388429752066116
hist_gb,548,0,274,9.429146248235369e-07,0.0,0.43388429752066116
hist_gb,549,0,275,9.36331592164942e-07,0.0,0.3649627589021528
hist_gb,550,0,275,9.36331592164942e-07,0.0,0.3649627589021528
hist_gb,551,0,276,8.82477627521577e-07,0.0,0.39496680666576345
hist_gb,552,0,276,8.82477627521577e-07,0.0,0.39496680666576345
hist_gb,553,0,277,7.567688637881986e-07,0.0,0.4661843081697362
hist_gb,554,0,277,7.567688637881986e-07,0.0,0.4661843081697362
hist_gb,555,0,278,5.420141905397449e-07,0.0,0.5482527153747554
hist_gb,556,0,278,5.420141905397449e-07,0.0,0.5482527153747554
hist_gb,557,0,279,1.8000766200030678e-06,0.0,0.5133489779954427
hist_gb,558,0,279,1.8000766200030678e-06,0.0,0.5133489779954427
hist_gb,559,0,280,6.946951701006804e-07,0.0,0.5807506887052342
hist_gb,560,0,280,6.946951701006804e-07,0.0,0.5807506887052342
hist_gb,561,0,281,6.583677646698316e-07,0.0,0.4828189300411523
hist_gb,562,0,281,6.583677646698316e-07,0.0,0.4828189300411523
hist_gb,563,0,282,7.483548230462949e-07,0.0,0.4440771349862259
hist_gb,564,0,282,7.483548230462949e-07,0.0,0.4440771349862259
hist_gb,565,0,283,8.668294235322417e-07,0.0,0.41029826888412746
hist_gb,566,0,283,8.668294235322417e-07,0.0,0.41029826888412746
hist_gb,567,0,284,8.776529934907708e-07,0.0,0.3776170798898072
hist_gb,568,0,284,8.776529934907708e-07,0.0,0.3776170798898072
hist_gb,569,0,285,4.880947285509989e-07,0.0,0.6180440771349862
hist_gb,570,0,285,4.880947285509989e-07,0.0,0.6180440771349862
hist_gb,571,0,286,5.766973543748157e-07,0.0,0.5256436418052579
hist_gb,572,0,286,5.766973543748157e-07,0.0,0.5256436418052579
hist_gb,573,0,287,1.3874684877160204e-06,0.0,0.26187803965581746
hist_gb,574,0,287,1.3874684877160204e-06,0.0,0.26187803965581746
hist_gb,575,0,288,5.929173044035784e-07,0.0,0.5850550964187329
hist_gb,576,0,288,5.929173044035784e-07,0.0,0.5850550964187329
hist_gb,577,0,289,6.227911613074473e-07,0.0,0.37768595041322317
hist_gb,578,0,289,6.227911613074473e-07,0.0,0.37768595041322317
hist_gb,579,0,290,3.89598105428645e-07,0.0,0.6947250280583614
hist_gb,580,0,290,3.89598105428645e-07,0.0,0.6947250280583614
hist_gb,581,0,291,8.156121217164537e-07,0.0,0.3772744277794783
hist_gb,582,0,291,8.156121217164537e-07,0.0,0.3772744277794783
hist_gb,583,0,292,3.985960111628112e-07,0.0,0.8429752066115703
hist_gb,584,0,292,3.985960111628112e-07,0.0,0.8429752066115703
hist_gb,585,0,293,8.001174402862112e-07,0.0,0.41685218916548605
hist_gb,586,0,293,8.001174402862112e-07,0.0,0.41685218916548605
hist_gb,587,0,294,5.641286189837358e-07,0.0,0.5169398907103825
hist_gb,588,0,294,5.641286189837358e-07,0.0,0.5169398907103825
hist_gb,589,0,295,3.085228066915099e-06,0.0,0.18257575757575756
hist_gb,590,0,295,3.085228066915099e-06,0.0,0.18257575757575756
hist_gb,591,0,296,8.328436493372656e-07,0.0,0.3732102166445601
hist_gb,592,0,296,8.328436493372656e-07,0.0,0.3732102166445601
hist_gb,593,0,297,9.455470894487203e-07,0.0,0.46460055096418734
hist_gb,594,0,297,9.455470894487203e-07,0.0,0.46460055096418734
hist_gb,595,0,298,5.307900402335774e-07,0.0,0.5843381655602222
hist_gb,596,0,298,5.307900402335774e-07,0.0,0.5843381655602222
hist_gb,597,0,299,4.18512445065464e-07,0.0,0.6049382716049383
hist_gb,598,0,299,4.18512445065464e-07,0.0,0.6049382716049383
hist_gb,599,0,300,9.57264800395814e-07,0.0,0.3181818181818182
hist_gb,600,0,300,9.57264800395814e-07,0.0,0.3181818181818182
hist_gb,601,0,301,8.278022231715104e-07,0.0,0.600765478932394
hist_gb,602,0,301,8.278022231715104e-07,0.0,0.600765478932394
hist_gb,603,0,302,6.68267105346192e-07,0.0,0.4320891478119496
hist_gb,604,0,302,6.68267105346192e-07,0.0,0.4320891478119496
hist_gb,605,0,303,6.698038299298204e-07,0.0,0.4072618886329765
hist_gb,606,0,303,6.698038299298204e-07,0.0,0.4072618886329765
hist_gb,607,0,304,6.043511542438935e-07,0.0,0.5794476754072713
hist_gb,608,0,304,6.043511542438935e-07,0.0,0.5794476754072713
hist_gb,609,0,305,5.02678580667015e-07,0.0,0.5603305785123966
hist_gb,610,0,305,5.02678580667015e-07,0.0,0.5603305785123966
hist_gb,611,0,306,4.873076094191677e-07,0.0,0.5934864737232679
hist_gb,612,0,306,4.873076094191677e-07,0.0,0.5934864737232679
hist_gb,613,0,307,6.858973606330049e-07,0.0,0.487603305785124
hist_gb,614,0,307,6.858973606330049e-07,0.0,0.487603305785124
hist_gb,615,0,308,8.492782554298698e-07,0.0,0.38842975206611574
hist_gb,616,0,308,8.492782554298698e-07,0.0,0.38842975206611574
hist_gb,617,0,309,7.473653568756171e-07,0.0,0.4474203312587151
hist_gb,618,0,309,7.473653568756171e-07,0.0,0.4474203312587151
hist_gb,619,0,310,6.545716713157702e-07,0.0,0.4221311475409836
hist_gb,620,0,310,6.545716713157702e-07,0.0,0.4221311475409836
hist_gb,621,0,311,1.0494319257232778e-06,0.0,0.3041666666666667
hist_gb,622,0,311,1.0494319257232778e-06,0.0,0.3041666666666667
hist_gb,623,0,312,5.855901381699245e-07,0.0,0.4959016393442623
hist_gb,624,0,312,5.855901381699245e-07,0.0,0.4959016393442623
hist_gb,625,0,313,6.72975115299653e-07,0.0,0.4
hist_gb,626,0,313,6.72975115299653e-07,0.0,0.4
hist_gb,627,0,314,7.860161901834188e-06,0.0,0.13636363636363635
hist_gb,628,0,314,7.860161901834188e-06,0.0,0.13636363636363635
hist_gb,629,0,315,7.739411039738003e-07,0.0,0.5422745978301533
hist_gb,630,0,315,7.739411039738003e-07,0.0,0.5422745978301533
hist_gb,631,0,316,4.950795523496081e-07,0.0,0.5489754098360655
hist_gb,632,0,316,4.950795523496081e-07,0.0,0.5489754098360655
hist_gb,633,0,317,1.2473515581204326e-06,0.0,0.29218106995884774
hist_gb,634,0,317,1.2473515581204326e-06,0.0,0.29218106995884774
hist_gb,635,0,318,7.360560789795758e-07,0.0,0.4708333333333333
hist_gb,636,0,318,7.360560789795758e-07,0.0,0.4708333333333333
hist_gb,637,0,319,7.099817598713245e-07,0.0,0.38680395610350904
hist_gb,638,0,319,7.099817598713245e-07,0.0,0.38680395610350904
hist_gb,639,0,320,8.443156189588184e-07,0.0,0.3734159779614325
hist_gb,640,0,320,8.443156189588184e-07,0.0,0.3734159779614325
hist_gb,641,0,321,6.929756717939779e-07,0.0,0.37358815426997244
hist_gb,642,0,321,6.929756717939779e-07,0.0,0.37358815426997244
hist_gb,643,0,322,6.643882599918817e-07,0.0,0.42011316872427984
hist_gb,644,0,322,6.643882599918817e-07,0.0,0.42011316872427984
hist_gb,645,0,323,9.971258510482832e-07,0.0,0.3429752066115702
hist_gb,646,0,323,9.971258510482832e-07,0.0,0.3429752066115702
hist_gb,647,0,324,8.180682668378393e-06,0.0,0.2190082644628099
hist_gb,648,0,324,8.180682668378393e-06,0.0,0.2190082644628099
hist_gb,649,0,325,3.0985474450161534e-05,0.0,0.16170798898071626
hist_gb,650,0,325,3.0985474450161534e-05,0.0,0.16170798898071626
hist_gb,651,0,326,3.8302513278593316e-07,0.0,0.6623425010161225
hist_gb,652,0,326,3.8302513278593316e-07,0.0,0.6623425010161225
hist_gb,653,0,327,6.996718735902476e-07,0.0,0.38114754098360654
hist_gb,654,0,327,6.996718735902476e-07,0.0,0.38114754098360654
hist_gb,655,0,328,6.323484235508591e-07,0.0,0.4661168454428928
hist_gb,656,0,328,6.323484235508591e-07,0.0,0.4661168454428928
hist_gb,657,0,329,7.128844535763095e-07,0.0,0.4793388429752066
hist_gb,658,0,329,7.128844535763095e-07,0.0,0.4793388429752066
hist_gb,659,0,330,6.77169468840956e-07,0.0,0.45491803278688525
hist_gb,660,0,330,6.77169468840956e-07,0.0,0.45491803278688525
hist_gb,661,0,331,7.036047280057791e-07,0.0,0.3979525898717818
hist_gb,662,0,331,7.036047280057791e-07,0.0,0.3979525898717818
hist_gb,663,0,332,9.859290169390656e-07,0.0,0.4
hist_gb,664,0,332,9.859290169390656e-07,0.0,0.4
hist_gb,665,0,333,2.3538476374213546e-06,0.0,0.28791152263374487
hist_gb,666,0,333,2.3538476374213546e-06,0.0,0.28791152263374487
hist_gb,667,0,334,1.3666929111505108e-06,0.0,0.3911522633744856
hist_gb,668,0,334,1.3666929111505108e-06,0.0,0.3911522633744856
hist_gb,669,0,335,7.410838226887776e-07,0.0,0.4545454545454546
hist_gb,670,0,335,7.410838226887776e-07,0.0,0.4545454545454546
hist_gb,671,0,336,1.1874724225430982e-06,0.0,0.3250237095244547
hist_gb,672,0,336,1.1874724225430982e-06,0.0,0.3250237095244547
hist_gb,673,0,337,5.340642876502374e-07,0.0,0.5185185185185185
hist_gb,674,0,337,5.340642876502374e-07,0.0,0.5185185185185185
hist_gb,675,0,338,1.002962188602201e-06,0.0,0.512396694214876
hist_gb,676,0,338,1.002962188602201e-06,0.0,0.512396694214876
hist_gb,677,0,339,7.491373182983568e-07,0.0,0.3858815426997245
hist_gb,678,0,339,7.491373182983568e-07,0.0,0.3858815426997245
hist_gb,679,0,340,7.264663835080011e-07,0.0,0.5101950955155128
hist_gb,680,0,340,7.264663835080011e-07,0.0,0.5101950955155128
hist_gb,681,0,341,1.2404687072632637e-06,0.0,0.2916666666666667
hist_gb,682,0,341,1.2404687072632637e-06,0.0,0.2916666666666667
hist_gb,683,0,342,1.047081337773921e-06,0.0,0.33606557377049184
hist_gb,684,0,342,1.047081337773921e-06,0.0,0.33606557377049184
hist_gb,685,0,343,9.529920972310504e-07,0.0,0.3734159779614325
hist_gb,686,0,343,9.529920972310504e-07,0.0,0.3734159779614325
hist_gb,687,0,344,7.291238274392508e-06,0.0,0.14405229643679718
hist_gb,688,0,344,7.291238274392508e-06,0.0,0.14405229643679718
hist_gb,689,0,345,1.2093186597368332e-06,0.0,0.3277203856749311
hist_gb,690,0,345,1.2093186597368332e-06,0.0,0.3277203856749311
hist_gb,691,0,346,4.3223520071886465e-07,0.0,0.5761316872427984
hist_gb,692,0,346,4.3223520071886465e-07,0.0,0.5761316872427984
hist_gb,693,0,347,7.596595846220014e-07,0.0,0.41029826888412746
hist_gb,694,0,347,7.596595846220014e-07,0.0,0.41029826888412746
hist_gb,695,0,348,6.094625850080996e-07,0.0,0.5061728395061729
hist_gb,696,0,348,6.094625850080996e-07,0.0,0.5061728395061729
hist_gb,697,0,349,1.0989918784057067e-06,0.0,0.3112258953168044
hist_gb,698,0,349,1.0989918784057067e-06,0.0,0.3112258953168044
hist_gb,699,0,350,7.481851486577136e-07,0.0,0.44393939393939397
hist_gb,700,0,350,7.481851486577136e-07,0.0,0.44393939393939397
hist_gb,701,0,351,6.508637167308737e-07,0.0,0.4380165289256198
hist_gb,702,0,351,6.508637167308737e-07,0.0,0.4380165289256198
hist_gb,703,0,352,1.8257105072627355e-06,0.0,0.3429752066115702
hist_gb,704,0,352,1.8257105072627355e-06,0.0,0.3429752066115702
hist_gb,705,0,353,7.194734731641236e-07,0.0,0.4941064896355507
hist_gb,706,0,353,7.194734731641236e-07,0.0,0.4941064896355507
hist_gb,707,0,354,1.9678134092040645e-06,0.0,0.2727272727272727
hist_gb,708,0,354,1.9678134092040645e-06,0.0,0.2727272727272727
hist_gb,709,0,355,7.462228365446373e-07,0.0,0.524793388429752
hist_gb,710,0,355,7.462228365446373e-07,0.0,0.524793388429752
hist_gb,711,0,356,3.459396244993174e-07,0.0,0.8344650205761317
hist_gb,712,0,356,3.459396244993174e-07,0.0,0.8344650205761317
hist_gb,713,0,357,4.228172035109573e-07,0.0,0.5808539944903581
hist_gb,714,0,357,4.228172035109573e-07,0.0,0.5808539944903581
hist_gb,715,0,358,8.205875718028378e-07,0.0,0.43581267217630854
hist_gb,716,0,358,8.205875718028378e-07,0.0,0.43581267217630854
hist_gb,717,0,359,1.0429932389124807e-06,0.0,0.359504132231405
hist_gb,718,0,359,1.0429932389124807e-06,0.0,0.359504132231405
hist_gb,719,0,360,1.0978290813633551e-06,0.0,0.3153925619834711
hist_gb,720,0,360,1.0978290813633551e-06,0.0,0.3153925619834711
hist_gb,721,0,361,6.438791099305464e-07,0.0,0.47547814207650274
hist_gb,722,0,362,9.045048468674374e-06,0.0,0.13694903581267218
hist_gb,723,0,362,9.045048468674374e-06,0.0,0.13694903581267218
hist_gb,724,0,361,6.438791099305464e-07,0.0,0.47547814207650274
hist_gb,725,0,363,8.52906653874009e-06,0.0,0.1340339421147502
hist_gb,726,0,363,8.52906653874009e-06,0.0,0.1340339421147502
hist_gb,727,0,364,4.639999073473019e-05,0.0,0.09090909090909091
hist_gb,728,0,364,4.639999073473019e-05,0.0,0.09090909090909091
hist_gb,729,0,365,0.00014562390833823048,0.1,0.07006087814168623
hist_gb,730,0,365,0.00014562390833823048,0.1,0.07006087814168623
hist_gb,731,0,366,2.860432302705766e-06,0.0,0.2247559772812298
hist_gb,732,0,366,2.860432302705766e-06,0.0,0.2247559772812298
hist_gb,733,0,367,6.888415526881277e-07,0.0,0.5408469945355191
hist_gb,734,0,368,5.670352434641836e-07,0.0,0.5408469945355191
hist_gb,735,0,368,5.670352434641836e-07,0.0,0.5408469945355191
hist_gb,736,0,367,6.888415526881277e-07,0.0,0.5408469945355191
hist_gb,737,0,369,8.890085692367374e-07,0.0,0.3744750033870749
hist_gb,738,0,369,8.890085692367374e-07,0.0,0.3744750033870749
hist_gb,739,0,370,1.0086419427292908e-06,0.0,0.5165289256198347
hist_gb,740,0,371,1.014777414264743e-06,0.0,0.40915300546448086
hist_gb,741,0,371,1.014777414264743e-06,0.0,0.40915300546448086
hist_gb,742,0,370,1.0086419427292908e-06,0.0,0.5165289256198347
hist_gb,743,0,372,5.52844346834969e-07,0.0,0.46172839506172836
hist_gb,744,0,372,5.52844346834969e-07,0.0,0.46172839506172836
hist_gb,745,0,373,6.721032599960297e-07,0.0,0.43500663197632894
hist_gb,746,0,373,6.721032599960297e-07,0.0,0.43500663197632894
hist_gb,747,0,374,1.1246160357183776e-06,0.0,0.4025826446280992
hist_gb,748,0,375,3.4798681064665767e-06,0.0,0.21163911845730027
hist_gb,749,0,375,3.4798681064665767e-06,0.0,0.21163911845730027
hist_gb,750,0,374,1.1246160357183776e-06,0.0,0.4025826446280992
hist_gb,751,0,376,7.484064054834372e-06,0.0,0.12916666666666665
hist_gb,752,0,376,7.484064054834372e-06,0.0,0.12916666666666665
hist_gb,753,0,377,3.45887550606376e-07,0.0,0.7530483674298876
hist_gb,754,0,377,3.45887550606376e-07,0.0,0.7530483674298876
hist_gb,755,0,378,9.612276693216204e-07,0.0,0.4150826446280992
hist_gb,756,0,378,9.612276693216204e-07,0.0,0.4150826446280992
hist_gb,757,0,379,4.876374826079666e-07,0.0,0.5891873278236914
hist_gb,758,0,380,1.3659010574257012e-06,0.0,0.25308641975308643
hist_gb,759,0,379,4.876374826079666e-07,0.0,0.5891873278236914
hist_gb,760,0,380,1.3659010574257012e-06,0.0,0.25308641975308643
hist_gb,761,0,381,5.815154774285785e-07,0.0,0.5106404958677686
hist_gb,762,0,381,5.815154774285785e-07,0.0,0.5106404958677686
hist_gb,763,0,382,9.33575626251284e-07,0.0,0.33192148760330575
hist_gb,764,0,382,9.33575626251284e-07,0.0,0.33192148760330575
hist_gb,765,0,383,1.0459199403773135e-06,0.0,0.29357923497267757
hist_gb,766,0,384,9.209223175784818e-07,0.0,0.364979763969663
hist_gb,767,0,384,9.209223175784818e-07,0.0,0.364979763969663
hist_gb,768,0,383,1.0459199403773135e-06,0.0,0.29357923497267757
hist_gb,769,0,385,9.247922663300498e-07,0.0,0.3388652769344937
hist_gb,770,0,385,9.247922663300498e-07,0.0,0.3388652769344937
hist_gb,771,0,386,4.6481939969760203e-07,0.0,0.6065573770491803
hist_gb,772,0,386,4.6481939969760203e-07,0.0,0.6065573770491803
hist_gb,773,0,387,2.5236345507753367e-06,0.0,0.4361625514403292
hist_gb,774,0,388,7.187501635543869e-07,0.0,0.4049586776859504
hist_gb,775,0,388,7.187501635543869e-07,0.0,0.4049586776859504
hist_gb,776,0,389,3.438964564786032e-07,0.0,0.7302685950413224
hist_gb,777,0,387,2.5236345507753367e-06,0.0,0.4361625514403292
hist_gb,778,0,389,3.438964564786032e-07,0.0,0.7302685950413224
hist_gb,779,0,390,3.122883695381756e-07,0.0,0.7031425364758699
hist_gb,780,0,390,3.122883695381756e-07,0.0,0.7031425364758699
hist_gb,781,0,391,3.950047910113936e-07,0.0,0.6131621731472701
hist_gb,782,0,392,2.9826358728901e-07,0.0,0.7823483775214194
hist_gb,783,0,391,3.950047910113936e-07,0.0,0.6131621731472701
hist_gb,784,0,392,2.9826358728901e-07,0.0,0.7823483775214194
hist_gb,785,0,393,2.5659461747454486e-06,0.0,0.29330601092896175
hist_gb,786,0,393,2.5659461747454486e-06,0.0,0.29330601092896175
hist_gb,787,0,394,6.140713211977339e-07,0.0,0.4672131147540984
hist_gb,788,0,394,6.140713211977339e-07,0.0,0.4672131147540984
hist_gb,789,0,395,3.44268756459781e-07,0.0,0.616280651634187
hist_gb,790,0,395,3.44268756459781e-07,0.0,0.616280651634187
hist_gb,791,0,396,3.538060944942438e-07,0.0,0.6570247933884297
hist_gb,792,0,396,3.538060944942438e-07,0.0,0.6570247933884297
hist_gb,793,0,397,2.883733067042191e-07,0.0,0.790983606557377
hist_gb,794,0,397,2.883733067042191e-07,0.0,0.790983606557377
hist_gb,795,0,398,3.15882910376188e-07,0.0,0.9090909090909092
hist_gb,796,0,398,3.15882910376188e-07,0.0,0.9090909090909092
hist_gb,797,0,399,3.423553060474266e-07,0.0,0.6871697601950955
hist_gb,798,0,399,3.423553060474266e-07,0.0,0.6871697601950955
hist_gb,799,0,400,3.656750141082341e-07,0.0,0.6659524538312418
hist_gb,800,0,401,3.271496931426416e-07,0.0,0.7049180327868853
hist_gb,801,0,400,3.656750141082341e-07,0.0,0.6659524538312418
hist_gb,802,0,401,3.271496931426416e-07,0.0,0.7049180327868853
hist_gb,803,0,402,3.265272704140904e-07,0.0,0.7412298455103555
hist_gb,804,0,403,4.7022937154539514e-07,0.0,0.6173282753014497
hist_gb,805,0,402,3.265272704140904e-07,0.0,0.7412298455103555
hist_gb,806,0,403,4.7022937154539514e-07,0.0,0.6173282753014497
hist_gb,807,0,404,3.2086865546860275e-07,0.0,0.8299242424242425
hist_gb,808,0,405,3.3137303202386676e-07,0.0,0.7237186681631127
hist_gb,809,0,405,3.3137303202386676e-07,0.0,0.7237186681631127
hist_gb,810,0,404,3.2086865546860275e-07,0.0,0.8299242424242425
hist_gb,811,0,406,2.9824968269421505e-07,0.0,0.8353204172876304
hist_gb,812,0,406,2.9824968269421505e-07,0.0,0.8353204172876304
hist_gb,813,0,407,3.0001378380618876e-07,0.0,0.8304012345679013
hist_gb,814,0,407,3.0001378380618876e-07,0.0,0.8304012345679013
hist_gb,815,0,408,6.397601020646734e-07,0.0,0.47520661157024796
hist_gb,816,0,408,6.397601020646734e-07,0.0,0.47520661157024796
hist_gb,817,0,409,6.273388934740454e-07,0.0,0.5371900826446281
hist_gb,818,0,409,6.273388934740454e-07,0.0,0.5371900826446281
hist_gb,819,0,410,3.7314431658660325e-07,0.0,0.6700506751011801
hist_gb,820,0,410,3.7314431658660325e-07,0.0,0.6700506751011801
hist_gb,821,0,411,4.09849924561965e-07,0.0,0.6929407713498623
hist_gb,822,0,411,4.09849924561965e-07,0.0,0.6929407713498623
hist_gb,823,0,412,4.268107615040364e-07,0.0,0.6388774104683195
hist_gb,824,0,412,4.268107615040364e-07,0.0,0.6388774104683195
hist_gb,825,0,413,5.205446154527475e-07,0.0,0.5147382920110193
hist_gb,826,0,413,5.205446154527475e-07,0.0,0.5147382920110193
hist_gb,827,0,414,3.1593257486257507e-07,0.0,0.6352459016393444
hist_gb,828,0,414,3.1593257486257507e-07,0.0,0.6352459016393444
hist_gb,829,0,415,3.6447978561164737e-07,0.0,0.8054012345679012
hist_gb,830,0,415,3.6447978561164737e-07,0.0,0.8054012345679012
hist_gb,831,0,416,4.642175815726836e-07,0.0,0.5982510288065843
hist_gb,832,0,416,4.642175815726836e-07,0.0,0.5982510288065843
hist_gb,833,0,417,3.309654902106941e-07,0.0,0.6706069638260399
hist_gb,834,0,417,3.309654902106941e-07,0.0,0.6706069638260399
hist_gb,835,0,418,3.4344548879334325e-07,0.0,0.6742169166411591
hist_gb,836,0,418,3.4344548879334325e-07,0.0,0.6742169166411591
hist_gb,837,0,419,3.7676570756742446e-07,0.0,0.63224043715847
hist_gb,838,0,419,3.7676570756742446e-07,0.0,0.63224043715847
hist_gb,839,0,420,3.495654332043628e-07,0.0,0.6659694588987519
hist_gb,840,0,420,3.495654332043628e-07,0.0,0.6659694588987519
hist_gb,841,0,421,3.149051791337805e-07,0.0,0.7479338842975207
hist_gb,842,0,421,3.149051791337805e-07,0.0,0.7479338842975207
hist_gb,843,0,422,8.641461143295932e-06,0.0,0.16942148760330578
hist_gb,844,0,422,8.641461143295932e-06,0.0,0.16942148760330578
hist_gb,845,0,423,3.270923310075596e-07,0.0,0.784331955922865
hist_gb,846,0,423,3.270923310075596e-07,0.0,0.784331955922865
hist_gb,847,0,424,3.3300853322674687e-07,0.0,0.6796532415840248
hist_gb,848,0,424,3.3300853322674687e-07,0.0,0.6796532415840248
hist_gb,849,0,425,3.0033831307512353e-07,0.0,0.7887345679012345
hist_gb,850,0,425,3.0033831307512353e-07,0.0,0.7887345679012345
hist_gb,851,0,426,3.7332143423468315e-07,0.0,0.7333333333333334
hist_gb,852,0,426,3.7332143423468315e-07,0.0,0.7333333333333334
hist_gb,853,0,427,3.2888352324551376e-07,0.0,0.7237186681631127
hist_gb,854,0,427,3.2888352324551376e-07,0.0,0.7237186681631127
hist_gb,855,0,428,2.6894930119689984e-07,0.0,0.8845355916062987
hist_gb,856,0,428,2.6894930119689984e-07,0.0,0.8845355916062987
hist_gb,857,0,429,3.9051974278414826e-07,0.0,0.6461861536377185
hist_gb,858,0,429,3.9051974278414826e-07,0.0,0.6461861536377185
hist_gb,859,0,430,3.9466015317039453e-07,0.0,0.6305785123966943
hist_gb,860,0,431,5.866289397122e-07,0.0,0.5583333333333333
hist_gb,861,0,430,3.9466015317039453e-07,0.0,0.6305785123966943
hist_gb,862,0,431,5.866289397122e-07,0.0,0.5583333333333333
hist_gb,863,0,432,2.6238051406429156e-06,0.0,0.2551440329218107
hist_gb,864,0,432,2.6238051406429156e-06,0.0,0.2551440329218107
hist_gb,865,0,433,2.954656674435634e-07,0.0,0.8546831955922864
hist_gb,866,0,433,2.954656674435634e-07,0.0,0.8546831955922864
hist_gb,867,0,434,3.670281395943335e-07,0.0,0.7024590163934425
hist_gb,868,0,434,3.670281395943335e-07,0.0,0.7024590163934425
hist_gb,869,0,435,3.368097874982216e-07,0.0,0.640495867768595
hist_gb,870,0,435,3.368097874982216e-07,0.0,0.640495867768595
hist_gb,871,0,436,3.125836505941763e-07,0.0,0.7166396815759293
hist_gb,872,0,436,3.125836505941763e-07,0.0,0.7166396815759293
hist_gb,873,0,437,3.135520616042085e-07,0.0,0.6570247933884297
hist_gb,874,0,437,3.135520616042085e-07,0.0,0.6570247933884297
hist_gb,875,0,438,3.5985636526462023e-07,0.0,0.6280991735537189
hist_gb,876,0,438,3.5985636526462023e-07,0.0,0.6280991735537189
hist_gb,877,0,439,3.661396805532682e-07,0.0,0.6627150792575531
hist_gb,878,0,439,3.661396805532682e-07,0.0,0.6627150792575531
hist_gb,879,0,440,3.4435940638267557e-07,0.0,0.6935699588477366
hist_gb,880,0,440,3.4435940638267557e-07,0.0,0.6935699588477366
hist_gb,881,0,441,7.147042576487403e-07,0.0,0.4375
hist_gb,882,0,441,7.147042576487403e-07,0.0,0.4375
hist_gb,883,0,442,4.174372367940869e-07,0.0,0.6980191256830601
hist_gb,884,0,442,4.174372367940869e-07,0.0,0.6980191256830601
hist_gb,885,0,443,2.6187456363860925e-07,0.0,0.7761363636363636
hist_gb,886,0,443,2.6187456363860925e-07,0.0,0.7761363636363636
hist_gb,887,0,444,2.910017007116832e-07,0.0,0.8680406761214843
hist_gb,888,0,444,2.910017007116832e-07,0.0,0.8680406761214843
hist_gb,889,0,445,3.7369410172009903e-07,0.0,0.6853395061728396
hist_gb,890,0,445,3.7369410172009903e-07,0.0,0.6853395061728396
hist_gb,891,0,446,3.9567192945815277e-07,0.0,0.6329796279291229
hist_gb,892,0,446,3.9567192945815277e-07,0.0,0.6329796279291229
hist_gb,893,0,447,6.288828660259547e-07,0.0,0.4016393442622951
hist_gb,894,0,447,6.288828660259547e-07,0.0,0.4016393442622951
hist_gb,895,0,448,3.9398220265903227e-07,0.0,0.6460845413900556
hist_gb,896,0,448,3.9398220265903227e-07,0.0,0.6460845413900556
hist_gb,897,0,449,3.4006704271564137e-07,0.0,0.7447839046199702
hist_gb,898,0,449,3.4006704271564137e-07,0.0,0.7447839046199702
hist_gb,899,0,450,4.14692017470178e-07,0.0,0.6182162534435262
hist_gb,900,0,450,4.14692017470178e-07,0.0,0.6182162534435262
hist_gb,901,0,451,3.1301416291317847e-07,0.0,0.6982923497267759
hist_gb,902,0,451,3.1301416291317847e-07,0.0,0.6982923497267759
hist_gb,903,0,452,3.7348953309563123e-07,0.0,0.8099043715846994
hist_gb,904,0,452,3.7348953309563123e-07,0.0,0.8099043715846994
hist_gb,905,0,453,3.48775224190148e-07,0.0,0.8716563786008231
hist_gb,906,0,453,3.48775224190148e-07,0.0,0.8716563786008231
hist_gb,907,0,454,3.257281617092276e-07,0.0,0.8054012345679012
hist_gb,908,0,454,3.257281617092276e-07,0.0,0.8054012345679012
hist_gb,909,0,455,3.1932674037073194e-07,0.0,0.8806584362139918
hist_gb,910,0,455,3.1932674037073194e-07,0.0,0.8806584362139918
hist_gb,911,0,456,3.9912877472214313e-07,0.0,0.716555353167375
hist_gb,912,0,456,3.9912877472214313e-07,0.0,0.716555353167375
hist_gb,913,0,457,3.5574991616049893e-07,0.0,0.720738042231667
hist_gb,914,0,457,3.5574991616049893e-07,0.0,0.720738042231667
hist_gb,915,0,458,6.057675869541618e-07,0.0,0.5103644492616177
hist_gb,916,0,458,6.057675869541618e-07,0.0,0.5103644492616177
hist_gb,917,0,459,3.7917070511520817e-07,0.0,0.6281420765027322
hist_gb,918,0,459,3.7917070511520817e-07,0.0,0.6281420765027322
hist_gb,919,0,460,3.0616690794697124e-07,0.0,0.6866306159235452
hist_gb,920,0,460,3.0616690794697124e-07,0.0,0.6866306159235452
hist_gb,921,0,461,1.5158851103153477e-05,0.0,0.1563473784040103
hist_gb,922,0,461,1.5158851103153477e-05,0.0,0.1563473784040103
hist_gb,923,0,462,3.613361491439835e-07,0.0,0.7030575111383193
hist_gb,924,0,463,4.1898144391868585e-07,0.0,0.7416666666666667
hist_gb,925,0,462,3.613361491439835e-07,0.0,0.7030575111383193
hist_gb,926,0,463,4.1898144391868585e-07,0.0,0.7416666666666667
hist_gb,927,0,464,4.5561754125875186e-07,0.0,0.6833333333333333
hist_gb,928,0,464,4.5561754125875186e-07,0.0,0.6833333333333333
hist_gb,929,0,465,3.017589933921321e-07,0.0,0.8713154269972452
hist_gb,930,0,465,3.017589933921321e-07,0.0,0.8713154269972452
hist_gb,931,0,466,3.8049388179058147e-07,0.0,0.6995884773662552
hist_gb,932,0,466,3.8049388179058147e-07,0.0,0.6995884773662552
hist_gb,933,0,467,3.1412388224017027e-07,0.0,0.6528925619834711
hist_gb,934,0,467,3.1412388224017027e-07,0.0,0.6528925619834711
hist_gb,935,0,468,4.443028235810755e-07,0.0,0.6048638395881317
hist_gb,936,0,468,4.443028235810755e-07,0.0,0.6048638395881317
hist_gb,937,0,469,4.1141168755532357e-07,0.0,0.640495867768595
hist_gb,938,0,469,4.1141168755532357e-07,0.0,0.640495867768595
hist_gb,939,0,470,5.449639921267618e-07,0.0,0.6875
hist_gb,940,0,470,5.449639921267618e-07,0.0,0.6875
hist_gb,941,0,471,3.613172099187333e-07,0.0,0.7154882154882155
hist_gb,942,0,471,3.613172099187333e-07,0.0,0.7154882154882155
hist_gb,943,0,472,1.837432780100561e-05,0.0,0.16464571196314864
hist_gb,944,0,472,1.837432780100561e-05,0.0,0.16464571196314864
hist_gb,945,0,473,2.87644816315871e-07,0.0,0.875
hist_gb,946,0,473,2.87644816315871e-07,0.0,0.875
hist_gb,947,0,474,3.06310958352995e-07,0.0,0.7924931129476585
hist_gb,948,0,474,3.06310958352995e-07,0.0,0.7924931129476585
hist_gb,949,0,475,3.323796599926707e-07,0.0,0.6666666666666667
hist_gb,950,0,475,3.323796599926707e-07,0.0,0.6666666666666667
hist_gb,951,0,476,5.408452747352387e-07,0.0,0.6191358024691358
hist_gb,952,0,476,5.408452747352387e-07,0.0,0.6191358024691358
hist_gb,953,0,477,3.703150462693488e-07,0.0,0.6295556157702209
hist_gb,954,0,477,3.703150462693488e-07,0.0,0.6295556157702209
hist_gb,955,0,478,3.895585845905932e-07,0.0,0.6824813794510765
hist_gb,956,0,478,3.895585845905932e-07,0.0,0.6824813794510765
hist_gb,957,0,479,7.765449349389562e-07,0.0,0.3856749311294766
hist_gb,958,0,479,7.765449349389562e-07,0.0,0.3856749311294766
hist_gb,959,0,480,2.8882544532194713e-07,0.0,0.8713154269972452
hist_gb,960,0,480,2.8882544532194713e-07,0.0,0.8713154269972452
hist_gb,961,0,481,2.9296449932710206e-07,0.0,0.7759297520661157
hist_gb,962,0,481,2.9296449932710206e-07,0.0,0.7759297520661157
hist_gb,963,0,482,3.546132392115285e-07,0.0,0.6958333333333333
hist_gb,964,0,482,3.546132392115285e-07,0.0,0.6958333333333333
hist_gb,965,0,483,3.3840868161534334e-07,0.0,0.6375
hist_gb,966,0,483,3.3840868161534334e-07,0.0,0.6375
hist_gb,967,0,484,3.2676757304310947e-07,0.0,0.7351775956284152
hist_gb,968,0,484,3.2676757304310947e-07,0.0,0.7351775956284152
hist_gb,969,0,485,3.320521287562348e-07,0.0,0.7700195641907845
hist_gb,970,0,485,3.320521287562348e-07,0.0,0.7700195641907845
hist_gb,971,0,486,2.482258789788367e-07,0.0,0.7540983606557377
hist_gb,972,0,486,2.482258789788367e-07,0.0,0.7540983606557377
hist_gb,973,0,487,3.342983314173026e-07,0.0,0.661820222426283
hist_gb,974,0,487,3.342983314173026e-07,0.0,0.661820222426283
hist_gb,975,0,488,3.849900856511362e-07,0.0,0.7520491803278688
hist_gb,976,0,488,3.849900856511362e-07,0.0,0.7520491803278688
hist_gb,977,0,489,4.1742261525567086e-07,0.0,0.7289516292248532
hist_gb,978,0,489,4.1742261525567086e-07,0.0,0.7289516292248532
hist_gb,979,0,490,3.293617700753431e-07,0.0,0.7283950617283951
hist_gb,980,0,490,3.293617700753431e-07,0.0,0.7283950617283951
hist_gb,981,0,491,5.021648271458669e-07,0.0,0.5638124915323126
hist_gb,982,0,491,5.021648271458669e-07,0.0,0.5638124915323126
hist_gb,983,0,492,2.832570275606028e-07,0.0,0.7693740685543964
hist_gb,984,0,492,2.832570275606028e-07,0.0,0.7693740685543964
hist_gb,985,0,493,3.7170234695786807e-07,0.0,0.6722107438016529
hist_gb,986,0,493,3.7170234695786807e-07,0.0,0.6722107438016529
hist_gb,987,0,494,3.442853120410291e-07,0.0,0.6577049960888345
hist_gb,988,0,494,3.442853120410291e-07,0.0,0.6577049960888345
hist_gb,989,0,495,4.4147462739776895e-07,0.0,0.5578512396694215
hist_gb,990,0,495,4.4147462739776895e-07,0.0,0.5578512396694215
hist_gb,991,0,496,3.4706137169442803e-07,0.0,0.7166396815759293
hist_gb,992,0,496,3.4706137169442803e-07,0.0,0.7166396815759293
hist_gb,993,0,497,3.508161687675516e-07,0.0,0.7391975308641976
hist_gb,994,0,497,3.508161687675516e-07,0.0,0.7391975308641976
hist_gb,995,0,498,3.230049127200447e-07,0.0,0.6728395061728395
hist_gb,996,0,498,3.230049127200447e-07,0.0,0.6728395061728395
hist_gb,997,0,499,3.3177748198072264e-07,0.0,0.6942148760330579
hist_gb,998,0,499,3.3177748198072264e-07,0.0,0.6942148760330579
hist_gb,999,0,500,3.203546059428297e-07,0.0,0.666576344668744
hist_gb,1000,0,500,3.203546059428297e-07,0.0,0.666576344668744
hist_gb,1001,0,501,3.1353824884959494e-07,0.0,0.784194214876033
hist_gb,1002,0,501,3.1353824884959494e-07,0.0,0.784194214876033
hist_gb,1003,0,502,2.818145717839156e-07,0.0,0.8713154269972452
hist_gb,1004,0,502,2.818145717839156e-07,0.0,0.8713154269972452
hist_gb,1005,0,503,4.686361007456259e-07,0.0,0.5030864197530864
hist_gb,1006,0,503,4.686361007456259e-07,0.0,0.5030864197530864
hist_gb,1007,0,504,3.3463124763695416e-07,0.0,0.9010475121586232
hist_gb,1008,0,504,3.3463124763695416e-07,0.0,0.9010475121586232
hist_gb,1009,0,505,4.099616210583509e-07,0.0,0.6190843621399177
hist_gb,1010,0,505,4.099616210583509e-07,0.0,0.6190843621399177
hist_gb,1011,0,506,4.5574052209718736e-07,0.0,0.6728395061728395
hist_gb,1012,0,506,4.5574052209718736e-07,0.0,0.6728395061728395
hist_gb,1013,0,507,3.2416125434112183e-07,0.0,0.7268004115226337
hist_gb,1014,0,507,3.2416125434112183e-07,0.0,0.7268004115226337
hist_gb,1015,0,508,4.154803277591487e-07,0.0,0.7641975308641975
hist_gb,1016,0,508,4.154803277591487e-07,0.0,0.7641975308641975
hist_gb,1017,0,509,3.218396581556479e-07,0.0,0.7207717735950887
hist_gb,1018,0,509,3.218396581556479e-07,0.0,0.7207717735950887
hist_gb,1019,0,510,3.5932477102364213e-07,0.0,0.757657019496728
hist_gb,1020,0,510,3.5932477102364213e-07,0.0,0.757657019496728
hist_gb,1021,0,511,3.6878119611796506e-07,0.0,0.7231404958677686
hist_gb,1022,0,511,3.6878119611796506e-07,0.0,0.7231404958677686
hist_gb,1023,0,512,4.738064393034876e-07,0.0,0.6247151651192056
hist_gb,1024,0,512,4.738064393034876e-07,0.0,0.6247151651192056
hist_gb,1025,0,513,4.648349900633099e-07,0.0,0.5767906336088154
hist_gb,1026,0,513,4.648349900633099e-07,0.0,0.5767906336088154
hist_gb,1027,0,514,3.761370574478631e-07,0.0,0.8308060109289617
hist_gb,1028,0,514,3.761370574478631e-07,0.0,0.8308060109289617
hist_gb,1029,0,515,3.2945595483687694e-07,0.0,0.7679526748971194
hist_gb,1030,0,516,5.284086442785317e-07,0.0,0.6139782770019564
hist_gb,1031,0,516,5.284086442785317e-07,0.0,0.6139782770019564
hist_gb,1032,0,515,3.2945595483687694e-07,0.0,0.7679526748971194
hist_gb,1033,0,517,3.098360397455629e-07,0.0,0.7675275482093664
hist_gb,1034,0,517,3.098360397455629e-07,0.0,0.7675275482093664
hist_gb,1035,0,518,3.3159394755608067e-07,0.0,0.6221749983134318
hist_gb,1036,0,518,3.3159394755608067e-07,0.0,0.6221749983134318
hist_gb,1037,0,519,3.009132114649943e-07,0.0,0.8712465564738292
hist_gb,1038,0,519,3.009132114649943e-07,0.0,0.8712465564738292
hist_gb,1039,0,520,3.0454072744280674e-07,0.0,0.6700846852362004
hist_gb,1040,0,520,3.0454072744280674e-07,0.0,0.6700846852362004
hist_gb,1041,0,521,2.836219528861408e-07,0.0,0.8882716049382716
hist_gb,1042,0,521,2.836219528861408e-07,0.0,0.8882716049382716
hist_gb,1043,0,522,3.567100422197439e-07,0.0,0.6378200785801382
hist_gb,1044,0,522,3.567100422197439e-07,0.0,0.6378200785801382
hist_gb,1045,0,523,6.9456257411451e-07,0.0,0.39917695473251025
hist_gb,1046,0,523,6.9456257411451e-07,0.0,0.39917695473251025
hist_gb,1047,0,524,3.6630460891945625e-07,0.0,0.6796532415840248
hist_gb,1048,0,524,3.6630460891945625e-07,0.0,0.6796532415840248
hist_gb,1049,0,525,4.1573305740013487e-07,0.0,0.6767489711934156
hist_gb,1050,0,525,4.1573305740013487e-07,0.0,0.6767489711934156
hist_gb,1051,0,526,8.95000082436504e-07,0.0,0.4732438016528926
hist_gb,1052,0,526,8.95000082436504e-07,0.0,0.4732438016528926
hist_gb,1053,0,527,4.026870691668602e-07,0.0,0.6659524538312418
hist_gb,1054,0,527,4.026870691668602e-07,0.0,0.6659524538312418
hist_gb,1055,0,528,4.658707820575657e-07,0.0,0.5892906336088154
hist_gb,1056,0,528,4.658707820575657e-07,0.0,0.5892906336088154
hist_gb,1057,0,529,3.357078835707666e-07,0.0,0.6853395061728396
hist_gb,1058,0,529,3.357078835707666e-07,0.0,0.6853395061728396
hist_gb,1059,0,530,2.955911899351831e-07,0.0,0.776844262295082
hist_gb,1060,0,530,2.955911899351831e-07,0.0,0.776844262295082
hist_gb,1061,0,531,2.923920484776799e-07,0.0,0.8114754098360655
hist_gb,1062,0,531,2.923920484776799e-07,0.0,0.8114754098360655
hist_gb,1063,0,532,3.139769077851885e-07,0.0,0.7166396815759293
hist_gb,1064,0,532,3.139769077851885e-07,0.0,0.7166396815759293
hist_gb,1065,0,533,3.620935235600373e-07,0.0,0.8305785123966942
hist_gb,1066,0,533,3.620935235600373e-07,0.0,0.8305785123966942
hist_gb,1067,0,534,3.664721998268145e-07,0.0,0.6224517906336088
hist_gb,1068,0,534,3.664721998268145e-07,0.0,0.6224517906336088
hist_gb,1069,0,535,3.8877831677580674e-07,0.0,0.7979968030473081
hist_gb,1070,0,535,3.8877831677580674e-07,0.0,0.7979968030473081
hist_gb,1071,0,536,3.0591787037507427e-07,0.0,0.7018004115226337
hist_gb,1072,0,536,3.0591787037507427e-07,0.0,0.7018004115226337
hist_gb,1073,0,537,3.9779318068709006e-07,0.0,0.6164847124443084
hist_gb,1074,0,537,3.9779318068709006e-07,0.0,0.6164847124443084
hist_gb,1075,0,538,3.015352151705719e-07,0.0,0.8677685950413223
hist_gb,1076,0,538,3.015352151705719e-07,0.0,0.8677685950413223
hist_gb,1077,0,539,2.9505314905344955e-07,0.0,0.9008879781420764
hist_gb,1078,0,539,2.9505314905344955e-07,0.0,0.9008879781420764
hist_gb,1079,0,540,3.1677125476721507e-07,0.0,0.776844262295082
hist_gb,1080,0,540,3.1677125476721507e-07,0.0,0.776844262295082
hist_gb,1081,0,541,2.8255871338535997e-07,0.0,0.87273156580989
hist_gb,1082,0,541,2.8255871338535997e-07,0.0,0.87273156580989
hist_gb,1083,0,542,3.802893768857788e-07,0.0,0.6239669421487604
hist_gb,1084,0,542,3.802893768857788e-07,0.0,0.6239669421487604
hist_gb,1085,0,543,3.8375303087643993e-07,0.0,0.6487704918032787
hist_gb,1086,0,543,3.8375303087643993e-07,0.0,0.6487704918032787
hist_gb,1087,0,544,3.8104238962871816e-07,0.0,0.7059156378600824
hist_gb,1088,0,544,3.8104238962871816e-07,0.0,0.7059156378600824
hist_gb,1089,0,545,3.353802811976768e-07,0.0,0.7160493827160495
hist_gb,1090,0,545,3.353802811976768e-07,0.0,0.7160493827160495
hist_gb,1091,0,546,4.929448019016839e-07,0.0,0.6306129476584021
hist_gb,1092,0,546,4.929448019016839e-07,0.0,0.6306129476584021
hist_gb,1093,0,547,3.155013333630767e-07,0.0,0.8260288065843622
hist_gb,1094,0,547,3.155013333630767e-07,0.0,0.8260288065843622
hist_gb,1095,0,548,2.807516344469187e-07,0.0,0.8715020576131687
hist_gb,1096,0,548,2.807516344469187e-07,0.0,0.8715020576131687
hist_gb,1097,0,549,4.01386744151419e-07,0.0,0.6817622950819673
hist_gb,1098,0,549,4.01386744151419e-07,0.0,0.6817622950819673
hist_gb,1099,0,550,3.284853378544391e-07,0.0,0.6389807162534435
hist_gb,1100,0,550,3.284853378544391e-07,0.0,0.6389807162534435
hist_gb,1101,0,551,3.9733875403788806e-07,0.0,0.640495867768595
hist_gb,1102,0,551,3.9733875403788806e-07,0.0,0.640495867768595
hist_gb,1103,0,552,3.014514239905271e-07,0.0,0.6659524538312418
hist_gb,1104,0,552,3.014514239905271e-07,0.0,0.6659524538312418
hist_gb,1105,0,553,2.818364765120627e-07,0.0,0.8071409296363758
hist_gb,1106,0,553,2.818364765120627e-07,0.0,0.8071409296363758
hist_gb,1107,0,554,4.209304181012094e-07,0.0,0.7172131147540983
hist_gb,1108,0,554,4.209304181012094e-07,0.0,0.7172131147540983
hist_gb,1109,0,555,3.8512542875636865e-07,0.0,0.6611570247933884
hist_gb,1110,0,555,3.8512542875636865e-07,0.0,0.6611570247933884
hist_gb,1111,0,556,3.6282396207853175e-07,0.0,0.6611570247933884
hist_gb,1112,0,556,3.6282396207853175e-07,0.0,0.6611570247933884
hist_gb,1113,0,557,3.44878189458857e-07,0.0,0.7113219739482366
hist_gb,1114,0,557,3.44878189458857e-07,0.0,0.7113219739482366
hist_gb,1115,0,558,8.516232436913058e-07,0.0,0.4646349862258953
hist_gb,1116,0,558,8.516232436913058e-07,0.0,0.4646349862258953
hist_gb,1117,0,559,3.694455103727887e-07,0.0,0.7025273224043715
hist_gb,1118,0,559,3.694455103727887e-07,0.0,0.7025273224043715
hist_gb,1119,0,560,3.943423093668364e-07,0.0,0.7762295081967212
hist_gb,1120,0,560,3.943423093668364e-07,0.0,0.7762295081967212
hist_gb,1121,0,561,3.6733714824492935e-07,0.0,0.7741179248465223
hist_gb,1122,0,561,3.6733714824492935e-07,0.0,0.7741179248465223
hist_gb,1123,0,562,2.9524743471279777e-07,0.0,0.7699352357822303
hist_gb,1124,0,562,2.9524743471279777e-07,0.0,0.7699352357822303
hist_gb,1125,0,563,3.530104799803044e-07,0.0,0.75
hist_gb,1126,0,563,3.530104799803044e-07,0.0,0.75
hist_gb,1127,0,564,3.357814712721398e-07,0.0,0.6859504132231404
hist_gb,1128,0,564,3.357814712721398e-07,0.0,0.6859504132231404
hist_gb,1129,0,565,3.902472781763764e-07,0.0,0.6363636363636364
hist_gb,1130,0,565,3.902472781763764e-07,0.0,0.6363636363636364
hist_gb,1131,0,566,4.139178250332268e-07,0.0,0.668724279835391
hist_gb,1132,0,566,4.139178250332268e-07,0.0,0.668724279835391
hist_gb,1133,0,567,8.101024918102454e-07,0.0,0.6248342005917764
hist_gb,1134,0,567,8.101024918102454e-07,0.0,0.6248342005917764
hist_gb,1135,0,568,2.2265986702240005e-05,0.0,0.1557377049180328
hist_gb,1136,0,568,2.2265986702240005e-05,0.0,0.1557377049180328
hist_gb,1137,0,569,4.887474349502103e-07,0.0,0.546253783627521
hist_gb,1138,0,569,4.887474349502103e-07,0.0,0.546253783627521
hist_gb,1139,0,570,3.192724104400615e-07,0.0,0.7978825136612022
hist_gb,1140,0,570,3.192724104400615e-07,0.0,0.7978825136612022
hist_gb,1141,0,571,3.550061745082555e-07,0.0,0.7291666666666666
hist_gb,1142,0,571,3.550061745082555e-07,0.0,0.7291666666666666
hist_gb,1143,0,572,2.7024587710949907e-07,0.0,0.8765432098765432
hist_gb,1144,0,572,2.7024587710949907e-07,0.0,0.8765432098765432
hist_gb,1145,0,573,3.4029368096905566e-07,0.0,0.7336065573770492
hist_gb,1146,0,573,3.4029368096905566e-07,0.0,0.7336065573770492
hist_gb,1147,0,574,3.0579594238644025e-07,0.0,0.7529806259314455
hist_gb,1148,0,574,3.0579594238644025e-07,0.0,0.7529806259314455
hist_gb,1149,0,575,2.7783876115526486e-07,0.0,0.8125
hist_gb,1150,0,575,2.7783876115526486e-07,0.0,0.8125
hist_gb,1151,0,576,4.4734848220784e-07,0.0,0.6074380165289256
hist_gb,1152,0,576,4.4734848220784e-07,0.0,0.6074380165289256
hist_gb,1153,0,577,3.4380835148203984e-07,0.0,0.731404958677686
hist_gb,1154,0,577,3.4380835148203984e-07,0.0,0.731404958677686
hist_gb,1155,0,578,3.8886022863834106e-07,0.0,0.7453450718478041
hist_gb,1156,0,578,3.8886022863834106e-07,0.0,0.7453450718478041
hist_gb,1157,0,579,3.2546956153675605e-07,0.0,0.8111549618835594
hist_gb,1158,0,579,3.2546956153675605e-07,0.0,0.8111549618835594
hist_gb,1159,0,580,2.7568879569214723e-07,0.0,0.9256198347107438
hist_gb,1160,0,580,2.7568879569214723e-07,0.0,0.9256198347107438
hist_gb,1161,0,581,3.4459446853540275e-07,0.0,0.625524996612925
hist_gb,1162,0,581,3.4459446853540275e-07,0.0,0.625524996612925
hist_gb,1163,0,582,4.1265301289289353e-07,0.0,0.625524996612925
hist_gb,1164,0,582,4.1265301289289353e-07,0.0,0.625524996612925
hist_gb,1165,0,583,3.746015839266739e-07,0.0,0.6665086031703021
hist_gb,1166,0,583,3.746015839266739e-07,0.0,0.6665086031703021
hist_gb,1167,0,584,3.5241415870418366e-07,0.0,0.6859504132231404
hist_gb,1168,0,584,3.5241415870418366e-07,0.0,0.6859504132231404
hist_gb,1169,0,585,3.038752528925129e-07,0.0,0.8598442335816073
hist_gb,1170,0,585,3.038752528925129e-07,0.0,0.8598442335816073
hist_gb,1171,0,586,3.577007979777258e-07,0.0,0.7447839046199702
hist_gb,1172,0,586,3.577007979777258e-07,0.0,0.7447839046199702
hist_gb,1173,0,587,2.8454385243359806e-06,0.0,0.17834022038567493
hist_gb,1174,0,587,2.8454385243359806e-06,0.0,0.17834022038567493
hist_gb,1175,0,588,6.619671130373719e-07,0.0,0.5564663023679417
hist_gb,1176,0,588,6.619671130373719e-07,0.0,0.5564663023679417
hist_gb,1177,0,589,5.084231693624731e-07,0.0,0.7237186681631127
hist_gb,1178,0,589,5.084231693624731e-07,0.0,0.7237186681631127
hist_gb,1179,0,590,4.3801989051650653e-07,0.0,0.6680440771349863
hist_gb,1180,0,590,4.3801989051650653e-07,0.0,0.6680440771349863
hist_gb,1181,0,591,3.5777487229306975e-07,0.0,0.6846763085399449
hist_gb,1182,0,591,3.5777487229306975e-07,0.0,0.6846763085399449
hist_gb,1183,0,592,2.6550359559665933e-07,0.0,0.9256147540983607
hist_gb,1184,0,592,2.6550359559665933e-07,0.0,0.9256147540983607
hist_gb,1185,0,593,4.2829004928357196e-07,0.0,0.628099173553719
hist_gb,1186,0,593,4.2829004928357196e-07,0.0,0.628099173553719
hist_gb,1187,0,594,3.3764389358761316e-07,0.0,0.8505853994490358
hist_gb,1188,0,594,3.3764389358761316e-07,0.0,0.8505853994490358
hist_gb,1189,0,595,3.505214789810106e-07,0.0,0.6859504132231404
hist_gb,1190,0,596,3.7337937603867334e-07,0.0,0.6297249695163257
hist_gb,1191,0,595,3.505214789810106e-07,0.0,0.6859504132231404
hist_gb,1192,0,596,3.7337937603867334e-07,0.0,0.6297249695163257
hist_gb,1193,0,597,7.2993836867733e-07,0.0,0.4814388294269069
hist_gb,1194,0,597,7.2993836867733e-07,0.0,0.4814388294269069
hist_gb,1195,0,598,4.312716703032243e-07,0.0,0.6972796143250689
hist_gb,1196,0,598,4.312716703032243e-07,0.0,0.6972796143250689
hist_gb,1197,0,599,4.418739405746692e-07,0.0,0.7412635768737772
hist_gb,1198,0,599,4.418739405746692e-07,0.0,0.7412635768737772
hist_gb,1199,0,600,3.1173692512387235e-07,0.0,0.7031425364758699
hist_gb,1200,0,600,3.1173692512387235e-07,0.0,0.7031425364758699
hist_gb,1201,0,601,3.219450692717754e-06,0.0,0.16838696620117383
hist_gb,1202,0,601,3.219450692717754e-06,0.0,0.16838696620117383
hist_gb,1203,0,602,2.4183737097938522e-06,0.0,0.19917355371900827
hist_gb,1204,0,602,2.4183737097938522e-06,0.0,0.19917355371900827
hist_gb,1205,0,603,1.697718924674763e-05,0.0,0.13114754098360654
hist_gb,1206,0,603,1.697718924674763e-05,0.0,0.13114754098360654
hist_gb,1207,0,604,2.2724893004639658e-05,0.0,0.09504132231404959
hist_gb,1208,0,604,2.2724893004639658e-05,0.0,0.09504132231404959
hist_gb,1209,0,605,0.00032263332082940104,0.1,0.07393914862038724
hist_gb,1210,0,605,0.00032263332082940104,0.1,0.07393914862038724
guidebook_dae,0,0,0,0.6651697450759115,0.0,0.18518518518518517
guidebook_dae,1,0,1,0.6261624922152521,0.0,0.2190082644628099
guidebook_dae,2,0,1,0.6261624922152521,0.0,0.2190082644628099
guidebook_dae,3,0,2,0.680669142746291,0.0,0.07841530054644809
guidebook_dae,4,0,2,0.680669142746291,0.0,0.07841530054644809
guidebook_dae,5,0,3,0.5626191344504806,0.0,0.340203380607421
guidebook_dae,6,0,3,0.5626191344504806,0.0,0.340203380607421
guidebook_dae,7,0,4,0.5684947256651599,0.0,0.356630275822195
guidebook_dae,8,0,4,0.5684947256651599,0.0,0.356630275822195
guidebook_dae,9,0,5,0.6822571602112022,0.0,0.09896949290888685
guidebook_dae,10,0,5,0.6822571602112022,0.0,0.09896949290888685
guidebook_dae,11,0,6,0.6290574218831539,0.0,0.13401693704724008
guidebook_dae,12,0,6,0.6290574218831539,0.0,0.13401693704724008
guidebook_dae,13,0,7,0.6168700703172086,0.0,0.19100384537543008
guidebook_dae,14,0,7,0.6168700703172086,0.0,0.19100384537543008
guidebook_dae,15,0,8,0.6029556444333328,0.0,0.1950853403494569
guidebook_dae,16,0,8,0.6029556444333328,0.0,0.1950853403494569
guidebook_dae,17,0,9,0.6843924754117597,0.0,0.06611570247933884
guidebook_dae,18,0,9,0.6843924754117597,0.0,0.06611570247933884
guidebook_dae,19,0,10,0.5890428596429919,0.0,0.3168724279835391
guidebook_dae,20,0,10,0.5890428596429919,0.0,0.3168724279835391
guidebook_dae,21,0,11,0.5871021123622293,0.0,0.32355371900826446
guidebook_dae,22,0,11,0.5871021123622293,0.0,0.32355371900826446
guidebook_dae,23,0,12,0.7159348071816971,0.0,0.05371900826446281
guidebook_dae,24,0,12,0.7159348071816971,0.0,0.05371900826446281
guidebook_dae,25,0,13,0.6408108734185364,0.0,0.17420798898071627
guidebook_dae,26,0,13,0.6408108734185364,0.0,0.17420798898071627
guidebook_dae,27,0,14,0.6692398394369008,0.0,0.06611570247933884
guidebook_dae,28,0,14,0.6692398394369008,0.0,0.06611570247933884
guidebook_dae,29,0,15,0.6658384524205068,0.0,0.09466874407261888
guidebook_dae,30,0,15,0.6658384524205068,0.0,0.09466874407261888
guidebook_dae,31,0,16,0.7054590227636333,0.1,0.045576131687242796
guidebook_dae,32,0,16,0.7054590227636333,0.1,0.045576131687242796
guidebook_dae,33,0,17,0.6752375000476099,0.0,0.07597989610740066
guidebook_dae,34,0,17,0.6752375000476099,0.0,0.07597989610740066
guidebook_dae,35,0,18,0.691703677112119,0.0,0.04542349726775956
guidebook_dae,36,0,18,0.691703677112119,0.0,0.04542349726775956
guidebook_dae,37,0,19,0.7208813536880898,0.0,0.028857599564670273
guidebook_dae,38,0,19,0.7208813536880898,0.0,0.028857599564670273
guidebook_dae,39,0,20,0.7227184839356164,0.4,0.016530054644808743
guidebook_dae,40,0,20,0.7227184839356164,0.4,0.016530054644808743
guidebook_dae,41,0,21,0.6566914123916904,0.0,0.14344262295081966
guidebook_dae,42,0,21,0.6566914123916904,0.0,0.14344262295081966
guidebook_dae,43,0,22,0.6313506849780334,0.0,0.2057309307681886
guidebook_dae,44,0,22,0.6313506849780334,0.0,0.2057309307681886
guidebook_dae,45,0,23,0.6830408438106682,0.0,0.12112932604735883
guidebook_dae,46,0,23,0.6830408438106682,0.0,0.12112932604735883
guidebook_dae,47,1,24,0.598379398083299,0.0,0.2716049382716049
guidebook_dae,48,0,24,0.598379398083299,0.0,0.2716049382716049
guidebook_dae,49,0,25,0.586937201323806,0.0,0.28953315793024353
guidebook_dae,50,0,25,0.586937201323806,0.0,0.28953315793024353
guidebook_dae,51,0,26,0.6823218947955298,0.1,0.05773220419685066
guidebook_dae,52,0,26,0.6823218947955298,0.1,0.05773220419685066
guidebook_dae,53,0,27,0.5418351943192895,0.0,0.3277386661225045
guidebook_dae,54,0,27,0.5418351943192895,0.0,0.3277386661225045
guidebook_dae,55,0,28,0.5151961974178446,0.0,0.45206611570247934
guidebook_dae,56,0,28,0.5151961974178446,0.0,0.45206611570247934
guidebook_dae,57,0,29,0.6613073871752314,0.0,0.1272852998718208
guidebook_dae,58,0,29,0.6613073871752314,0.0,0.1272852998718208
guidebook_dae,59,0,30,0.6118345744991328,0.0,0.24371584699453552
guidebook_dae,60,0,30,0.6118345744991328,0.0,0.24371584699453552
guidebook_dae,61,0,31,0.6618850128554807,0.0,0.1334750050597045
guidebook_dae,62,0,31,0.6618850128554807,0.0,0.1334750050597045
guidebook_dae,63,0,32,0.6709271093368734,0.0,0.1317233437203631
guidebook_dae,64,0,32,0.6709271093368734,0.0,0.1317233437203631
guidebook_dae,65,0,33,0.5993056261584094,0.0,0.243801652892562
guidebook_dae,66,0,33,0.5993056261584094,0.0,0.243801652892562
guidebook_dae,67,0,34,0.6453258888002316,0.0,0.1712410298268884
guidebook_dae,68,0,34,0.6453258888002316,0.0,0.1712410298268884
guidebook_dae,69,0,35,0.5561238529197072,0.0,0.24486914600550966
guidebook_dae,70,0,35,0.5561238529197072,0.0,0.24486914600550966
guidebook_dae,71,0,36,0.8187458958512549,0.8,0.008333333333333333
guidebook_dae,72,0,36,0.8187458958512549,0.8,0.008333333333333333
guidebook_dae,73,0,37,0.6148184587581164,0.0,0.14170545773460164
guidebook_dae,74,0,37,0.6148184587581164,0.0,0.14170545773460164
guidebook_dae,75,0,38,0.5429236855023937,0.0,0.3828410784446552
guidebook_dae,76,0,38,0.5429236855023937,0.0,0.3828410784446552
guidebook_dae,77,0,39,0.6358778759249193,0.0,0.19996258885147775
guidebook_dae,78,0,39,0.6358778759249193,0.0,0.19996258885147775
guidebook_dae,79,0,40,0.5892665779515015,0.0,0.30589286918977265
guidebook_dae,80,1,40,0.5892665779515015,0.0,0.30589286918977265
guidebook_dae,81,0,41,0.6112049607843777,0.0,0.22632434629454004
guidebook_dae,82,0,41,0.6112049607843777,0.0,0.22632434629454004
guidebook_dae,83,0,42,0.56489529604402,0.0,0.3814406693194572
guidebook_dae,84,0,42,0.56489529604402,0.0,0.3814406693194572
guidebook_dae,85,0,43,0.5110773791099797,0.0,0.46064049586776856
guidebook_dae,86,0,43,0.5110773791099797,0.0,0.46064049586776856
guidebook_dae,87,0,44,0.7050056364034413,0.1,0.0371900826446281
guidebook_dae,88,0,44,0.7050056364034413,0.1,0.0371900826446281
guidebook_dae,89,0,45,0.681351083494453,0.1,0.08677685950413223
guidebook_dae,90,0,45,0.681351083494453,0.1,0.08677685950413223
guidebook_dae,91,0,46,0.6225830043124332,0.0,0.1949724517906336
guidebook_dae,92,0,46,0.6225830043124332,0.0,0.1949724517906336
guidebook_dae,93,0,47,0.526107705911566,0.0,0.4242283950617284
guidebook_dae,94,0,47,0.526107705911566,0.0,0.4242283950617284
guidebook_dae,95,1,48,0.7568718584824453,0.3,0.016494915484814476
guidebook_dae,96,0,48,0.7568718584824453,0.3,0.016494915484814476
guidebook_dae,97,0,49,0.5899853715818559,0.0,0.25619834710743805
guidebook_dae,98,0,49,0.5899853715818559,0.0,0.25619834710743805
guidebook_dae,99,1,50,0.64640867752659,0.0,0.1028654653840943
guidebook_dae,100,0,50,0.64640867752659,0.0,0.1028654653840943
guidebook_dae,101,1,51,0.6388444578399544,0.0,0.21993801652892564
guidebook_dae,102,0,51,0.6388444578399544,0.0,0.21993801652892564
guidebook_dae,103,1,52,0.6685847206065951,0.0,0.17525422575927627
guidebook_dae,104,0,52,0.6685847206065951,0.0,0.17525422575927627
guidebook_dae,105,1,53,0.601511367105936,0.0,0.23706764615855525
guidebook_dae,106,0,53,0.601511367105936,0.0,0.23706764615855525
guidebook_dae,107,1,54,0.6804498313656977,0.1,0.05785123966942149
guidebook_dae,108,0,54,0.6804498313656977,0.1,0.05785123966942149
guidebook_dae,109,1,55,0.6797707531028859,0.0,0.10062065708695946
guidebook_dae,110,0,55,0.6797707531028859,0.0,0.10062065708695946
guidebook_dae,111,1,56,0.6811002227580579,0.1,0.049383552364178296
guidebook_dae,112,0,56,0.6811002227580579,0.1,0.049383552364178296
guidebook_dae,113,1,57,0.6797713338586497,0.0,0.06997696789052973
guidebook_dae,114,0,57,0.6797713338586497,0.0,0.06997696789052973
guidebook_dae,115,1,58,0.8732530510378037,1.0,0.0
guidebook_dae,116,1,58,0.8732530510378037,1.0,0.0
guidebook_dae,117,1,59,0.8909289638797976,1.0,0.0
guidebook_dae,118,1,59,0.8909289638797976,1.0,0.0
guidebook_dae,119,1,60,0.8854281227801641,0.9,0.0
guidebook_dae,120,1,60,0.8854281227801641,0.9,0.0
guidebook_dae,121,0,61,0.751178245512268,0.5,0.012363387978142078
guidebook_dae,122,0,61,0.751178245512268,0.5,0.012363387978142078
guidebook_dae,123,0,62,0.6553873398163541,0.0,0.12861570247933884
guidebook_dae,124,0,62,0.6553873398163541,0.0,0.12861570247933884
guidebook_dae,125,0,63,0.661798092332335,0.1,0.09583333333333333
guidebook_dae,126,0,63,0.661798092332335,0.1,0.09583333333333333
guidebook_dae,127,0,64,0.5096159780785026,0.0,0.4344262295081967
guidebook_dae,128,0,64,0.5096159780785026,0.0,0.4344262295081967
guidebook_dae,129,0,65,0.6148399803642741,0.0,0.22016460905349794
guidebook_dae,130,0,65,0.6148399803642741,0.0,0.22016460905349794
guidebook_dae,131,0,66,0.5480980719935149,0.0,0.3059603319166161
guidebook_dae,132,0,66,0.5480980719935149,0.0,0.3059603319166161
guidebook_dae,133,0,67,0.6319169285516695,0.0,0.18345066829915313
guidebook_dae,134,0,67,0.6319169285516695,0.0,0.18345066829915313
guidebook_dae,135,0,68,0.6735092807107537,0.0,0.09463487332339791
guidebook_dae,136,0,68,0.6735092807107537,0.0,0.09463487332339791
guidebook_dae,137,0,69,0.5665355730333806,0.0,0.3744855967078189
guidebook_dae,138,0,69,0.5665355730333806,0.0,0.3744855967078189
guidebook_dae,139,0,70,0.5814809631189213,0.0,0.2618270244532871
guidebook_dae,140,0,70,0.5814809631189213,0.0,0.2618270244532871
guidebook_dae,141,0,71,0.5951479555540435,0.0,0.265495867768595
guidebook_dae,142,0,71,0.5951479555540435,0.0,0.265495867768595
guidebook_dae,143,0,72,0.5389594249921864,0.0,0.36547932267422245
guidebook_dae,144,0,72,0.5389594249921864,0.0,0.36342170950549824
guidebook_dae,145,0,73,0.6107775452329808,0.0,0.2738292011019284
guidebook_dae,146,0,73,0.6107775452329808,0.0,0.2738292011019284
guidebook_dae,147,0,74,0.659192948030644,0.0,0.1258034894398531
guidebook_dae,148,0,74,0.659192948030644,0.0,0.1258034894398531
guidebook_dae,149,0,75,0.5503623125682212,0.0,0.30116120218579234
guidebook_dae,150,0,75,0.5503623125682212,0.0,0.30116120218579234
guidebook_dae,151,0,76,0.5709223870766365,0.0,0.2892561983471075
guidebook_dae,152,0,76,0.5709223870766365,0.0,0.2892561983471075
guidebook_dae,153,0,77,0.5948747602366053,0.0,0.2839384907194147
guidebook_dae,154,0,77,0.5948747602366053,0.0,0.2839384907194147
guidebook_dae,155,0,78,0.6372772778693626,0.0,0.22060674080876103
guidebook_dae,156,0,78,0.6372772778693626,0.0,0.22060674080876103
guidebook_dae,157,0,79,0.6556658827168089,0.0,0.17732884399551066
guidebook_dae,158,0,79,0.6556658827168089,0.0,0.17732884399551066
guidebook_dae,159,0,80,0.6157797260658199,0.0,0.2727272727272727
guidebook_dae,160,0,80,0.6157797260658199,0.0,0.2727272727272727
guidebook_dae,161,0,81,0.5683735703217824,0.0,0.3099173553719008
guidebook_dae,162,0,81,0.5683735703217824,0.0,0.3099173553719008
guidebook_dae,163,0,82,0.652018650721721,0.0,0.1412534435261708
guidebook_dae,164,0,82,0.652018650721721,0.0,0.1412534435261708
guidebook_dae,165,0,83,0.6294314724717269,0.0,0.10308471924633542
guidebook_dae,166,0,83,0.6294314724717269,0.0,0.10308471924633542
guidebook_dae,167,0,84,0.5795098193525229,0.0,0.2592128437881046
guidebook_dae,168,0,84,0.5795098193525229,0.0,0.2592128437881046
guidebook_dae,169,0,85,0.6515425012817133,0.0,0.19176614631160085
guidebook_dae,170,0,85,0.6515425012817133,0.0,0.19176614631160085
guidebook_dae,171,0,86,0.6337366894004575,0.0,0.15771349862258954
guidebook_dae,172,0,86,0.6337366894004575,0.0,0.15771349862258954
guidebook_dae,173,0,87,0.5613321861672796,0.0,0.3140495867768595
guidebook_dae,174,0,87,0.5613321861672796,0.0,0.3140495867768595
guidebook_dae,175,0,88,0.5806636504379579,0.0,0.3251253217721176
guidebook_dae,176,0,88,0.5806636504379579,0.0,0.3251253217721176
guidebook_dae,177,0,89,0.6501105232949709,0.0,0.10361570247933885
guidebook_dae,178,0,89,0.6501105232949709,0.0,0.10361570247933885
guidebook_dae,179,0,90,0.6017170145775456,0.0,0.26331120444384226
guidebook_dae,180,0,90,0.6017170145775456,0.0,0.26331120444384226
guidebook_dae,181,0,91,0.5832036810498978,0.0,0.32304526748971196
guidebook_dae,182,0,91,0.583203681049898,0.0,0.32098765432098764
guidebook_dae,183,0,92,0.612492147610604,0.0,0.21559400930985628
guidebook_dae,184,0,92,0.612492147610604,0.0,0.21765162247858058
guidebook_dae,185,0,93,0.6797742177551931,0.0,0.06584362139917696
guidebook_dae,186,0,93,0.6797742177551931,0.0,0.06584362139917696
guidebook_dae,187,0,94,0.6502541136847271,0.0,0.1319593238785158
guidebook_dae,188,0,94,0.6502541136847271,0.0,0.1319593238785158
guidebook_dae,189,0,95,0.6968173478457326,0.0,0.05773220419685066
guidebook_dae,190,0,95,0.6968173478457326,0.0,0.059670781893004114
guidebook_dae,191,0,96,0.5726599925190591,0.0,0.275
guidebook_dae,192,0,96,0.5726599925190591,0.0,0.275
guidebook_dae,193,0,97,0.6100779733505891,0.0,0.24897119341563786
guidebook_dae,194,0,97,0.6100779733505891,0.0,0.24691358024691357
guidebook_dae,195,0,98,0.6665344934104228,0.0,0.08712121212121213
guidebook_dae,196,0,98,0.6665344934104228,0.0,0.08884297520661158
guidebook_dae,197,0,99,0.6098183346748342,0.0,0.19174914124409076
guidebook_dae,198,0,99,0.6098183346748342,0.0,0.19174914124409076
guidebook_dae,199,0,100,0.66916243326866,0.0,0.0821527356135735
guidebook_dae,200,0,100,0.66916243326866,0.0,0.0821527356135735
guidebook_dae,201,0,101,0.6571317576757356,0.0,0.08227204985774286
guidebook_dae,202,0,101,0.6571317576757356,0.0,0.08227204985774286
guidebook_dae,203,0,102,0.590390016856158,0.0,0.18636831275720167
guidebook_dae,204,0,102,0.590390016856158,0.0,0.18636831275720167
guidebook_dae,205,0,103,0.7698702713193054,0.6,0.008230592060696384
guidebook_dae,206,0,103,0.7698702713193054,0.6,0.008230592060696384
guidebook_dae,207,0,104,0.6640468750413313,0.0,0.051748971193415635
guidebook_dae,208,0,104,0.6640468750413313,0.0,0.051748971193415635
guidebook_dae,209,0,105,0.7107052095400699,0.1,0.03312757201646091
guidebook_dae,210,0,105,0.7107052095400699,0.1,0.03312757201646091
guidebook_dae,211,0,106,0.559305224868635,0.0,0.32304526748971196
guidebook_dae,212,0,106,0.559305224868635,0.0,0.32304526748971196
guidebook_dae,213,0,107,0.681495155985228,0.0,0.07835935108662381
guidebook_dae,214,0,107,0.681495155985228,0.0,0.07835935108662381
guidebook_dae,215,0,108,0.6389737621948026,0.0,0.2151639344262295
guidebook_dae,216,0,108,0.6389737621948026,0.0,0.21311475409836067
guidebook_dae,217,0,109,0.6776582844663692,0.0,0.10382231404958678
guidebook_dae,218,0,109,0.6776582844663692,0.0,0.10382231404958678
guidebook_dae,219,0,110,0.6968174682755974,0.0,0.04938271604938271
guidebook_dae,220,0,110,0.6968174682755974,0.0,0.04938271604938271
guidebook_dae,221,0,111,0.5963652126353053,0.0,0.3181818181818182
guidebook_dae,222,0,111,0.5963652126353053,0.0,0.3181818181818182
guidebook_dae,223,0,112,0.7368521983551811,0.2,0.024691358024691357
guidebook_dae,224,0,112,0.7368521983551811,0.2,0.024691358024691357
guidebook_dae,225,0,113,0.6072420761478373,0.0,0.1157103825136612
guidebook_dae,226,0,113,0.6072420761478373,0.0,0.1157103825136612
guidebook_dae,227,0,114,0.5970013572719484,0.0,0.22064075094378124
guidebook_dae,228,0,114,0.5970013572719484,0.0,0.22064075094378124
guidebook_dae,229,0,115,0.637888152203549,0.0,0.15
guidebook_dae,230,0,115,0.637888152203549,0.0,0.15
guidebook_dae,231,0,116,0.6518711088445419,0.0,0.1567016971057375
guidebook_dae,232,0,116,0.6518711088445419,0.0,0.1567016971057375
guidebook_dae,233,0,117,0.6621453254362256,0.0,0.11961364486617013
guidebook_dae,234,0,117,0.6621453254362256,0.0,0.11961364486617013
guidebook_dae,235,0,118,0.6831386730649375,0.0,0.1361085603509846
guidebook_dae,236,0,118,0.6831386730649375,0.0,0.1361085603509846
guidebook_dae,237,0,119,0.5597770269704955,0.0,0.30282369146005506
guidebook_dae,238,0,119,0.5597770269704955,0.0,0.30282369146005506
guidebook_dae,239,0,120,0.6747626810914846,0.0,0.04111908955426094
guidebook_dae,240,0,120,0.6747626810914846,0.0,0.04111908955426094
guidebook_dae,241,0,121,0.5457611078482189,0.0,0.3056010928961749
guidebook_dae,242,0,121,0.5457611078482189,0.0,0.3056010928961749
guidebook_dae,243,0,122,0.6578063637407349,0.0,0.1314342575726911
guidebook_dae,244,0,122,0.6578063637407349,0.0,0.1314342575726911
guidebook_dae,245,0,123,0.6117725052674529,0.0,0.16115702479338845
guidebook_dae,246,0,123,0.6117725052674529,0.0,0.16115702479338845
guidebook_dae,247,0,124,0.623289989915057,0.0,0.18633879781420765
guidebook_dae,248,0,124,0.623289989915057,0.0,0.18633879781420765
guidebook_dae,249,0,125,0.6710838139434225,0.0,0.14374620522161505
guidebook_dae,250,0,125,0.6710838139434225,0.0,0.14374620522161505
guidebook_dae,251,0,126,0.6172393214746925,0.0,0.286603407815529
guidebook_dae,252,0,126,0.6172393214746925,0.0,0.286603407815529
guidebook_dae,253,0,127,0.6240373981900786,0.0,0.2094380354853943
guidebook_dae,254,0,127,0.6240373981900786,0.0,0.2094380354853943
guidebook_dae,255,0,128,0.5551366958876665,0.0,0.33755144032921813
guidebook_dae,256,0,128,0.5551366958876665,0.0,0.33755144032921813
guidebook_dae,257,0,129,0.6039535420343324,0.0,0.2962962962962963
guidebook_dae,258,0,129,0.6039535420343324,0.0,0.2962962962962963
guidebook_dae,259,0,130,0.6462673697605583,0.0,0.1573045267489712
guidebook_dae,260,0,130,0.6462673697605583,0.0,0.1573045267489712
guidebook_dae,261,0,131,0.5501017986457349,0.0,0.3429752066115702
guidebook_dae,262,0,131,0.5501017986457349,0.0,0.3429752066115702
guidebook_dae,263,0,132,0.5908057243062121,0.0,0.2648755312689739
guidebook_dae,264,0,132,0.5908057243062121,0.0,0.2648755312689739
guidebook_dae,265,0,133,0.7041666695439905,0.1,0.06790123456790123
guidebook_dae,266,0,133,0.7041666695439905,0.1,0.06790123456790123
guidebook_dae,267,0,134,0.6669062320910053,0.0,0.09444781758078662
guidebook_dae,268,0,134,0.6669062320910053,0.0,0.09444781758078662
guidebook_dae,269,0,135,0.681001756517596,0.0,0.09958677685950414
guidebook_dae,270,0,135,0.681001756517596,0.0,0.09958677685950414
guidebook_dae,271,0,136,0.5874680411989412,0.0,0.32644628099173556
guidebook_dae,272,0,136,0.5874680411989412,0.0,0.32644628099173556
guidebook_dae,273,0,137,0.5951457738990978,0.0,0.2797385178160141
guidebook_dae,274,0,137,0.5951457738990978,0.0,0.2797385178160141
guidebook_dae,275,0,138,0.6262937039366208,0.0,0.21666666666666667
guidebook_dae,276,0,138,0.6262937039366208,0.0,0.21666666666666667
guidebook_dae,277,0,139,0.5832863736829041,0.0,0.2603305785123967
guidebook_dae,278,0,139,0.5832863736829041,0.0,0.2603305785123967
guidebook_dae,279,0,140,0.6680896109989496,0.0,0.11388888888888889
guidebook_dae,280,0,140,0.6680896109989496,0.0,0.11388888888888889
guidebook_dae,281,0,141,0.6365313630841325,0.0,0.16700676801686903
guidebook_dae,282,0,141,0.6365313630841325,0.0,0.16700676801686903
guidebook_dae,283,0,142,0.7298347888596288,0.3,0.020833333333333336
guidebook_dae,284,0,142,0.7298347888596288,0.3,0.020833333333333336
guidebook_dae,285,0,143,0.6322988110099825,0.0,0.14344262295081966
guidebook_dae,286,0,143,0.6322988110099825,0.0,0.14344262295081966
guidebook_dae,287,0,144,0.6250483120545977,0.0,0.14938016528925618
guidebook_dae,288,0,144,0.6250483120545977,0.0,0.14938016528925618
guidebook_dae,289,0,145,0.5634771598304387,0.0,0.2448559670781893
guidebook_dae,290,0,145,0.5634771598304387,0.0,0.2448559670781893
guidebook_dae,291,0,146,0.5568857527676079,0.0,0.353858024691358
guidebook_dae,292,0,146,0.5568857527676079,0.0,0.353858024691358
guidebook_dae,293,0,147,0.6053893216350088,0.0,0.23865329901097412
guidebook_dae,294,0,147,0.6053893216350088,0.0,0.23865329901097412
guidebook_dae,295,0,148,0.6499019853918626,0.0,0.1470679012345679
guidebook_dae,296,0,149,0.7145513567775563,0.1,0.02474237322722171
guidebook_dae,297,0,149,0.7145513567775563,0.1,0.02474237322722171
guidebook_dae,298,0,150,0.6223505816815547,0.0,0.17768595041322316
guidebook_dae,299,0,148,0.6499019853918626,0.0,0.1470679012345679
guidebook_dae,300,0,150,0.6223505816815547,0.0,0.17768595041322316
guidebook_dae,301,0,151,0.6217486114128551,0.0,0.12576947930483284
guidebook_dae,302,0,151,0.6217486114128551,0.0,0.12576947930483284
guidebook_dae,303,0,152,0.5884501542463971,0.0,0.2827868852459016
guidebook_dae,304,0,152,0.5884501542463971,0.0,0.2827868852459016
guidebook_dae,305,0,153,0.6537298829959577,0.0,0.12396694214876033
guidebook_dae,306,0,153,0.6537298829959577,0.0,0.12396694214876033
guidebook_dae,307,0,154,0.7655049014157506,0.6,0.008298898071625344
guidebook_dae,308,0,154,0.7655049014157506,0.6,0.008298898071625344
guidebook_dae,309,0,155,0.6556911711479435,0.0,0.125
guidebook_dae,310,0,156,0.6896573162736856,0.1,0.05327868852459017
guidebook_dae,311,0,156,0.6896573162736856,0.1,0.05327868852459017
guidebook_dae,312,0,155,0.6556911711479435,0.0,0.125
guidebook_dae,313,0,157,0.5575780548427864,0.0,0.3181818181818182
guidebook_dae,314,0,157,0.5575780548427864,0.0,0.3181818181818182
guidebook_dae,315,0,158,0.6798516455506529,0.0,0.1115702479338843
guidebook_dae,316,0,158,0.6798516455506529,0.0,0.1115702479338843
guidebook_dae,317,0,159,0.6039655168229376,0.0,0.26969696969696966
guidebook_dae,318,0,159,0.6039655168229376,0.0,0.26969696969696966
guidebook_dae,319,0,160,0.7093787796672841,0.2,0.02459016393442623
guidebook_dae,320,0,160,0.7093787796672841,0.2,0.02459016393442623
guidebook_dae,321,0,161,0.5579669158547765,0.0,0.2712448559670782
guidebook_dae,322,0,161,0.5579669158547765,0.0,0.2712448559670782
guidebook_dae,323,0,162,0.6397085895803654,0.0,0.14818452784175584
guidebook_dae,324,0,162,0.6397085895803654,0.0,0.14818452784175584
guidebook_dae,325,0,163,0.6835761832982151,0.0,0.05809228650137741
guidebook_dae,326,0,163,0.6835761832982151,0.0,0.05809228650137741
guidebook_dae,327,0,164,0.7238948175478642,0.2,0.03305785123966942
guidebook_dae,328,0,164,0.7238948175478642,0.2,0.03305785123966942
guidebook_dae,329,0,165,0.5884900157074385,0.0,0.20576480151740956
guidebook_dae,330,0,165,0.5884900157074385,0.0,0.20576480151740956
guidebook_dae,331,0,166,0.5606785760172979,0.0,0.3429752066115702
guidebook_dae,332,0,166,0.5606785760172979,0.0,0.3429752066115702
guidebook_dae,333,0,167,0.5531660141791448,0.0,0.3870884773662552
guidebook_dae,334,0,167,0.5531660141791448,0.0,0.3870884773662552
guidebook_dae,335,0,168,0.598938718385399,0.0,0.24540012923851307
guidebook_dae,336,0,168,0.598938718385399,0.0,0.24540012923851307
guidebook_dae,337,0,169,0.5467265219419616,0.0,0.3346311475409836
guidebook_dae,338,0,169,0.5467265219419616,0.0,0.3346311475409836
guidebook_dae,339,0,170,0.6394767112566733,0.0,0.1557377049180328
guidebook_dae,340,0,170,0.6394767112566733,0.0,0.1557377049180328
guidebook_dae,341,0,171,0.522045112871585,0.0,0.36098484848484846
guidebook_dae,342,0,171,0.522045112871585,0.0,0.36098484848484846
guidebook_dae,343,0,172,0.6077583369135512,0.0,0.25416666666666665
guidebook_dae,344,0,172,0.6077583369135512,0.0,0.25416666666666665
guidebook_dae,345,0,173,0.614576362176775,0.0,0.2024793388429752
guidebook_dae,346,0,173,0.614576362176775,0.0,0.2024793388429752
guidebook_dae,347,0,174,0.6335538349972967,0.0,0.2066115702479339
guidebook_dae,348,0,174,0.6335538349972967,0.0,0.2066115702479339
guidebook_dae,349,0,175,0.6118403587355195,0.0,0.24281940116515377
guidebook_dae,350,0,175,0.6118403587355193,0.0,0.24281940116515377
guidebook_dae,351,0,176,0.5550683617228616,0.0,0.34838154269972454
guidebook_dae,352,0,176,0.5550683617228616,0.0,0.34838154269972454
guidebook_dae,353,0,177,0.5973957606216358,0.0,0.27977238856523506
guidebook_dae,354,0,177,0.5973957606216358,0.0,0.27977238856523506
guidebook_dae,355,0,178,0.5482140912259681,0.0,0.3785056225443707
guidebook_dae,356,0,178,0.5482140912259681,0.0,0.3785056225443707
guidebook_dae,357,0,179,0.4848787666567561,0.0,0.5307162534435261
guidebook_dae,358,0,179,0.4848787666567561,0.0,0.5307162534435261
guidebook_dae,359,0,180,0.5933798754543769,0.0,0.23553719008264462
guidebook_dae,360,0,180,0.5933798754543769,0.0,0.23553719008264462
guidebook_dae,361,0,181,0.5814902467451963,0.0,0.2734848484848485
guidebook_dae,362,0,181,0.5814902467451963,0.0,0.2734848484848485
guidebook_dae,363,0,182,0.6307352137791199,0.0,0.19135802469135804
guidebook_dae,364,0,182,0.6307352137791199,0.0,0.19135802469135804
guidebook_dae,365,0,183,0.5302837479534485,0.0,0.4355716253443526
guidebook_dae,366,0,183,0.5302837479534485,0.0,0.4355716253443526
guidebook_dae,367,0,184,0.5685061625840708,0.0,0.3291898116786343
guidebook_dae,368,0,184,0.5685061625840708,0.0,0.3291898116786343
guidebook_dae,369,0,185,0.6053724593081604,0.0,0.2716049382716049
guidebook_dae,370,0,185,0.6053724593081604,0.0,0.2716049382716049
guidebook_dae,371,0,186,0.5223648408442777,0.0,0.35997267759562845
guidebook_dae,372,0,186,0.5223648408442777,0.0,0.35997267759562845
guidebook_dae,373,0,187,0.5260784997535668,0.0,0.4319536648150657
guidebook_dae,374,0,187,0.5260784997535668,0.0,0.4319536648150657
guidebook_dae,375,0,188,0.3891195114242441,0.0,0.8515627657041799
guidebook_dae,376,0,188,0.3891195114242441,0.0,0.8515627657041799
guidebook_dae,377,0,189,0.5283189553058565,0.0,0.4385245901639344
guidebook_dae,378,0,189,0.5283189553058565,0.0,0.4385245901639344
guidebook_dae,379,0,190,0.3704153621746955,0.0,0.847396524164201
guidebook_dae,380,0,190,0.37041536217469545,0.0,0.8494541373329252
guidebook_dae,381,0,191,0.41480284097135744,0.0,0.7708333333333333
guidebook_dae,382,0,191,0.41480284097135744,0.0,0.7708333333333333
guidebook_dae,383,0,192,0.5229753136356791,0.0,0.4569164069909226
guidebook_dae,384,0,192,0.5229753136356791,0.0,0.4569164069909226
guidebook_dae,385,0,193,0.5745426965461014,0.0,0.448559670781893
guidebook_dae,386,0,193,0.5745426965461014,0.0,0.448559670781893
guidebook_dae,387,0,194,0.5960796121911207,0.0,0.26441256830601095
guidebook_dae,388,0,194,0.5960796121911207,0.0,0.26441256830601095
guidebook_dae,389,0,195,0.5170009079097878,0.0,0.4853650137741047
guidebook_dae,390,0,195,0.5170009079097878,0.0,0.4853650137741047
guidebook_dae,391,0,196,0.40270832789053773,0.0,0.8354559002845143
guidebook_dae,392,0,196,0.40270832789053773,0.0,0.8354559002845143
guidebook_dae,393,0,197,0.43833465132170096,0.0,0.753592390204412
guidebook_dae,394,0,197,0.43833465132170096,0.0,0.753592390204412
guidebook_dae,395,0,198,0.40957785243250394,0.0,0.8148148148148149
guidebook_dae,396,0,199,0.4652177677892988,0.0,0.6311475409836066
guidebook_dae,397,0,199,0.4652177677892988,0.0,0.6311475409836066
guidebook_dae,398,0,198,0.40957785243250394,0.0,0.8148148148148149
guidebook_dae,399,0,200,0.5384313402052662,0.0,0.380761316872428
guidebook_dae,400,0,200,0.5384313402052662,0.0,0.380761316872428
guidebook_dae,401,0,201,0.4419324032922762,0.0,0.7237696833656431
guidebook_dae,402,0,202,0.4655236869377295,0.0,0.6056818181818182
guidebook_dae,403,0,201,0.4419324032922762,0.0,0.7237696833656431
guidebook_dae,404,0,202,0.4655236869377295,0.0,0.6056818181818182
guidebook_dae,405,0,203,0.4999530176836255,0.0,0.5610082304526749
guidebook_dae,406,0,204,0.3695333260702311,0.0,0.859776213311567
guidebook_dae,407,0,204,0.36953332607023104,0.0,0.859776213311567
guidebook_dae,408,0,205,0.5412035004264825,0.0,0.41081267217630857
guidebook_dae,409,0,205,0.5412035004264825,0.0,0.41081267217630857
guidebook_dae,410,0,203,0.4999530176836255,0.0,0.5610082304526749
guidebook_dae,411,0,206,0.44772684597499046,0.0,0.7083333333333333
guidebook_dae,412,0,206,0.44772684597499046,0.0,0.7083333333333333
guidebook_dae,413,0,207,0.5152248398317587,0.0,0.5289256198347108
guidebook_dae,414,0,207,0.5152248398317587,0.0,0.5289256198347108
guidebook_dae,415,0,208,0.5650598601860087,0.0,0.37309118117198925
guidebook_dae,416,0,209,0.4182209402531005,0.0,0.7448177753691911
guidebook_dae,417,0,209,0.4182209402531005,0.0,0.7448177753691911
guidebook_dae,418,0,208,0.5650598601860087,0.0,0.37309118117198925
guidebook_dae,419,0,210,0.5392361847349826,0.0,0.5010032989830969
guidebook_dae,420,0,210,0.5392361847349826,0.0,0.5010032989830969
guidebook_dae,421,0,211,0.6688482683312575,0.0,0.12397540983606557
guidebook_dae,422,0,212,0.42672338512007435,0.0,0.7124907238750591
guidebook_dae,423,0,212,0.42672338512007435,0.0,0.7124907238750591
guidebook_dae,424,0,211,0.6688482683312575,0.0,0.12397540983606557
guidebook_dae,425,0,213,0.3637609654998143,0.0,0.8722734046877116
guidebook_dae,426,0,213,0.3637609654998143,0.0,0.8722734046877116
guidebook_dae,427,0,214,0.4051673618120045,0.0,0.8340564738292011
guidebook_dae,428,0,215,0.4338293666583998,0.0,0.7476337448559671
guidebook_dae,429,0,215,0.4338293666583998,0.0,0.7476337448559671
guidebook_dae,430,0,214,0.4051673618120045,0.0,0.8340564738292011
guidebook_dae,431,0,216,0.3833745836467305,0.0,0.8553719008264462
guidebook_dae,432,0,216,0.3833745836467305,0.0,0.8553719008264462
guidebook_dae,433,0,217,0.34724235525121927,0.0,0.9134101962384791
guidebook_dae,434,0,217,0.34724235525121927,0.0,0.9134101962384791
guidebook_dae,435,0,218,0.3830767406243022,0.0,0.8353881587860723
guidebook_dae,436,0,218,0.3830767406243022,0.0,0.8353881587860723
guidebook_dae,437,0,219,0.5146266278525061,0.0,0.5195987654320988
guidebook_dae,438,0,219,0.5146266278525061,0.0,0.5195987654320988
guidebook_dae,439,0,220,0.33487371094735524,0.0,0.9053497942386831
guidebook_dae,440,0,220,0.33487371094735524,0.0,0.9053497942386831
guidebook_dae,441,0,221,0.5015115673304169,0.0,0.5400391283815692
guidebook_dae,442,0,221,0.5015115673304169,0.0,0.5400391283815692
guidebook_dae,443,0,222,0.35249706254806173,0.0,0.9132231404958677
guidebook_dae,444,0,222,0.35249706254806173,0.0,0.9132231404958677
guidebook_dae,445,0,223,0.6291849107937872,0.0,0.1827823691460055
guidebook_dae,446,0,223,0.6291849107937872,0.0,0.1827823691460055
guidebook_dae,447,0,224,0.4474272565725381,0.0,0.5917763493521069
guidebook_dae,448,0,224,0.4474272565725381,0.0,0.5917763493521069
guidebook_dae,449,0,225,0.4391427718472053,0.0,0.7443628201203959
guidebook_dae,450,0,225,0.4391427718472053,0.0,0.7443628201203959
guidebook_dae,451,0,226,0.40953453267792844,0.0,0.7883953168044078
guidebook_dae,452,0,226,0.40953453267792844,0.0,0.7883953168044078
guidebook_dae,453,0,227,0.3667132160201576,0.0,0.9216406489133762
guidebook_dae,454,0,227,0.3667132160201576,0.0,0.9216406489133762
guidebook_dae,455,0,228,0.47625313058024543,0.0,0.5989754098360656
guidebook_dae,456,0,228,0.47625313058024543,0.0,0.5989754098360656
guidebook_dae,457,0,229,0.2875317066175174,0.0,0.9544077134986226
guidebook_dae,458,0,229,0.2875317066175174,0.0,0.9544077134986226
guidebook_dae,459,0,230,0.4276133976829587,0.0,0.7530864197530864
guidebook_dae,460,0,230,0.4276133976829587,0.0,0.7530864197530864
guidebook_dae,461,0,231,0.5427180613100174,0.0,0.400492477905957
guidebook_dae,462,0,231,0.5427180613100174,0.0,0.400492477905957
guidebook_dae,463,0,232,0.4045084798664621,0.0,0.8103254769921437
guidebook_dae,464,0,232,0.4045084798664621,0.0,0.8103254769921437
guidebook_dae,465,0,233,0.4898117225819683,0.0,0.5307885110418642
guidebook_dae,466,0,234,0.4633661122672986,0.0,0.5999557868244736
guidebook_dae,467,0,233,0.4898117225819683,0.0,0.5307885110418642
guidebook_dae,468,0,234,0.4633661122672986,0.0,0.5999557868244736
guidebook_dae,469,0,235,0.44825628877601387,0.0,0.6889462809917355
guidebook_dae,470,0,235,0.44825628877601387,0.0,0.6889462809917355
guidebook_dae,471,0,236,0.3408169818762605,0.0,0.9221311475409837
guidebook_dae,472,0,236,0.3408169818762605,0.0,0.9221311475409837
guidebook_dae,473,0,237,0.45596758828724815,0.0,0.6564300411522634
guidebook_dae,474,0,237,0.45596758828724815,0.0,0.6564300411522634
guidebook_dae,475,0,238,0.3952562090912358,0.0,0.806193245587185
guidebook_dae,476,0,238,0.3952562090912358,0.0,0.806193245587185
guidebook_dae,477,0,239,0.5401979431499717,0.0,0.44557444511907174
guidebook_dae,478,0,239,0.5401979431499717,0.0,0.44557444511907174
guidebook_dae,479,0,240,0.47259677561988,0.0,0.6535727646838758
guidebook_dae,480,0,240,0.47259677561988,0.0,0.6535727646838758
guidebook_dae,481,0,241,0.5209768597889851,0.0,0.42802465790543287
guidebook_dae,482,0,241,0.5209768597889851,0.0,0.42802465790543287
guidebook_dae,483,0,242,0.568360216919584,0.0,0.4103322790191477
guidebook_dae,484,0,242,0.568360216919584,0.0,0.4103322790191477
guidebook_dae,485,0,243,0.3213669231417165,0.0,0.9297520661157025
guidebook_dae,486,0,243,0.3213669231417165,0.0,0.9297520661157025
guidebook_dae,487,0,244,0.48563596524948477,0.0,0.5537190082644629
guidebook_dae,488,0,244,0.48563596524948477,0.0,0.5537190082644629
guidebook_dae,489,0,245,0.4286623887088211,0.0,0.7408210269611164
guidebook_dae,490,0,245,0.4286623887088211,0.0,0.7408210269611164
guidebook_dae,491,0,246,0.41337540099337744,0.0,0.825925925925926
guidebook_dae,492,0,246,0.41337540099337744,0.0,0.825925925925926
guidebook_dae,493,0,247,0.44990239933302484,0.0,0.6755380152465762
guidebook_dae,494,0,247,0.44990239933302484,0.0,0.6755380152465762
guidebook_dae,495,0,248,0.4360238849154304,0.0,0.7355191256830601
guidebook_dae,496,0,248,0.4360238849154304,0.0,0.7355191256830601
guidebook_dae,497,0,249,0.4137576265487703,0.0,0.7827868852459017
guidebook_dae,498,0,249,0.4137576265487703,0.0,0.7827868852459017
guidebook_dae,499,0,250,0.2934538981844252,0.0,0.9341891342636499
guidebook_dae,500,0,250,0.2934538981844252,0.0,0.9341891342636499
guidebook_dae,501,0,251,0.5247703276775295,0.0,0.44511316872427986
guidebook_dae,502,0,251,0.5247703276775295,0.0,0.44511316872427986
guidebook_dae,503,0,252,0.48939940588544834,0.0,0.5651748971193415
guidebook_dae,504,0,252,0.48939940588544834,0.0,0.5651748971193415
guidebook_dae,505,0,253,0.32478191234979303,0.0,0.9294765840220386
guidebook_dae,506,0,253,0.32478191234979303,0.0,0.9294765840220386
guidebook_dae,507,0,254,0.4810482134003494,0.0,0.6090534979423867
guidebook_dae,508,0,254,0.4810482134003494,0.0,0.6090534979423867
guidebook_dae,509,0,255,0.40275215308114143,0.0,0.8391490664217938
guidebook_dae,510,0,255,0.40275215308114143,0.0,0.8391490664217938
guidebook_dae,511,0,256,0.48619078542085337,0.0,0.5791666666666666
guidebook_dae,512,0,256,0.48619078542085337,0.0,0.5791666666666666
guidebook_dae,513,0,257,0.3395514051268512,0.0,0.9169765840220385
guidebook_dae,514,0,257,0.3395514051268512,0.0,0.9169765840220385
guidebook_dae,515,0,258,0.2666910865382506,0.0,0.9710743801652892
guidebook_dae,516,0,258,0.2666910865382506,0.0,0.9710743801652892
guidebook_dae,517,0,259,0.4200168404136792,0.0,0.7521174863387978
guidebook_dae,518,0,259,0.4200168404136792,0.0,0.7521174863387978
guidebook_dae,519,0,260,0.3889817716768932,0.0,0.8473455089616706
guidebook_dae,520,0,260,0.3889817716768932,0.0,0.8473455089616706
guidebook_dae,521,0,261,0.5779550994634332,0.0,0.3139344262295082
guidebook_dae,522,0,261,0.5779550994634332,0.0,0.3139344262295082
guidebook_dae,523,0,262,0.3703562967024574,0.0,0.8394865194418101
guidebook_dae,524,0,262,0.3703562967024574,0.0,0.8394865194418101
guidebook_dae,525,0,263,0.3097624172852875,0.0,0.9587627112879638
guidebook_dae,526,0,263,0.3097624172852875,0.0,0.9587627112879638
guidebook_dae,527,0,264,0.41940538004100525,0.0,0.8028570464818188
guidebook_dae,528,0,264,0.41940538004100525,0.0,0.8028570464818188
guidebook_dae,529,0,265,0.33282023632751223,0.0,0.9259259259259259
guidebook_dae,530,0,265,0.33282023632751223,0.0,0.9259259259259259
guidebook_dae,531,0,266,0.3851113886121692,0.0,0.8298553719008264
guidebook_dae,532,0,266,0.3851113886121692,0.0,0.8298553719008264
guidebook_dae,533,0,267,0.321147615101559,0.0,0.934156378600823
guidebook_dae,534,0,267,0.321147615101559,0.0,0.934156378600823
guidebook_dae,535,0,268,0.4288155582873222,0.0,0.6972451790633609
guidebook_dae,536,0,268,0.4288155582873222,0.0,0.6972451790633609
guidebook_dae,537,0,269,0.3201576310497917,0.0,0.9300907736079123
guidebook_dae,538,0,269,0.3201576310497917,0.0,0.9300907736079123
guidebook_dae,539,0,270,0.23173208774149248,0.0,0.9876710472835659
guidebook_dae,540,0,270,0.23173208774149248,0.0,0.9876710472835659
guidebook_dae,541,0,271,0.3087012712668705,0.0,0.9504781420765027
guidebook_dae,542,0,271,0.3087012712668705,0.0,0.9504781420765027
guidebook_dae,543,0,272,0.2797951237298869,0.0,0.9628099173553719
guidebook_dae,544,0,272,0.2797951237298869,0.0,0.9628099173553719
guidebook_dae,545,0,273,0.4542334544273908,0.0,0.6270491803278688
guidebook_dae,546,0,273,0.4542334544273908,0.0,0.6270491803278688
guidebook_dae,547,0,274,0.5133809009575074,0.0,0.4542349726775956
guidebook_dae,548,0,274,0.5133809009575074,0.0,0.4542349726775956
guidebook_dae,549,0,275,0.2506540834977729,0.0,0.9751377410468319
guidebook_dae,550,0,275,0.2506540834977729,0.0,0.9751377410468319
guidebook_dae,551,0,276,0.33312892345044387,0.0,0.9010475121586232
guidebook_dae,552,0,276,0.33312892345044387,0.0,0.9010475121586232
guidebook_dae,553,0,277,0.3282767082938808,0.0,0.9171810699588477
guidebook_dae,554,0,277,0.3282767082938808,0.0,0.9171810699588477
guidebook_dae,555,0,278,0.4917337825423364,0.0,0.5330578512396694
guidebook_dae,556,0,278,0.4917337825423364,0.0,0.5330578512396694
guidebook_dae,557,0,279,0.4840407179888267,0.0,0.5629357548549467
guidebook_dae,558,0,279,0.4840407179888267,0.0,0.5629357548549467
guidebook_dae,559,0,280,0.43206573720548364,0.0,0.7385674931129476
guidebook_dae,560,0,280,0.43206573720548364,0.0,0.7385674931129476
guidebook_dae,561,0,281,0.43032765235659226,0.0,0.7112879638132164
guidebook_dae,562,0,281,0.43032765235659226,0.0,0.7112879638132164
guidebook_dae,563,0,282,0.45944486610819607,0.0,0.6639462809917356
guidebook_dae,564,0,282,0.45944486610819607,0.0,0.6639462809917356
guidebook_dae,565,0,283,0.2975146969300125,0.0,0.9628949426929225
guidebook_dae,566,0,283,0.2975146969300125,0.0,0.9628949426929225
guidebook_dae,567,0,284,0.3346964276016722,0.0,0.9125000000000001
guidebook_dae,568,0,284,0.3346964276016722,0.0,0.9125000000000001
guidebook_dae,569,0,285,0.3064718447785194,0.0,0.9300411522633745
guidebook_dae,570,0,285,0.3064718447785194,0.0,0.9300411522633745
guidebook_dae,571,0,286,0.2682305871879952,0.0,0.9627572016460906
guidebook_dae,572,0,286,0.2682305871879952,0.0,0.9627572016460906
guidebook_dae,573,0,287,0.47164241813518915,0.0,0.5937234295820154
guidebook_dae,574,0,287,0.47164241813518915,0.0,0.591657313879536
guidebook_dae,575,0,288,0.32377400854197325,0.0,0.925275482093664
guidebook_dae,576,0,288,0.32377400854197325,0.0,0.925275482093664
guidebook_dae,577,0,289,0.2278347878132589,0.0,0.9917355371900827
guidebook_dae,578,0,289,0.2278347878132589,0.0,0.9917355371900827
guidebook_dae,579,0,290,0.479633728173326,0.0,0.6183195592286501
guidebook_dae,580,0,290,0.479633728173326,0.0,0.6183195592286501
guidebook_dae,581,0,291,0.396227221415541,0.0,0.819672131147541
guidebook_dae,582,0,291,0.396227221415541,0.0,0.819672131147541
guidebook_dae,583,0,292,0.5971223228274111,0.0,0.3416666666666667
guidebook_dae,584,0,292,0.5971223228274111,0.0,0.3416666666666667
guidebook_dae,585,0,293,0.5498620351180354,0.0,0.3900137741046832
guidebook_dae,586,0,293,0.5498620351180353,0.0,0.3900137741046832
guidebook_dae,587,0,294,0.29868921567411677,0.0,0.9709710743801653
guidebook_dae,588,0,294,0.29868921567411677,0.0,0.9709710743801653
guidebook_dae,589,0,295,0.2815945643012641,0.0,0.9627572016460906
guidebook_dae,590,0,295,0.2815945643012641,0.0,0.9627572016460906
guidebook_dae,591,0,296,0.3998853502302896,0.0,0.8439418471294611
guidebook_dae,592,0,296,0.3998853502302896,0.0,0.8459910274573299
guidebook_dae,593,0,297,0.2795219463701614,0.0,0.9583333333333334
guidebook_dae,594,0,297,0.2795219463701614,0.0,0.9583333333333334
guidebook_dae,595,0,298,0.41013793118663733,0.0,0.7943029399810324
guidebook_dae,596,0,298,0.41013793118663733,0.0,0.7943029399810324
guidebook_dae,597,0,299,0.53811870745358,0.0,0.3993827160493827
guidebook_dae,598,0,299,0.53811870745358,0.0,0.3993827160493827
guidebook_dae,599,0,300,0.3959152531140074,0.0,0.8458333333333333
guidebook_dae,600,0,300,0.3959152531140074,0.0,0.8458333333333333
guidebook_dae,601,0,301,0.4356695760023677,0.0,0.7120647608725105
guidebook_dae,602,0,301,0.4356695760023677,0.0,0.7120647608725105
guidebook_dae,603,0,302,0.33426728202516803,0.0,0.9088991769547325
guidebook_dae,604,0,302,0.33426728202516803,0.0,0.9088991769547325
guidebook_dae,605,0,303,0.34017912669670036,0.0,0.9045454545454545
guidebook_dae,606,0,303,0.34017912669670036,0.0,0.9045454545454545
guidebook_dae,607,0,304,0.3406932043239773,0.0,0.9008264462809917
guidebook_dae,608,0,304,0.3406932043239773,0.0,0.9008264462809917
guidebook_dae,609,0,305,0.36073913695887894,0.0,0.8636363636363636
guidebook_dae,610,0,305,0.36073913695887894,0.0,0.8636363636363636
guidebook_dae,611,0,306,0.38464945635533604,0.0,0.7983539094650205
guidebook_dae,612,0,306,0.38464945635533604,0.0,0.7983539094650205
guidebook_dae,613,0,307,0.45775031739067185,0.0,0.578512396694215
guidebook_dae,614,0,307,0.45775031739067185,0.0,0.578512396694215
guidebook_dae,615,0,308,0.42669524899218336,0.0,0.7231404958677686
guidebook_dae,616,0,308,0.42669524899218336,0.0,0.7231404958677686
guidebook_dae,617,0,309,0.2901358625718752,0.0,0.9502066115702479
guidebook_dae,618,0,309,0.2901358625718752,0.0,0.9502066115702479
guidebook_dae,619,0,310,0.46249059325131336,0.0,0.618093503339405
guidebook_dae,620,0,310,0.46249059325131336,0.0,0.618093503339405
guidebook_dae,621,0,311,0.4252584505952116,0.0,0.7519808743169398
guidebook_dae,622,0,311,0.4252584505952116,0.0,0.7519808743169398
guidebook_dae,623,0,312,0.46425233705915075,0.0,0.6089622002438695
guidebook_dae,624,0,312,0.46425233705915064,0.0,0.6110283159463488
guidebook_dae,625,0,313,0.47862279975194594,0.0,0.5349884839452649
guidebook_dae,626,0,313,0.47862279975194594,0.0,0.5349884839452649
guidebook_dae,627,0,314,0.39458182216933924,0.0,0.8144577083971023
guidebook_dae,628,0,314,0.39458182216933924,0.0,0.8144577083971023
guidebook_dae,629,0,315,0.3050699339461607,0.0,0.9066115702479338
guidebook_dae,630,0,315,0.3050699339461607,0.0,0.9045454545454545
guidebook_dae,631,0,316,0.3864478726979421,0.0,0.8083333333333333
guidebook_dae,632,0,316,0.3864478726979421,0.0,0.8083333333333333
guidebook_dae,633,0,317,0.4875553100814257,0.0,0.5454918032786886
guidebook_dae,634,0,317,0.4875553100814257,0.0,0.5454918032786886
guidebook_dae,635,0,318,0.4468634017308375,0.0,0.6680096418732782
guidebook_dae,636,0,318,0.4468634017308375,0.0,0.6680096418732782
guidebook_dae,637,0,319,0.2843080688571065,0.0,0.9710743801652892
guidebook_dae,638,0,319,0.2843080688571065,0.0,0.9710743801652892
guidebook_dae,639,0,320,0.3599467834845426,0.0,0.9051457334285617
guidebook_dae,640,0,320,0.3599467834845426,0.0,0.9051457334285617
guidebook_dae,641,0,321,0.3405518731074029,0.0,0.9010475121586232
guidebook_dae,642,0,321,0.3405518731074029,0.0,0.9010475121586232
guidebook_dae,643,0,322,0.37568952855732396,0.0,0.8546831955922864
guidebook_dae,644,0,322,0.37568952855732396,0.0,0.8546831955922864
guidebook_dae,645,0,323,0.4230652697626426,0.0,0.7355371900826446
guidebook_dae,646,0,323,0.4230652697626426,0.0,0.7355371900826446
guidebook_dae,647,0,324,0.49106489735568043,0.0,0.49586776859504134
guidebook_dae,648,0,324,0.49106489735568043,0.0,0.49586776859504134
guidebook_dae,649,0,325,0.4587667830253232,0.0,0.6453593170764887
guidebook_dae,650,0,325,0.4587667830253232,0.0,0.6453593170764887
guidebook_dae,651,0,326,0.33087294119547506,0.0,0.9044765840220386
guidebook_dae,652,0,326,0.33087294119547506,0.0,0.9044765840220386
guidebook_dae,653,0,327,0.3933861336789422,0.0,0.8059426229508196
guidebook_dae,654,0,327,0.3933861336789422,0.0,0.8059426229508196
guidebook_dae,655,0,328,0.4939700396220149,0.0,0.5404320987654321
guidebook_dae,656,0,328,0.4939700396220149,0.0,0.5404320987654321
guidebook_dae,657,0,329,0.3655309677032636,0.0,0.8806584362139918
guidebook_dae,658,0,329,0.3655309677032636,0.0,0.8806584362139918
guidebook_dae,659,0,330,0.306568395140117,0.0,0.9753592390204412
guidebook_dae,660,0,330,0.306568395140117,0.0,0.9753592390204412
guidebook_dae,661,0,331,0.30851739205662604,0.0,0.9546474849505153
guidebook_dae,662,0,331,0.30851739205662604,0.0,0.9546474849505153
guidebook_dae,663,0,332,0.4839658392104383,0.0,0.5826446280991735
guidebook_dae,664,0,332,0.4839658392104383,0.0,0.5826446280991735
guidebook_dae,665,0,333,0.4941778713131365,0.0,0.552880658436214
guidebook_dae,666,0,333,0.4941778713131365,0.0,0.552880658436214
guidebook_dae,667,0,334,0.2589703634928556,0.0,0.9834022038567494
guidebook_dae,668,0,334,0.2589703634928556,0.0,0.9834022038567494
guidebook_dae,669,0,335,0.4923445091101197,0.0,0.5216984661429106
guidebook_dae,670,0,335,0.4923445091101197,0.0,0.5216984661429106
guidebook_dae,671,0,336,0.4969229399589386,0.0,0.48770491803278687
guidebook_dae,672,0,336,0.4969229399589386,0.0,0.48770491803278687
guidebook_dae,673,0,337,0.27096696700773526,0.0,0.9711424004353297
guidebook_dae,674,0,337,0.27096696700773526,0.0,0.9711424004353297
guidebook_dae,675,0,338,0.43613855051367373,0.0,0.7080341417152147
guidebook_dae,676,0,338,0.43613855051367373,0.0,0.7080341417152147
guidebook_dae,677,0,339,0.3666811798392381,0.0,0.8507716049382716
guidebook_dae,678,0,339,0.3666811798392381,0.0,0.8507716049382716
guidebook_dae,679,0,340,0.5885858288289445,0.0,0.2572658402203857
guidebook_dae,680,0,340,0.5885858288289445,0.0,0.2572658402203857
guidebook_dae,681,0,341,0.5037108355653026,0.0,0.4897032922368243
guidebook_dae,682,0,341,0.5037108355653026,0.0,0.4897032922368243
guidebook_dae,683,0,342,0.580929358024697,0.0,0.3221311475409836
guidebook_dae,684,0,342,0.580929358024697,0.0,0.3221311475409836
guidebook_dae,685,0,343,0.4796494734423916,0.0,0.5892561983471074
guidebook_dae,686,0,343,0.4796494734423916,0.0,0.5892561983471074
guidebook_dae,687,0,344,0.3661421427599384,0.0,0.8556609869741183
guidebook_dae,688,0,344,0.3661421427599384,0.0,0.8556609869741183
guidebook_dae,689,0,345,0.4407598144308671,0.0,0.6419861807343179
guidebook_dae,690,0,345,0.4407598144308671,0.0,0.6419861807343179
guidebook_dae,691,0,346,0.38982193905459783,0.0,0.7933884297520661
guidebook_dae,692,0,346,0.3898219390545979,0.0,0.7933884297520661
guidebook_dae,693,0,347,0.43103241256963687,0.0,0.6756054779734197
guidebook_dae,694,0,347,0.43103241256963687,0.0,0.6756054779734197
guidebook_dae,695,0,348,0.4788368952463068,0.0,0.5669659558548448
guidebook_dae,696,0,348,0.4788368952463068,0.0,0.5669659558548448
guidebook_dae,697,0,349,0.42991224139739553,0.0,0.7053719008264463
guidebook_dae,698,0,349,0.42991224139739553,0.0,0.7053719008264463
guidebook_dae,699,0,350,0.37748863351636175,0.0,0.8431693989071039
guidebook_dae,700,0,350,0.37748863351636175,0.0,0.8431693989071039
guidebook_dae,701,0,351,0.5200222773157779,0.0,0.4564738292011019
guidebook_dae,702,0,351,0.5200222773157779,0.0,0.4564738292011019
guidebook_dae,703,0,352,0.4619019454608225,0.0,0.654320987654321
guidebook_dae,704,0,352,0.4619019454608225,0.0,0.654320987654321
guidebook_dae,705,0,353,0.44953694445518055,0.0,0.6845385674931129
guidebook_dae,706,0,353,0.44953694445518055,0.0,0.6845385674931129
guidebook_dae,707,0,354,0.4364819089924204,0.0,0.6900826446280992
guidebook_dae,708,0,354,0.4364819089924204,0.0,0.6900826446280992
guidebook_dae,709,0,355,0.36810979271885286,0.0,0.8140495867768596
guidebook_dae,710,0,355,0.36810979271885286,0.0,0.8140495867768596
guidebook_dae,711,0,356,0.6330692264592379,0.1,0.23643250688705233
guidebook_dae,712,0,356,0.6330692264592379,0.1,0.23643250688705233
guidebook_dae,713,0,357,0.5598734406228301,0.0,0.39008264462809916
guidebook_dae,714,0,357,0.5598734406228301,0.0,0.39008264462809916
guidebook_dae,715,0,358,0.4129772318833419,0.0,0.756198347107438
guidebook_dae,716,0,358,0.4129772318833419,0.0,0.756198347107438
guidebook_dae,717,0,359,0.5275423299024309,0.0,0.4067493112947659
guidebook_dae,718,0,359,0.5275423299024309,0.0,0.4067493112947659
guidebook_dae,719,0,360,0.6083816797716982,0.0,0.11618457300275482
guidebook_dae,720,0,360,0.6083816797716982,0.0,0.11618457300275482
guidebook_dae,721,0,361,0.67715051641559,0.0,0.06611570247933884
guidebook_dae,722,0,362,0.5446087601875618,0.0,0.3456509958000271
guidebook_dae,723,0,362,0.5446087601875618,0.0,0.3456509958000271
guidebook_dae,724,0,361,0.67715051641559,0.0,0.06611570247933884
guidebook_dae,725,0,363,0.4979254125930887,0.0,0.4907407407407407
guidebook_dae,726,0,363,0.4979254125930887,0.0,0.4907407407407407
guidebook_dae,727,0,364,0.6266363189773902,0.0,0.2190082644628099
guidebook_dae,728,0,364,0.6266363189773902,0.0,0.2190082644628099
guidebook_dae,729,0,365,0.4734002707532108,0.0,0.5835288916096997
guidebook_dae,730,0,365,0.4734002707532108,0.0,0.5835288916096997
guidebook_dae,731,0,366,0.4122207962182796,0.0,0.7396694214876033
guidebook_dae,732,0,366,0.4122207962182796,0.0,0.7396694214876033
guidebook_dae,733,0,367,0.5439091905122148,0.0,0.40661157024793393
guidebook_dae,734,0,368,0.5341123635854429,0.0,0.46597285991225385
guidebook_dae,735,0,368,0.5341123635854429,0.0,0.4639152467435296
guidebook_dae,736,0,367,0.5439091905122148,0.0,0.40661157024793393
guidebook_dae,737,0,369,0.3913670811550639,0.0,0.8181818181818182
guidebook_dae,738,0,369,0.3913670811550639,0.0,0.8181818181818182
guidebook_dae,739,0,370,0.47824720883189553,0.0,0.5661157024793388
guidebook_dae,740,0,371,0.529680582579661,0.0,0.4083333333333333
guidebook_dae,741,0,371,0.529680582579661,0.0,0.4083333333333333
guidebook_dae,742,0,370,0.47824720883189553,0.0,0.5661157024793388
guidebook_dae,743,0,372,0.574678133021865,0.0,0.36651234567901236
guidebook_dae,744,0,372,0.574678133021865,0.0,0.36651234567901236
guidebook_dae,745,0,373,0.5512954946354908,0.0,0.39917695473251025
guidebook_dae,746,0,373,0.5512954946354908,0.0,0.39917695473251025
guidebook_dae,747,0,374,0.5103893246897057,0.0,0.47107438016528924
guidebook_dae,748,0,375,0.4419180201345216,0.0,0.6583796233572686
guidebook_dae,749,0,375,0.4419180201345216,0.0,0.6583796233572686
guidebook_dae,750,0,374,0.5103893246897057,0.0,0.47107438016528924
guidebook_dae,751,0,376,0.5409852421563346,0.0,0.3870884773662552
guidebook_dae,752,0,376,0.5409852421563346,0.0,0.3870884773662552
guidebook_dae,753,0,377,0.5178933958027059,0.0,0.4590163934426229
guidebook_dae,754,0,377,0.5178933958027059,0.0,0.4590163934426229
guidebook_dae,755,0,378,0.45989805033261677,0.0,0.5916666666666667
guidebook_dae,756,0,378,0.45989805033261677,0.0,0.5916666666666667
guidebook_dae,757,0,379,0.4777874071030265,0.0,0.5578512396694215
guidebook_dae,758,0,380,0.6060899556684632,0.0,0.3045267489711934
guidebook_dae,759,0,379,0.4777874071030265,0.0,0.5578512396694215
guidebook_dae,760,0,380,0.6060899556684632,0.0,0.3045267489711934
guidebook_dae,761,0,381,0.5353653022277591,0.0,0.4156957051889988
guidebook_dae,762,0,381,0.5353653022277591,0.0,0.4156957051889988
guidebook_dae,763,0,382,0.464230039008992,0.0,0.6397633744855967
guidebook_dae,764,0,382,0.464230039008992,0.0,0.6397633744855967
guidebook_dae,765,0,383,0.5088131522016106,0.0,0.4398071625344353
guidebook_dae,766,0,384,0.3220868003376507,0.0,0.9178641300681374
guidebook_dae,767,0,384,0.3220868003376507,0.0,0.9178641300681374
guidebook_dae,768,0,383,0.5088131522016106,0.0,0.4398071625344353
guidebook_dae,769,0,385,0.5442747260684888,0.0,0.4190771349862259
guidebook_dae,770,0,385,0.5442747260684888,0.0,0.4190771349862259
guidebook_dae,771,0,386,0.5348334458463087,0.0,0.4403874813710879
guidebook_dae,772,0,386,0.5348334458463087,0.0,0.4403874813710879
guidebook_dae,773,0,387,0.5266094186074671,0.0,0.4597830153385709
guidebook_dae,774,0,388,0.4743638260682518,0.0,0.6306818181818181
guidebook_dae,775,0,388,0.4743638260682518,0.0,0.6306818181818181
guidebook_dae,776,0,389,0.5258676156445798,0.0,0.4646694214876033
guidebook_dae,777,0,387,0.5266094186074671,0.0,0.4597830153385709
guidebook_dae,778,0,389,0.5258676156445798,0.0,0.4646694214876033
guidebook_dae,779,0,390,0.5254436140359194,0.0,0.46311475409836067
guidebook_dae,780,0,390,0.5254436140359194,0.0,0.4651639344262295
guidebook_dae,781,0,391,0.4154178892671161,0.0,0.7520661157024793
guidebook_dae,782,0,392,0.5220061829549397,0.0,0.48259461647439794
guidebook_dae,783,0,391,0.4154178892671161,0.0,0.7520661157024793
guidebook_dae,784,0,392,0.5220061829549397,0.0,0.48259461647439794
guidebook_dae,785,0,393,0.45914104829659885,0.0,0.6685185185185185
guidebook_dae,786,0,393,0.45914104829659885,0.0,0.6685185185185185
guidebook_dae,787,0,394,0.4132125793375578,0.0,0.7654789323939846
guidebook_dae,788,0,394,0.4132125793375578,0.0,0.7654789323939846
guidebook_dae,789,0,395,0.493737930717995,0.0,0.5045765027322404
guidebook_dae,790,0,395,0.493737930717995,0.0,0.5045765027322404
guidebook_dae,791,0,396,0.5795719464009327,0.0,0.3194214876033058
guidebook_dae,792,0,396,0.5795719464009326,0.0,0.3194214876033058
guidebook_dae,793,0,397,0.47005539134090507,0.0,0.643724279835391
guidebook_dae,794,0,397,0.47005539134090507,0.0,0.643724279835391
guidebook_dae,795,0,398,0.3865613915638013,0.0,0.859504132231405
guidebook_dae,796,0,398,0.3865613915638013,0.0,0.859504132231405
guidebook_dae,797,0,399,0.5146936655169755,0.0,0.4568147947432597
guidebook_dae,798,0,399,0.5146936655169755,0.0,0.4568147947432597
guidebook_dae,799,0,400,0.3565223482069726,0.0,0.9132231404958677
guidebook_dae,800,0,401,0.4788756304509444,0.0,0.6041050232969425
guidebook_dae,801,0,400,0.3565223482069726,0.0,0.9132231404958677
guidebook_dae,802,0,401,0.4788756304509444,0.0,0.6041050232969425
guidebook_dae,803,0,402,0.38115263934857363,0.0,0.8714187327823691
guidebook_dae,804,0,403,0.4678248762771333,0.0,0.6074380165289257
guidebook_dae,805,0,402,0.38115263934857363,0.0,0.8714187327823691
guidebook_dae,806,0,403,0.4678248762771333,0.0,0.6074380165289257
guidebook_dae,807,0,404,0.5181085008869577,0.0,0.4823559670781893
guidebook_dae,808,0,405,0.47463657804958403,0.0,0.5682851239669422
guidebook_dae,809,0,405,0.47463657804958403,0.0,0.5682851239669422
guidebook_dae,810,0,404,0.5181085008869577,0.0,0.4823559670781893
guidebook_dae,811,0,406,0.4493150675066377,0.0,0.6612704918032788
guidebook_dae,812,0,406,0.4493150675066377,0.0,0.6612704918032788
guidebook_dae,813,0,407,0.5579262429280424,0.0,0.38281893004115225
guidebook_dae,814,0,407,0.5579262429280424,0.0,0.38281893004115225
guidebook_dae,815,0,408,0.6830112568583082,0.1,0.19008264462809918
guidebook_dae,816,0,408,0.6830112568583082,0.1,0.19008264462809918
guidebook_dae,817,0,409,0.6360302549893266,0.0,0.21152263374485597
guidebook_dae,818,0,409,0.6360302549893266,0.0,0.21152263374485597
guidebook_dae,819,0,410,0.4471373372464959,0.0,0.7208333333333333
guidebook_dae,820,0,410,0.4471373372464959,0.0,0.7208333333333333
guidebook_dae,821,0,411,0.30652796014366995,0.0,0.9381147540983606
guidebook_dae,822,0,411,0.30652796014366995,0.0,0.9381147540983606
guidebook_dae,823,0,412,0.44663004371789305,0.0,0.7125413209201916
guidebook_dae,824,0,412,0.44663004371789305,0.0,0.7125413209201916
guidebook_dae,825,0,413,0.45681066874716486,0.0,0.6680096418732782
guidebook_dae,826,0,413,0.45681066874716486,0.0,0.6680096418732782
guidebook_dae,827,0,414,0.5319042609021981,0.0,0.4556847940686325
guidebook_dae,828,0,414,0.5319042609021981,0.0,0.4556847940686325
guidebook_dae,829,0,415,0.4859439044353449,0.0,0.5352617079889808
guidebook_dae,830,0,415,0.4859439044353449,0.0,0.5352617079889808
guidebook_dae,831,0,416,0.5129789530073448,0.0,0.5103994490358127
guidebook_dae,832,0,416,0.5129789530073448,0.0,0.5103994490358127
guidebook_dae,833,0,417,0.5187575463991092,0.0,0.47933884297520657
guidebook_dae,834,0,417,0.5187575463991092,0.0,0.47933884297520657
guidebook_dae,835,0,418,0.40686943734374664,0.0,0.8062102506546951
guidebook_dae,836,0,418,0.40686943734374664,0.0,0.8062102506546951
guidebook_dae,837,0,419,0.4827076393702353,0.0,0.5901234567901235
guidebook_dae,838,0,419,0.4827076393702353,0.0,0.5901234567901235
guidebook_dae,839,0,420,0.5563183364177553,0.0,0.35398320010838635
guidebook_dae,840,0,420,0.5563183364177553,0.0,0.35398320010838635
guidebook_dae,841,0,421,0.4464569878914559,0.0,0.6694214876033058
guidebook_dae,842,0,421,0.4464569878914559,0.0,0.6694214876033058
guidebook_dae,843,0,422,0.3952082219294406,0.0,0.8009641873278237
guidebook_dae,844,0,422,0.3952082219294406,0.0,0.8009641873278237
guidebook_dae,845,0,423,0.4861471719829463,0.0,0.5228305785123968
guidebook_dae,846,0,423,0.4861471719829463,0.0,0.5228305785123968
guidebook_dae,847,0,424,0.5892092448464001,0.0,0.21990358126721765
guidebook_dae,848,0,424,0.5892092448464001,0.0,0.21990358126721765
guidebook_dae,849,0,425,0.4100333841036078,0.0,0.7654450616447636
guidebook_dae,850,0,425,0.4100333841036078,0.0,0.7654450616447636
guidebook_dae,851,0,426,0.415535145614881,0.0,0.7625
guidebook_dae,852,0,426,0.415535145614881,0.0,0.7625
guidebook_dae,853,0,427,0.38384682950498195,0.0,0.8467592592592592
guidebook_dae,854,0,427,0.38384682950498195,0.0,0.8467592592592592
guidebook_dae,855,0,428,0.45976637141814836,0.0,0.6272119341563785
guidebook_dae,856,0,428,0.45976637141814836,0.0,0.6272119341563785
guidebook_dae,857,0,429,0.5821437901766643,0.0,0.25776281331836887
guidebook_dae,858,0,429,0.5821437901766643,0.0,0.25776281331836887
guidebook_dae,859,0,430,0.455722469634179,0.0,0.6577220011563446
guidebook_dae,860,0,431,0.4586443612453873,0.0,0.5967009890258772
guidebook_dae,861,0,430,0.455722469634179,0.0,0.6577220011563446
guidebook_dae,862,0,431,0.4586443612453873,0.0,0.5967009890258772
guidebook_dae,863,0,432,0.5071325873376294,0.0,0.481301652892562
guidebook_dae,864,0,432,0.5071325873376294,0.0,0.481301652892562
guidebook_dae,865,0,433,0.582647018162544,0.0,0.22988683127572018
guidebook_dae,866,0,433,0.582647018162544,0.0,0.22988683127572018
guidebook_dae,867,0,434,0.41432498303922394,0.0,0.7480874316939892
guidebook_dae,868,0,434,0.41432498303922394,0.0,0.7480874316939892
guidebook_dae,869,0,435,0.39055429974865286,0.0,0.8471074380165289
guidebook_dae,870,0,435,0.39055429974865286,0.0,0.8471074380165289
guidebook_dae,871,0,436,0.39148513755264963,0.0,0.8083333333333333
guidebook_dae,872,0,436,0.39148513755264963,0.0,0.8083333333333333
guidebook_dae,873,0,437,0.4286342192983403,0.0,0.743801652892562
guidebook_dae,874,0,437,0.4286342192983403,0.0,0.743801652892562
guidebook_dae,875,0,438,0.5621130710975952,0.0,0.3690609801720913
guidebook_dae,876,0,438,0.5621130710975952,0.0,0.3690609801720913
guidebook_dae,877,0,439,0.5183119798878761,0.0,0.45457650273224043
guidebook_dae,878,0,439,0.5183119798878761,0.0,0.45457650273224043
guidebook_dae,879,0,440,0.5004799612138271,0.0,0.5454545454545454
guidebook_dae,880,0,440,0.5004799612138271,0.0,0.5454545454545454
guidebook_dae,881,0,441,0.4668423740760531,0.0,0.6375
guidebook_dae,882,0,441,0.4668423740760531,0.0,0.6375
guidebook_dae,883,0,442,0.4182510758967746,0.0,0.7238206985681733
guidebook_dae,884,0,442,0.4182510758967746,0.0,0.7238206985681733
guidebook_dae,885,0,443,0.5040109643591928,0.0,0.5176172499404823
guidebook_dae,886,0,443,0.5040109643591928,0.0,0.5176172499404823
guidebook_dae,887,0,444,0.38501043895512554,0.0,0.8598272285140972
guidebook_dae,888,0,444,0.38501043895512554,0.0,0.8598272285140972
guidebook_dae,889,0,445,0.4657149633314329,0.0,0.588477366255144
guidebook_dae,890,0,445,0.4657149633314329,0.0,0.588477366255144
guidebook_dae,891,0,446,0.42543237723240485,0.0,0.7676652892561984
guidebook_dae,892,0,446,0.42543237723240485,0.0,0.7676652892561984
guidebook_dae,893,0,447,0.5450398656716385,0.0,0.371900826446281
guidebook_dae,894,0,447,0.5450398656716385,0.0,0.371900826446281
guidebook_dae,895,0,448,0.5377423661167795,0.0,0.3609159779614325
guidebook_dae,896,0,448,0.5377423661167795,0.0,0.3609159779614325
guidebook_dae,897,0,449,0.5362422445050338,0.0,0.384297520661157
guidebook_dae,898,0,449,0.5362422445050338,0.0,0.384297520661157
guidebook_dae,899,0,450,0.42637802816467996,0.0,0.746935261707989
guidebook_dae,900,0,450,0.42637802816467996,0.0,0.746935261707989
guidebook_dae,901,0,451,0.4849475497095118,0.0,0.5843381655602222
guidebook_dae,902,0,451,0.4849475497095118,0.0,0.5843381655602222
guidebook_dae,903,0,452,0.4137318359362263,0.0,0.7649729619426588
guidebook_dae,904,0,452,0.4137318359362263,0.0,0.7649729619426588
guidebook_dae,905,0,453,0.5371085720572772,0.0,0.4125
guidebook_dae,906,0,453,0.5371085720572772,0.0,0.4125
guidebook_dae,907,0,454,0.5881301303609698,0.0,0.26143250688705233
guidebook_dae,908,0,454,0.5881301303609698,0.0,0.26143250688705233
guidebook_dae,909,0,455,0.5809934721078736,0.0,0.3128600823045268
guidebook_dae,910,0,455,0.5809934721078736,0.0,0.3128600823045268
guidebook_dae,911,0,456,0.5809428749318462,0.0,0.3290637860082305
guidebook_dae,912,0,456,0.5809428749318462,0.0,0.3290637860082305
guidebook_dae,913,0,457,0.48082988133079374,0.0,0.5785519125683061
guidebook_dae,914,0,457,0.48082988133079374,0.0,0.5785519125683061
guidebook_dae,915,0,458,0.63107002302246,0.0,0.1639344262295082
guidebook_dae,916,0,458,0.63107002302246,0.0,0.1639344262295082
guidebook_dae,917,0,459,0.537610402683323,0.0,0.4197940658447365
guidebook_dae,918,0,459,0.537610402683323,0.0,0.4197940658447365
guidebook_dae,919,0,460,0.5150585797710505,0.0,0.4115973445332611
guidebook_dae,920,0,460,0.5150585797710505,0.0,0.4115973445332611
guidebook_dae,921,0,461,0.48628290923859774,0.0,0.5578512396694215
guidebook_dae,922,0,461,0.48628290923859774,0.0,0.5578512396694215
guidebook_dae,923,0,462,0.33584377783681224,0.0,0.8966942148760331
guidebook_dae,924,0,463,0.42737970740141823,0.0,0.6942148760330579
guidebook_dae,925,0,462,0.33584377783681224,0.0,0.8966942148760331
guidebook_dae,926,0,463,0.42737970740141823,0.0,0.6942148760330579
guidebook_dae,927,0,464,0.43416272427184815,0.0,0.709366391184573
guidebook_dae,928,0,464,0.43416272427184815,0.0,0.709366391184573
guidebook_dae,929,0,465,0.5391727332494081,0.0,0.41494490358126723
guidebook_dae,930,0,465,0.5391727332494081,0.0,0.41494490358126723
guidebook_dae,931,0,466,0.5368302603566768,0.0,0.42320936639118456
guidebook_dae,932,0,466,0.5368302603566768,0.0,0.42320936639118456
guidebook_dae,933,0,467,0.42841356043157697,0.0,0.7031425364758699
guidebook_dae,934,0,467,0.42841356043157697,0.0,0.7031425364758699
guidebook_dae,935,0,468,0.5366498146741232,0.0,0.38263785394932937
guidebook_dae,936,0,468,0.5366498146741232,0.0,0.38263785394932937
guidebook_dae,937,0,469,0.42041591748229923,0.0,0.6983471074380165
guidebook_dae,938,0,469,0.42041591748229923,0.0,0.6983471074380165
guidebook_dae,939,0,470,0.5771625523233206,0.0,0.33061795857788573
guidebook_dae,940,0,470,0.5771625523233206,0.0,0.33061795857788573
guidebook_dae,941,0,471,0.4136696603760758,0.0,0.7336065573770492
guidebook_dae,942,0,471,0.4136696603760758,0.0,0.7336065573770492
guidebook_dae,943,0,472,0.4865069826282653,0.0,0.5228650137741047
guidebook_dae,944,0,472,0.4865069826282653,0.0,0.5228650137741047
guidebook_dae,945,0,473,0.6029252260740932,0.0,0.22083333333333333
guidebook_dae,946,0,473,0.6029252260740932,0.0,0.22083333333333333
guidebook_dae,947,0,474,0.455498546208499,0.0,0.6347796143250689
guidebook_dae,948,0,474,0.455498546208499,0.0,0.6347796143250689
guidebook_dae,949,0,475,0.5127678623806939,0.0,0.49596994535519123
guidebook_dae,950,0,475,0.5127678623806939,0.0,0.49596994535519123
guidebook_dae,951,0,476,0.4086612513504934,0.0,0.7773526510900248
guidebook_dae,952,0,476,0.4086612513504934,0.0,0.7773526510900248
guidebook_dae,953,0,477,0.38288182263663,0.0,0.827055954477713
guidebook_dae,954,0,477,0.38288182263663,0.0,0.827055954477713
guidebook_dae,955,0,478,0.469387293371429,0.0,0.578512396694215
guidebook_dae,956,0,478,0.469387293371429,0.0,0.578512396694215
guidebook_dae,957,0,479,0.5580074011765961,0.0,0.34289617486338797
guidebook_dae,958,0,479,0.5580074011765961,0.0,0.34289617486338797
guidebook_dae,959,0,480,0.2946155390030686,0.0,0.9585055096418733
guidebook_dae,960,0,480,0.2946155390030686,0.0,0.9585055096418733
guidebook_dae,961,0,481,0.37091519898047176,0.0,0.8148963555073838
guidebook_dae,962,0,481,0.37091519898047176,0.0,0.8148963555073838
guidebook_dae,963,0,482,0.5978596826342253,0.0,0.23233471074380166
guidebook_dae,964,0,482,0.5978596826342253,0.0,0.23233471074380166
guidebook_dae,965,0,483,0.38347324787263315,0.0,0.8458333333333333
guidebook_dae,966,0,483,0.38347324787263315,0.0,0.8458333333333333
guidebook_dae,967,0,484,0.5664805030974012,0.0,0.36077951229466376
guidebook_dae,968,0,484,0.5664805030974012,0.0,0.36077951229466376
guidebook_dae,969,0,485,0.6729532459264672,0.1,0.09727366255144032
guidebook_dae,970,0,485,0.6729532459264672,0.1,0.09727366255144032
guidebook_dae,971,0,486,0.6237316593228425,0.1,0.2592805852865465
guidebook_dae,972,0,486,0.6237316593228425,0.1,0.2592805852865465
guidebook_dae,973,0,487,0.39365454996027727,0.0,0.7846193415637861
guidebook_dae,974,0,487,0.39365454996027727,0.0,0.7846193415637861
guidebook_dae,975,0,488,0.4459938737354511,0.0,0.6516393442622951
guidebook_dae,976,0,488,0.4459938737354511,0.0,0.6516393442622951
guidebook_dae,977,0,489,0.419794141500838,0.0,0.7437841530054645
guidebook_dae,978,0,489,0.419794141500838,0.0,0.7437841530054645
guidebook_dae,979,0,490,0.6118979775583896,0.0,0.2263374485596708
guidebook_dae,980,0,490,0.6118979775583896,0.0,0.2263374485596708
guidebook_dae,981,0,491,0.42447962508811843,0.0,0.7560792349726776
guidebook_dae,982,0,491,0.42447962508811843,0.0,0.7560792349726776
guidebook_dae,983,0,492,0.5986223684190242,0.0,0.2892561983471075
guidebook_dae,984,0,492,0.5986223684190242,0.0,0.2892561983471075
guidebook_dae,985,0,493,0.6291479811430257,0.0,0.14462809917355374
guidebook_dae,986,0,493,0.6291479811430257,0.0,0.14462809917355374
guidebook_dae,987,0,494,0.4611408617575802,0.0,0.6329626228616128
guidebook_dae,988,0,494,0.4611408617575802,0.0,0.6329626228616128
guidebook_dae,989,0,495,0.4436817951927985,0.0,0.6996680666576345
guidebook_dae,990,0,495,0.4436817951927985,0.0,0.6996680666576345
guidebook_dae,991,0,496,0.4252156490674812,0.0,0.7325102880658436
guidebook_dae,992,0,496,0.4252156490674812,0.0,0.7325102880658436
guidebook_dae,993,0,497,0.5087647029892669,0.0,0.47916666666666663
guidebook_dae,994,0,497,0.5087647029892669,0.0,0.47916666666666663
guidebook_dae,995,0,498,0.4040886120932945,0.0,0.7520661157024794
guidebook_dae,996,0,498,0.4040886120932945,0.0,0.7520661157024794
guidebook_dae,997,0,499,0.46880894176995425,0.0,0.5843720363094431
guidebook_dae,998,0,499,0.46880894176995425,0.0,0.5843720363094431
guidebook_dae,999,0,500,0.36388117082455435,0.0,0.8483606557377049
guidebook_dae,1000,0,500,0.36388117082455435,0.0,0.8483606557377049
guidebook_dae,1001,0,501,0.3688247280494904,0.0,0.859504132231405
guidebook_dae,1002,0,501,0.3688247280494904,0.0,0.859504132231405
guidebook_dae,1003,0,502,0.4601457208469405,0.0,0.6679407713498623
guidebook_dae,1004,0,502,0.4601457208469405,0.0,0.6679407713498623
guidebook_dae,1005,0,503,0.6307273561018698,0.0,0.13165560222192113
guidebook_dae,1006,0,503,0.6307273561018698,0.0,0.13165560222192113
guidebook_dae,1007,0,504,0.44292550856390145,0.0,0.686596605788525
guidebook_dae,1008,0,504,0.44292550856390145,0.0,0.686596605788525
guidebook_dae,1009,0,505,0.6065292215506218,0.0,0.2612258953168044
guidebook_dae,1010,0,505,0.6065292215506218,0.0,0.2612258953168044
guidebook_dae,1011,0,506,0.3906514205398327,0.0,0.7930041152263374
guidebook_dae,1012,0,506,0.3906514205398327,0.0,0.7930041152263374
guidebook_dae,1013,0,507,0.46732884157531923,0.0,0.5942622950819672
guidebook_dae,1014,0,507,0.46732884157531923,0.0,0.5942622950819672
guidebook_dae,1015,0,508,0.4547747933587127,0.0,0.6652892561983471
guidebook_dae,1016,0,508,0.4547747933587127,0.0,0.6652892561983471
guidebook_dae,1017,0,509,0.35396406205365566,0.0,0.8921143250688706
guidebook_dae,1018,0,509,0.35396406205365566,0.0,0.8921143250688706
guidebook_dae,1019,0,510,0.5436425513590583,0.0,0.3839641098293193
guidebook_dae,1020,0,510,0.5436425513590583,0.0,0.3839641098293193
guidebook_dae,1021,0,511,0.6575569459084464,0.1,0.08265027322404371
guidebook_dae,1022,0,511,0.6575569459084464,0.1,0.08265027322404371
guidebook_dae,1023,0,512,0.4844397897945617,0.0,0.566999965989865
guidebook_dae,1024,0,512,0.4844397897945617,0.0,0.566999965989865
guidebook_dae,1025,0,513,0.5221321334664148,0.0,0.46890495867768595
guidebook_dae,1026,0,513,0.5221321334664148,0.0,0.46890495867768595
guidebook_dae,1027,0,514,0.5310010147366425,0.0,0.39669421487603307
guidebook_dae,1028,0,514,0.5310010147366425,0.0,0.39669421487603307
guidebook_dae,1029,0,515,0.5384420703672395,0.0,0.4156618344397778
guidebook_dae,1030,0,516,0.4808397739187506,0.0,0.5413223140495868
guidebook_dae,1031,0,516,0.4808397739187506,0.0,0.5413223140495868
guidebook_dae,1032,0,515,0.5384420703672395,0.0,0.4156618344397778
guidebook_dae,1033,0,517,0.5383768003793634,0.0,0.36101928374655645
guidebook_dae,1034,0,517,0.5383768003793634,0.0,0.36101928374655645
guidebook_dae,1035,0,518,0.3090319842659613,0.0,0.9419077134986226
guidebook_dae,1036,0,518,0.30903198426596123,0.0,0.9419077134986226
guidebook_dae,1037,0,519,0.5422781495112098,0.0,0.4061490324116587
guidebook_dae,1038,0,519,0.5422781495112098,0.0,0.4061490324116587
guidebook_dae,1039,0,520,0.37509102019726304,0.0,0.8515287555691595
guidebook_dae,1040,0,520,0.37509102019726304,0.0,0.8515287555691595
guidebook_dae,1041,0,521,0.582812287939372,0.0,0.3080516764487621
guidebook_dae,1042,0,521,0.582812287939372,0.0,0.3080516764487621
guidebook_dae,1043,0,522,0.4341395261963207,0.0,0.71900826446281
guidebook_dae,1044,0,522,0.4341395261963207,0.0,0.7210743801652892
guidebook_dae,1045,0,523,0.5432810626782926,0.0,0.4444181005283837
guidebook_dae,1046,0,523,0.5432810626782926,0.0,0.4444181005283837
guidebook_dae,1047,0,524,0.48197653292430537,0.0,0.5360932557902255
guidebook_dae,1048,0,524,0.4819765329243054,0.0,0.5340271400877461
guidebook_dae,1049,0,525,0.6202944277115361,0.0,0.14049586776859505
guidebook_dae,1050,0,525,0.6202944277115361,0.0,0.14049586776859505
guidebook_dae,1051,0,526,0.5018869093866837,0.0,0.47307162534435265
guidebook_dae,1052,0,526,0.5018869093866837,0.0,0.47307162534435265
guidebook_dae,1053,0,527,0.3959297147977699,0.0,0.8144407033295922
guidebook_dae,1054,0,527,0.3959297147977699,0.0,0.8144407033295922
guidebook_dae,1055,0,528,0.528687501310535,0.0,0.40922131147540985
guidebook_dae,1056,0,528,0.528687501310535,0.0,0.40922131147540985
guidebook_dae,1057,0,529,0.3867909929465507,0.0,0.8515457606366698
guidebook_dae,1058,0,529,0.3867909929465507,0.0,0.8515457606366698
guidebook_dae,1059,0,530,0.44800666940917944,0.0,0.6755886122917087
guidebook_dae,1060,0,530,0.44800666940917944,0.0,0.6755886122917087
guidebook_dae,1061,0,531,0.5317123853221546,0.0,0.4730027548209367
guidebook_dae,1062,0,531,0.5317123853221546,0.0,0.4730027548209367
guidebook_dae,1063,0,532,0.4811040889504442,0.0,0.5934527423598461
guidebook_dae,1064,0,532,0.4811040889504442,0.0,0.5934527423598461
guidebook_dae,1065,0,533,0.559117552611039,0.0,0.33195592286501374
guidebook_dae,1066,0,533,0.559117552611039,0.0,0.33195592286501374
guidebook_dae,1067,0,534,0.5080913969921856,0.0,0.4774420810188321
guidebook_dae,1068,0,534,0.5080913969921856,0.0,0.4774420810188321
guidebook_dae,1069,0,535,0.4962876401056492,0.0,0.5340441451552562
guidebook_dae,1070,0,535,0.4962876401056492,0.0,0.5340441451552562
guidebook_dae,1071,0,536,0.43005919800436915,0.0,0.715420195218175
guidebook_dae,1072,0,536,0.43005919800436915,0.0,0.715420195218175
guidebook_dae,1073,0,537,0.3227032729612623,0.0,0.9458333333333333
guidebook_dae,1074,0,537,0.3227032729612623,0.0,0.9458333333333333
guidebook_dae,1075,0,538,0.33060492765105587,0.0,0.9344262295081968
guidebook_dae,1076,0,538,0.33060492765105587,0.0,0.9344262295081968
guidebook_dae,1077,0,539,0.49509633180973467,0.0,0.48353825136612016
guidebook_dae,1078,0,539,0.49509633180973467,0.0,0.48353825136612016
guidebook_dae,1079,0,540,0.5195023404419754,0.0,0.4147382920110193
guidebook_dae,1080,0,540,0.5195023404419754,0.0,0.4147382920110193
guidebook_dae,1081,0,541,0.4520565951968014,0.0,0.6565329218106996
guidebook_dae,1082,0,541,0.4520565951968014,0.0,0.6565329218106996
guidebook_dae,1083,0,542,0.5132472580504099,0.0,0.4834710743801653
guidebook_dae,1084,0,542,0.5132472580504099,0.0,0.4834710743801653
guidebook_dae,1085,0,543,0.3051841410608691,0.0,0.9344262295081968
guidebook_dae,1086,0,543,0.3051841410608691,0.0,0.9344262295081968
guidebook_dae,1087,0,544,0.5813168189760493,0.0,0.2625
guidebook_dae,1088,0,544,0.5813168189760493,0.0,0.2625
guidebook_dae,1089,0,545,0.42505890249363787,0.0,0.724802671523983
guidebook_dae,1090,0,545,0.42505890249363787,0.0,0.724802671523983
guidebook_dae,1091,0,546,0.5500012153200504,0.0,0.3611914600550964
guidebook_dae,1092,0,546,0.5500012153200504,0.0,0.3611914600550964
guidebook_dae,1093,0,547,0.4478517312278618,0.0,0.6692622950819672
guidebook_dae,1094,0,547,0.4478517312278618,0.0,0.6692622950819672
guidebook_dae,1095,0,548,0.5899483342120216,0.0,0.2386871697601951
guidebook_dae,1096,0,548,0.5899483342120216,0.0,0.2386871697601951
guidebook_dae,1097,0,549,0.43050613809150146,0.0,0.6846418732782369
guidebook_dae,1098,0,549,0.43050613809150146,0.0,0.6846418732782369
guidebook_dae,1099,0,550,0.40579887014647253,0.0,0.7941674569841485
guidebook_dae,1100,0,550,0.40579887014647253,0.0,0.7941674569841485
guidebook_dae,1101,0,551,0.3816101622513385,0.0,0.8140495867768596
guidebook_dae,1102,0,551,0.3816101622513385,0.0,0.8140495867768596
guidebook_dae,1103,0,552,0.37738452162205843,0.0,0.8680406761214843
guidebook_dae,1104,0,552,0.37738452162205843,0.0,0.8680406761214843
guidebook_dae,1105,0,553,0.4823564441664224,0.0,0.5743801652892562
guidebook_dae,1106,0,553,0.4823564441664224,0.0,0.5743801652892562
guidebook_dae,1107,0,554,0.46912826844136435,0.0,0.610655737704918
guidebook_dae,1108,0,554,0.46912826844136435,0.0,0.610655737704918
guidebook_dae,1109,0,555,0.49796948509602,0.0,0.4834710743801653
guidebook_dae,1110,0,555,0.49796948509602,0.0,0.4834710743801653
guidebook_dae,1111,0,556,0.42117400234171154,0.0,0.7231404958677686
guidebook_dae,1112,0,556,0.42117400234171154,0.0,0.7231404958677686
guidebook_dae,1113,0,557,0.3846057155719976,0.0,0.8208333333333333
guidebook_dae,1114,0,557,0.3846057155719976,0.0,0.8208333333333333
guidebook_dae,1115,0,558,0.5485682335980504,0.0,0.3579799485164612
guidebook_dae,1116,0,558,0.5485682335980504,0.0,0.3579799485164612
guidebook_dae,1117,0,559,0.3748487823974497,0.0,0.8507231404958677
guidebook_dae,1118,0,559,0.3748487823974497,0.0,0.8507231404958677
guidebook_dae,1119,0,560,0.481028522677056,0.0,0.5769749713283411
guidebook_dae,1120,0,560,0.481028522677056,0.0,0.5769749713283411
guidebook_dae,1121,0,561,0.4628969879361837,0.0,0.6191872427983539
guidebook_dae,1122,0,561,0.4628969879361837,0.0,0.6191872427983539
guidebook_dae,1123,0,562,0.4420713219150628,0.0,0.6742339217086692
guidebook_dae,1124,0,562,0.4420713219150628,0.0,0.6742339217086692
guidebook_dae,1125,0,563,0.3714990818099028,0.0,0.8645011131349929
guidebook_dae,1126,0,563,0.3714990818099028,0.0,0.8645011131349929
guidebook_dae,1127,0,564,0.4138529844459324,0.0,0.768595041322314
guidebook_dae,1128,0,564,0.4138529844459324,0.0,0.768595041322314
guidebook_dae,1129,0,565,0.561466783742056,0.0,0.3786411055412546
guidebook_dae,1130,0,565,0.561466783742056,0.0,0.3786411055412546
guidebook_dae,1131,0,566,0.4695636040020899,0.0,0.594238683127572
guidebook_dae,1132,0,566,0.4695636040020899,0.0,0.594238683127572
guidebook_dae,1133,0,567,0.48404859286606794,0.0,0.5684917355371901
guidebook_dae,1134,0,567,0.48404859286606794,0.0,0.5684917355371901
guidebook_dae,1135,0,568,0.515890636076921,0.0,0.506232217856659
guidebook_dae,1136,0,568,0.515890636076921,0.0,0.506232217856659
guidebook_dae,1137,0,569,0.41327246037963655,0.0,0.7283227204985774
guidebook_dae,1138,0,569,0.41327246037963655,0.0,0.7283227204985774
guidebook_dae,1139,0,570,0.4719851530695506,0.0,0.5864754098360656
guidebook_dae,1140,0,570,0.4719851530695506,0.0,0.5864754098360656
guidebook_dae,1141,0,571,0.4434706631539271,0.0,0.734573002754821
guidebook_dae,1142,0,571,0.4434706631539271,0.0,0.734573002754821
guidebook_dae,1143,0,572,0.4491880327181845,0.0,0.69533261075735
guidebook_dae,1144,0,572,0.4491880327181845,0.0,0.69533261075735
guidebook_dae,1145,0,573,0.509137226617079,0.0,0.4886576199707513
guidebook_dae,1146,0,573,0.509137226617079,0.0,0.4886576199707513
guidebook_dae,1147,0,574,0.44322645359862217,0.0,0.6584473648557105
guidebook_dae,1148,0,574,0.44322645359862217,0.0,0.6584473648557105
guidebook_dae,1149,0,575,0.630058667688638,0.0,0.2019861918851818
guidebook_dae,1150,0,575,0.630058667688638,0.0,0.2019861918851818
guidebook_dae,1151,0,576,0.384623355751941,0.0,0.8471074380165289
guidebook_dae,1152,0,576,0.384623355751941,0.0,0.8471074380165289
guidebook_dae,1153,0,577,0.42685558436155063,0.0,0.696114146933819
guidebook_dae,1154,0,577,0.42685558436155063,0.0,0.696114146933819
guidebook_dae,1155,0,578,0.4529969354475831,0.0,0.6247661803217359
guidebook_dae,1156,0,578,0.4529969354475831,0.0,0.6247661803217359
guidebook_dae,1157,0,579,0.5417737260015303,0.0,0.359504132231405
guidebook_dae,1158,0,579,0.5417737260015303,0.0,0.359504132231405
guidebook_dae,1159,0,580,0.5126835303092426,0.0,0.5153646360385887
guidebook_dae,1160,0,580,0.5126835303092426,0.0,0.5153646360385887
guidebook_dae,1161,0,581,0.5004472628916564,0.0,0.5413223140495868
guidebook_dae,1162,0,581,0.5004472628916564,0.0,0.5413223140495868
guidebook_dae,1163,0,582,0.5105194300754197,0.0,0.5
guidebook_dae,1164,0,582,0.5105194300754197,0.0,0.5
guidebook_dae,1165,0,583,0.48609180797363993,0.0,0.5518939393939394
guidebook_dae,1166,0,583,0.48609180797363993,0.0,0.5518939393939394
guidebook_dae,1167,0,584,0.4444216411769773,0.0,0.6948610685984423
guidebook_dae,1168,0,584,0.4444216411769773,0.0,0.6948610685984423
guidebook_dae,1169,0,585,0.4198890841780929,0.0,0.7038580246913579
guidebook_dae,1170,0,585,0.4198890841780929,0.0,0.7018004115226337
guidebook_dae,1171,0,586,0.3199758683046264,0.0,0.9419077134986226
guidebook_dae,1172,0,586,0.3199758683046264,0.0,0.9419077134986226
guidebook_dae,1173,0,587,0.46980174456547374,0.0,0.6123864911743699
guidebook_dae,1174,0,587,0.46980174456547374,0.0,0.6123864911743699
guidebook_dae,1175,0,588,0.3784845664168163,0.0,0.8268203924769582
guidebook_dae,1176,0,588,0.3784845664168163,0.0,0.8268203924769582
guidebook_dae,1177,0,589,0.5724915947747445,0.0,0.2809917355371901
guidebook_dae,1178,0,589,0.5724915947747445,0.0,0.2809917355371901
guidebook_dae,1179,0,590,0.5782325821733664,0.0,0.3032003537054042
guidebook_dae,1180,0,590,0.5782325821733664,0.0,0.3032003537054042
guidebook_dae,1181,0,591,0.4054217252098268,0.0,0.7892561983471074
guidebook_dae,1182,0,591,0.4054217252098268,0.0,0.7892561983471074
guidebook_dae,1183,0,592,0.5907903970947531,0.0,0.2698002754820937
guidebook_dae,1184,0,592,0.5907903970947531,0.0,0.2698002754820937
guidebook_dae,1185,0,593,0.39114390240596136,0.0,0.8388429752066116
guidebook_dae,1186,0,593,0.39114390240596136,0.0,0.8388429752066116
guidebook_dae,1187,0,594,0.4932549440847251,0.0,0.5537190082644627
guidebook_dae,1188,0,594,0.4932549440847251,0.0,0.5537190082644627
guidebook_dae,1189,0,595,0.48626828796931515,0.0,0.47835254905961977
guidebook_dae,1190,0,596,0.5522497252147901,0.0,0.3470282668825474
guidebook_dae,1191,0,595,0.48626828796931515,0.0,0.47835254905961977
guidebook_dae,1192,0,596,0.5522497252147901,0.0,0.3470282668825474
guidebook_dae,1193,0,597,0.4990333530459887,0.0,0.5041322314049587
guidebook_dae,1194,0,597,0.4990333530459887,0.0,0.5041322314049587
guidebook_dae,1195,0,598,0.3639549517872052,0.0,0.8049586776859504
guidebook_dae,1196,0,598,0.3639549517872052,0.0,0.8049586776859504
guidebook_dae,1197,0,599,0.4325587718147865,0.0,0.7448559670781894
guidebook_dae,1198,0,599,0.4325587718147865,0.0,0.7448559670781894
guidebook_dae,1199,0,600,0.5772018460733176,0.0,0.3567837465564738
guidebook_dae,1200,0,600,0.5772018460733176,0.0,0.3567837465564738
guidebook_dae,1201,0,601,0.5659071571620877,0.0,0.3686728395061728
guidebook_dae,1202,0,601,0.5659071571620877,0.0,0.3666152263374486
guidebook_dae,1203,0,602,0.4023626294881722,0.0,0.8106963826039832
guidebook_dae,1204,0,602,0.4023626294881722,0.0,0.8106963826039832
guidebook_dae,1205,0,603,0.5655773776630819,0.1,0.3416542473919523
guidebook_dae,1206,0,603,0.5655773776630819,0.1,0.3416542473919523
guidebook_dae,1207,0,604,0.7755564254117794,0.4,0.016597796143250687
guidebook_dae,1208,0,604,0.7755564254117794,0.4,0.016597796143250687
guidebook_dae,1209,0,605,0.9224336971798028,0.9,0.0
guidebook_dae,1210,0,605,0.9224336971798028,0.9,0.0
soft_vote_ensemble,0,0,0,0.0037968993982541257,0.0,0.12345679012345678
soft_vote_ensemble,1,0,1,0.007269566581318748,0.0,0.08264462809917356
soft_vote_ensemble,2,0,1,0.007269566581318748,0.0,0.08264462809917356
soft_vote_ensemble,3,0,2,0.024251666621984646,0.0,0.08628482763273292
soft_vote_ensemble,4,0,2,0.024251666621984646,0.0,0.08628482763273292
soft_vote_ensemble,5,0,3,0.03620713946486384,0.0,0.045352515049484746
soft_vote_ensemble,6,0,3,0.03620713946486384,0.0,0.045352515049484746
soft_vote_ensemble,7,0,4,0.02283737051339253,0.1,0.04979338842975207
soft_vote_ensemble,8,0,4,0.02283737051339253,0.1,0.04979338842975207
soft_vote_ensemble,9,0,5,0.22904474139668954,1.0,0.008247457742407238
soft_vote_ensemble,10,0,5,0.22904474139668954,1.0,0.008247457742407238
soft_vote_ensemble,11,0,6,0.06582904397144239,0.3,0.016494915484814476
soft_vote_ensemble,12,0,6,0.06582904397144239,0.3,0.016494915484814476
soft_vote_ensemble,13,0,7,0.0100209498696822,0.0,0.09917355371900827
soft_vote_ensemble,14,0,7,0.0100209498696822,0.0,0.09917355371900827
soft_vote_ensemble,15,0,8,0.002144117414899776,0.0,0.1904835390946502
soft_vote_ensemble,16,0,8,0.002144117414899776,0.0,0.1904835390946502
soft_vote_ensemble,17,0,9,0.005852845811275732,0.0,0.11934156378600823
soft_vote_ensemble,18,0,9,0.005852845811275732,0.0,0.11934156378600823
soft_vote_ensemble,19,0,10,0.0026793862823725253,0.0,0.15051185253205457
soft_vote_ensemble,20,0,10,0.0026793862823725253,0.0,0.15051185253205457
soft_vote_ensemble,21,0,11,0.005700147172564398,0.0,0.08264462809917356
soft_vote_ensemble,22,0,11,0.005700147172564398,0.0,0.08264462809917356
soft_vote_ensemble,23,0,12,0.054548573657924926,0.2,0.03312757201646091
soft_vote_ensemble,24,0,12,0.054548573657924926,0.2,0.03312757201646091
soft_vote_ensemble,25,0,13,0.1582023373473695,0.3,0.016597796143250687
soft_vote_ensemble,26,0,13,0.1582023373473695,0.3,0.016597796143250687
soft_vote_ensemble,27,0,14,0.02793408105781417,0.0,0.04975895316804407
soft_vote_ensemble,28,0,14,0.02793408105781417,0.0,0.04975895316804407
soft_vote_ensemble,29,0,15,0.011658799936914939,0.0,0.06195355191256831
soft_vote_ensemble,30,0,15,0.011658799936914939,0.0,0.06195355191256831
soft_vote_ensemble,31,0,16,0.13477699791017503,0.1,0.016666666666666666
soft_vote_ensemble,32,0,16,0.13477699791017503,0.1,0.016666666666666666
soft_vote_ensemble,33,0,17,0.004997235443872574,0.0,0.146396626194606
soft_vote_ensemble,34,0,17,0.004997235443872574,0.0,0.146396626194606
soft_vote_ensemble,35,0,18,0.001679325238074386,0.0,0.19834710743801653
soft_vote_ensemble,36,0,18,0.001679325238074386,0.0,0.19834710743801653
soft_vote_ensemble,37,0,19,0.029111523215846674,0.0,0.04525132095921962
soft_vote_ensemble,38,0,19,0.029111523215846674,0.0,0.04525132095921962
soft_vote_ensemble,39,0,20,0.016525209626730958,0.0,0.10785123966942149
soft_vote_ensemble,40,0,20,0.016525209626730958,0.0,0.10785123966942149
soft_vote_ensemble,41,0,21,0.0044583020482118554,0.0,0.14408616718601816
soft_vote_ensemble,42,0,21,0.0044583020482118554,0.0,0.14408616718601816
soft_vote_ensemble,43,0,22,0.007285199652834466,0.0,0.09943415637860083
soft_vote_ensemble,44,0,22,0.007285199652834466,0.0,0.09943415637860083
soft_vote_ensemble,45,0,23,0.009246388475553249,0.1,0.10771604938271605
soft_vote_ensemble,46,0,23,0.009246388475553249,0.1,0.10771604938271605
soft_vote_ensemble,47,1,24,0.1906591204904824,1.0,0.00819672131147541
soft_vote_ensemble,48,0,24,0.1906591204904824,1.0,0.00819672131147541
soft_vote_ensemble,49,0,25,0.002967302477375936,0.0,0.14049586776859505
soft_vote_ensemble,50,0,25,0.002967302477375936,0.0,0.14049586776859505
soft_vote_ensemble,51,0,26,0.008318967906819434,0.1,0.09166666666666666
soft_vote_ensemble,52,0,26,0.008318967906819434,0.1,0.09166666666666666
soft_vote_ensemble,53,0,27,0.0028375767285983506,0.0,0.15163934426229508
soft_vote_ensemble,54,0,27,0.0028375767285983506,0.0,0.15163934426229508
soft_vote_ensemble,55,0,28,0.01592674908167408,0.0,0.08213586993186264
soft_vote_ensemble,56,0,28,0.01592674908167408,0.0,0.08213586993186264
soft_vote_ensemble,57,0,29,0.0024599547923510354,0.0,0.16051348055818995
soft_vote_ensemble,58,0,29,0.0024599547923510354,0.0,0.16051348055818995
soft_vote_ensemble,59,0,30,0.11201252082156257,0.6,0.008298898071625344
soft_vote_ensemble,60,0,30,0.11201252082156257,0.6,0.008298898071625344
soft_vote_ensemble,61,0,31,0.018302354330711597,0.0,0.04979338842975207
soft_vote_ensemble,62,0,31,0.018302354330711597,0.0,0.04979338842975207
soft_vote_ensemble,63,0,32,0.029223047478288612,0.1,0.04140946502057613
soft_vote_ensemble,64,0,32,0.029223047478288612,0.1,0.04140946502057613
soft_vote_ensemble,65,0,33,0.004367239384813935,0.0,0.08677685950413223
soft_vote_ensemble,66,0,33,0.004367239384813935,0.0,0.08677685950413223
soft_vote_ensemble,67,0,34,0.004912264933487512,0.0,0.08864741693024522
soft_vote_ensemble,68,0,34,0.004912264933487512,0.0,0.08864741693024522
soft_vote_ensemble,69,0,35,0.01205886106207995,0.0,0.06642561983471074
soft_vote_ensemble,70,0,35,0.01205886106207995,0.0,0.06642561983471074
soft_vote_ensemble,71,0,36,0.008485933727476427,0.0,0.0786522633744856
soft_vote_ensemble,72,0,36,0.008485933727476427,0.0,0.0786522633744856
soft_vote_ensemble,73,0,37,0.0022384533686927296,0.0,0.1831275720164609
soft_vote_ensemble,74,0,37,0.0022384533686927296,0.0,0.1831275720164609
soft_vote_ensemble,75,0,38,0.02320927410276809,0.0,0.04166666666666667
soft_vote_ensemble,76,0,38,0.02320927410276809,0.0,0.04166666666666667
soft_vote_ensemble,77,0,39,0.027580375640147335,0.1,0.04952185792349727
soft_vote_ensemble,78,0,39,0.027580375640147335,0.1,0.04952185792349727
soft_vote_ensemble,79,0,40,0.006058649335286801,0.0,0.0942622950819672
soft_vote_ensemble,80,1,40,0.006058649335286801,0.0,0.0942622950819672
soft_vote_ensemble,81,0,41,0.007663399866378003,0.0,0.07870370370370369
soft_vote_ensemble,82,0,41,0.007663399866378003,0.0,0.07870370370370369
soft_vote_ensemble,83,0,42,0.028694915510151665,0.0,0.045626721763085396
soft_vote_ensemble,84,0,42,0.028694915510151665,0.0,0.045626721763085396
soft_vote_ensemble,85,0,43,0.012431345910219226,0.0,0.03288849749356455
soft_vote_ensemble,86,0,43,0.012431345910219226,0.0,0.03288849749356455
soft_vote_ensemble,87,0,44,0.027763383521412728,0.0,0.03702072889852323
soft_vote_ensemble,88,0,44,0.027763383521412728,0.0,0.03702072889852323
soft_vote_ensemble,89,0,45,0.2568916259206445,0.9,0.008264462809917356
soft_vote_ensemble,90,0,45,0.2568916259206445,0.9,0.008264462809917356
soft_vote_ensemble,91,0,46,0.0022327556492442347,0.0,0.14049586776859505
soft_vote_ensemble,92,0,46,0.0022327556492442347,0.0,0.14049586776859505
soft_vote_ensemble,93,0,47,0.012580082177646537,0.0,0.07407532854626744
soft_vote_ensemble,94,0,47,0.012580082177646537,0.0,0.07407532854626744
soft_vote_ensemble,95,1,48,0.008938161443855485,0.0,0.0743801652892562
soft_vote_ensemble,96,0,48,0.008938161443855485,0.0,0.0743801652892562
soft_vote_ensemble,97,0,49,0.06577593121566444,0.3,0.024896694214876034
soft_vote_ensemble,98,0,49,0.06577593121566444,0.3,0.024896694214876034
soft_vote_ensemble,99,1,50,0.011802831068288114,0.0,0.06584362139917696
soft_vote_ensemble,100,0,50,0.011802831068288114,0.0,0.06584362139917696
soft_vote_ensemble,101,1,51,0.009107581172772371,0.0,0.05785123966942149
soft_vote_ensemble,102,0,51,0.009107581172772371,0.0,0.05785123966942149
soft_vote_ensemble,103,1,52,0.037355354810493444,0.1,0.0290633608815427
soft_vote_ensemble,104,0,52,0.037355354810493444,0.1,0.0290633608815427
soft_vote_ensemble,105,1,53,0.006108574465057784,0.0,0.09463487332339791
soft_vote_ensemble,106,0,53,0.006108574465057784,0.0,0.09463487332339791
soft_vote_ensemble,107,1,54,0.012545399195695878,0.0,0.07422711968166514
soft_vote_ensemble,108,0,54,0.012545399195695878,0.0,0.07422711968166514
soft_vote_ensemble,109,1,55,0.16249302359142911,0.8,0.008213586993186264
soft_vote_ensemble,110,0,55,0.16249302359142911,0.8,0.008213586993186264
soft_vote_ensemble,111,1,56,0.022243791298350277,0.1,0.028790136837826854
soft_vote_ensemble,112,0,56,0.022243791298350277,0.1,0.028790136837826854
soft_vote_ensemble,113,1,57,0.019279513922580174,0.0,0.053481913019916005
soft_vote_ensemble,114,0,57,0.019279513922580174,0.0,0.053481913019916005
soft_vote_ensemble,115,1,58,0.47017483237883495,1.0,0.0
soft_vote_ensemble,116,1,58,0.47017483237883495,1.0,0.0
soft_vote_ensemble,117,1,59,0.4357007227082922,1.0,0.0
soft_vote_ensemble,118,1,59,0.4357007227082922,1.0,0.0
soft_vote_ensemble,119,1,60,0.5577262495115618,1.0,0.0
soft_vote_ensemble,120,1,60,0.5577262495115618,1.0,0.0
soft_vote_ensemble,121,0,61,0.12538857316317215,0.4,0.02462389529784794
soft_vote_ensemble,122,0,61,0.12538857316317215,0.4,0.02462389529784794
soft_vote_ensemble,123,0,62,0.0021836976464733554,0.0,0.16700676801686903
soft_vote_ensemble,124,0,62,0.0021836976464733554,0.0,0.16700676801686903
soft_vote_ensemble,125,0,63,0.010794519485784217,0.0,0.05773220419685066
soft_vote_ensemble,126,0,63,0.010794519485784217,0.0,0.05773220419685066
soft_vote_ensemble,127,0,64,0.00679416996322689,0.0,0.08436213991769548
soft_vote_ensemble,128,0,64,0.00679416996322689,0.0,0.08436213991769548
soft_vote_ensemble,129,0,65,0.021533410252837788,0.0,0.06195355191256831
soft_vote_ensemble,130,0,65,0.021533410252837788,0.0,0.06195355191256831
soft_vote_ensemble,131,0,66,0.018928592742415547,0.0,0.0778688524590164
soft_vote_ensemble,132,0,66,0.018928592742415547,0.0,0.0778688524590164
soft_vote_ensemble,133,0,67,0.016138053865805663,0.0,0.06198347107438017
soft_vote_ensemble,134,0,67,0.016138053865805663,0.0,0.06198347107438017
soft_vote_ensemble,135,0,68,0.01896930514162861,0.0,0.053515783769136974
soft_vote_ensemble,136,0,68,0.01896930514162861,0.0,0.053515783769136974
soft_vote_ensemble,137,0,69,0.03869410337252065,0.1,0.028925619834710745
soft_vote_ensemble,138,0,69,0.03869410337252065,0.1,0.028925619834710745
soft_vote_ensemble,139,0,70,0.007730073758107041,0.0,0.09836065573770492
soft_vote_ensemble,140,0,70,0.007730073758107041,0.0,0.09836065573770492
soft_vote_ensemble,141,0,71,0.003742611104186792,0.0,0.11208677685950413
soft_vote_ensemble,142,0,71,0.003742611104186792,0.0,0.11208677685950413
soft_vote_ensemble,143,0,72,0.014474901788863185,0.0,0.06584473648557107
soft_vote_ensemble,144,0,72,0.014474901788863185,0.0,0.06584473648557107
soft_vote_ensemble,145,0,73,0.008210394612795864,0.0,0.0786522633744856
soft_vote_ensemble,146,0,73,0.008210394612795864,0.0,0.0786522633744856
soft_vote_ensemble,147,0,74,0.009562870144899148,0.0,0.045352515049484746
soft_vote_ensemble,148,0,74,0.009562870144899148,0.0,0.045352515049484746
soft_vote_ensemble,149,0,75,0.010293995221846312,0.0,0.07820755995122612
soft_vote_ensemble,150,0,75,0.010293995221846312,0.0,0.07820755995122612
soft_vote_ensemble,151,0,76,0.010622047097625561,0.0,0.06198347107438017
soft_vote_ensemble,152,0,76,0.010622047097625561,0.0,0.06198347107438017
soft_vote_ensemble,153,0,77,0.03936328766971618,0.0,0.03298983096962895
soft_vote_ensemble,154,0,77,0.03936328766971618,0.0,0.03298983096962895
soft_vote_ensemble,155,0,78,0.0031317800158089312,0.0,0.11599794238683128
soft_vote_ensemble,156,0,78,0.0031317800158089312,0.0,0.11599794238683128
soft_vote_ensemble,157,0,79,0.0014159083932293772,0.0,0.212393293201374
soft_vote_ensemble,158,0,79,0.0014159083932293772,0.0,0.212393293201374
soft_vote_ensemble,159,0,80,0.002040366723582124,0.0,0.1522633744855967
soft_vote_ensemble,160,0,80,0.002040366723582124,0.0,0.1522633744855967
soft_vote_ensemble,161,0,81,0.002080885025624854,0.0,0.15358126721763085
soft_vote_ensemble,162,0,81,0.002080885025624854,0.0,0.15358126721763085
soft_vote_ensemble,163,0,82,0.00044864067308433565,0.0,0.3099173553719008
soft_vote_ensemble,164,0,82,0.00044864067308433565,0.0,0.3099173553719008
soft_vote_ensemble,165,0,83,0.001012148065126534,0.0,0.22635821704376102
soft_vote_ensemble,166,0,83,0.001012148065126534,0.0,0.22635821704376102
soft_vote_ensemble,167,0,84,0.001128102171922301,0.0,0.19917355371900827
soft_vote_ensemble,168,0,84,0.001128102171922301,0.0,0.19917355371900827
soft_vote_ensemble,169,0,85,0.0007713041971670034,0.0,0.286603407815529
soft_vote_ensemble,170,0,85,0.0007713041971670034,0.0,0.286603407815529
soft_vote_ensemble,171,0,86,0.0020420124753147708,0.0,0.1652892561983471
soft_vote_ensemble,172,0,86,0.0020420124753147708,0.0,0.1652892561983471
soft_vote_ensemble,173,0,87,0.0011294045146730135,0.0,0.24278553041593282
soft_vote_ensemble,174,0,87,0.0011294045146730135,0.0,0.24278553041593282
soft_vote_ensemble,175,0,88,0.0030132584008267893,0.0,0.11570247933884298
soft_vote_ensemble,176,0,88,0.0030132584008267893,0.0,0.11570247933884298
soft_vote_ensemble,177,0,89,0.0012447610253924944,0.0,0.21160468319559228
soft_vote_ensemble,178,0,89,0.0012447610253924944,0.0,0.21160468319559228
soft_vote_ensemble,179,0,90,0.0010675455215420084,0.0,0.240668044077135
soft_vote_ensemble,180,0,90,0.0010675455215420084,0.0,0.240668044077135
soft_vote_ensemble,181,0,91,0.0013645376213986256,0.0,0.22403581267217632
soft_vote_ensemble,182,0,91,0.0013645376213986256,0.0,0.22403581267217632
soft_vote_ensemble,183,0,92,0.0009428048138220033,0.0,0.24278553041593282
soft_vote_ensemble,184,0,92,0.0009428048138220033,0.0,0.24278553041593282
soft_vote_ensemble,185,0,93,0.0005089659560765626,0.0,0.28658640274801894
soft_vote_ensemble,186,0,93,0.0005089659560765626,0.0,0.28658640274801894
soft_vote_ensemble,187,0,94,0.0004933701316052498,0.0,0.3112258953168044
soft_vote_ensemble,188,0,94,0.0004933701316052498,0.0,0.3112258953168044
soft_vote_ensemble,189,0,95,0.0016918114524761417,0.0,0.18181818181818182
soft_vote_ensemble,190,0,95,0.0016918114524761417,0.0,0.18181818181818182
soft_vote_ensemble,191,0,96,0.0024475919134230016,0.0,0.1375733657154422
soft_vote_ensemble,192,0,96,0.0024475919134230016,0.0,0.1375733657154422
soft_vote_ensemble,193,0,97,0.0016731856332274926,0.0,0.19753420945671318
soft_vote_ensemble,194,0,97,0.0016731856332274926,0.0,0.19753420945671318
soft_vote_ensemble,195,0,98,0.00321625207011854,0.0,0.12865013774104683
soft_vote_ensemble,196,0,98,0.00321625207011854,0.0,0.12865013774104683
soft_vote_ensemble,197,0,99,0.0007927093049347562,0.0,0.2462962962962963
soft_vote_ensemble,198,0,99,0.0007927093049347562,0.0,0.2462962962962963
soft_vote_ensemble,199,0,100,0.001847999220487783,0.0,0.15717213114754097
soft_vote_ensemble,200,0,100,0.001847999220487783,0.0,0.15717213114754097
soft_vote_ensemble,201,0,101,0.001864274919051835,0.0,0.16700676801686903
soft_vote_ensemble,202,0,101,0.001864274919051835,0.0,0.16700676801686903
soft_vote_ensemble,203,0,102,0.0009633181804591696,0.0,0.2190082644628099
soft_vote_ensemble,204,0,102,0.0009633181804591696,0.0,0.2190082644628099
soft_vote_ensemble,205,0,103,0.0007719429560684069,0.0,0.27310598394387103
soft_vote_ensemble,206,0,103,0.0007719429560684069,0.0,0.27310598394387103
soft_vote_ensemble,207,0,104,0.0003772482162225449,0.0,0.31417391890980234
soft_vote_ensemble,208,0,104,0.0003772482162225449,0.0,0.31417391890980234
soft_vote_ensemble,209,0,105,0.0012115008904144324,0.0,0.22632434629454004
soft_vote_ensemble,210,0,105,0.0012115008904144324,0.0,0.22632434629454004
soft_vote_ensemble,211,0,106,0.0018028259373499959,0.0,0.17011019283746556
soft_vote_ensemble,212,0,106,0.0018028259373499959,0.0,0.17011019283746556
soft_vote_ensemble,213,0,107,0.0034669572526379324,0.0,0.13401693704724008
soft_vote_ensemble,214,0,107,0.0034669572526379324,0.0,0.13401693704724008
soft_vote_ensemble,215,0,108,0.0015640747267547845,0.0,0.18763391490664216
soft_vote_ensemble,216,0,108,0.0015640747267547845,0.0,0.18763391490664216
soft_vote_ensemble,217,0,109,0.00166344560161543,0.0,0.17690692318114076
soft_vote_ensemble,218,0,109,0.00166344560161543,0.0,0.17690692318114076
soft_vote_ensemble,219,0,110,0.0012755226322388991,0.0,0.2025273224043716
soft_vote_ensemble,220,0,110,0.0012755226322388991,0.0,0.2025273224043716
soft_vote_ensemble,221,0,111,0.001991296851666025,0.0,0.16047960980896897
soft_vote_ensemble,222,0,111,0.001991296851666025,0.0,0.16047960980896897
soft_vote_ensemble,223,0,112,0.002701906229050333,0.0,0.1216712580348944
soft_vote_ensemble,224,0,112,0.002701906229050333,0.0,0.1216712580348944
soft_vote_ensemble,225,0,113,0.0006066054130665981,0.0,0.2727272727272727
soft_vote_ensemble,226,0,113,0.0006066054130665981,0.0,0.2727272727272727
soft_vote_ensemble,227,0,114,0.000842777022011916,0.0,0.2704918032786885
soft_vote_ensemble,228,0,114,0.000842777022011916,0.0,0.2704918032786885
soft_vote_ensemble,229,0,115,0.0010708869770428597,0.0,0.24896694214876033
soft_vote_ensemble,230,0,115,0.0010708869770428597,0.0,0.24896694214876033
soft_vote_ensemble,231,0,116,0.00127428937423992,0.0,0.22820247933884297
soft_vote_ensemble,232,0,116,0.00127428937423992,0.0,0.22820247933884297
soft_vote_ensemble,233,0,117,0.0011109480628240984,0.0,0.21805988348462269
soft_vote_ensemble,234,0,117,0.0011109480628240984,0.0,0.21805988348462269
soft_vote_ensemble,235,0,118,0.001489696779560699,0.0,0.20164609053497942
soft_vote_ensemble,236,0,118,0.001489696779560699,0.0,0.20164609053497942
soft_vote_ensemble,237,0,119,0.0006099747706234056,0.0,0.3016393442622951
soft_vote_ensemble,238,0,119,0.0006099747706234056,0.0,0.3016393442622951
soft_vote_ensemble,239,0,120,0.0008736200321756216,0.0,0.24846522296431223
soft_vote_ensemble,240,0,120,0.0008736200321756216,0.0,0.24846522296431223
soft_vote_ensemble,241,0,121,0.0009174732051106974,0.0,0.24795081967213115
soft_vote_ensemble,242,0,121,0.0009174732051106974,0.0,0.24795081967213115
soft_vote_ensemble,243,0,122,0.0004784669670090688,0.0,0.3292181069958848
soft_vote_ensemble,244,0,122,0.0004784669670090688,0.0,0.3292181069958848
soft_vote_ensemble,245,0,123,0.0003105860263757748,0.0,0.3264858665587263
soft_vote_ensemble,246,0,123,0.0003105860263757748,0.0,0.3264858665587263
soft_vote_ensemble,247,0,124,0.0003962289411548658,0.0,0.32922368242785527
soft_vote_ensemble,248,0,124,0.0003962289411548658,0.0,0.32922368242785527
soft_vote_ensemble,249,0,125,0.0010461046537117936,0.0,0.22633744855967078
soft_vote_ensemble,250,0,125,0.0010461046537117936,0.0,0.22633744855967078
soft_vote_ensemble,251,0,126,0.006745895434072222,0.0,0.10371900826446281
soft_vote_ensemble,252,0,126,0.006745895434072222,0.0,0.10371900826446281
soft_vote_ensemble,253,0,127,0.0008632270938593751,0.0,0.23233471074380166
soft_vote_ensemble,254,0,127,0.0008632270938593751,0.0,0.23233471074380166
soft_vote_ensemble,255,0,128,0.0014661935549389116,0.0,0.22083333333333333
soft_vote_ensemble,256,0,128,0.0014661935549389116,0.0,0.22083333333333333
soft_vote_ensemble,257,0,129,0.0015504713498951613,0.0,0.19997959391898784
soft_vote_ensemble,258,0,129,0.0015504713498951613,0.0,0.19997959391898784
soft_vote_ensemble,259,0,130,0.0029650116083220113,0.0,0.14043715846994537
soft_vote_ensemble,260,0,130,0.0029650116083220113,0.0,0.14043715846994537
soft_vote_ensemble,261,0,131,0.000609619935663625,0.0,0.2727272727272727
soft_vote_ensemble,262,0,131,0.000609619935663625,0.0,0.2727272727272727
soft_vote_ensemble,263,0,132,0.0008409726903501304,0.0,0.2603305785123967
soft_vote_ensemble,264,0,132,0.0008409726903501304,0.0,0.2603305785123967
soft_vote_ensemble,265,0,133,0.000646249186610974,0.0,0.29485086555793627
soft_vote_ensemble,266,0,133,0.000646249186610974,0.0,0.29485086555793627
soft_vote_ensemble,267,0,134,0.000495560283654042,0.0,0.283641975308642
soft_vote_ensemble,268,0,134,0.000495560283654042,0.0,0.283641975308642
soft_vote_ensemble,269,0,135,0.0021620765720354504,0.0,0.1470679012345679
soft_vote_ensemble,270,0,135,0.0021620765720354504,0.0,0.1470679012345679
soft_vote_ensemble,271,0,136,0.002587770467650785,0.0,0.14049586776859505
soft_vote_ensemble,272,0,136,0.002587770467650785,0.0,0.14049586776859505
soft_vote_ensemble,273,0,137,0.003105378937934718,0.0,0.15051185253205457
soft_vote_ensemble,274,0,137,0.003105378937934718,0.0,0.15051185253205457
soft_vote_ensemble,275,0,138,0.00544230048259134,0.0,0.10696382603983201
soft_vote_ensemble,276,0,138,0.00544230048259134,0.0,0.10696382603983201
soft_vote_ensemble,277,0,139,0.0007765472553725796,0.0,0.253099173553719
soft_vote_ensemble,278,0,139,0.0007765472553725796,0.0,0.253099173553719
soft_vote_ensemble,279,0,140,0.0011985197516046382,0.0,0.21809375423384364
soft_vote_ensemble,280,0,140,0.0011985197516046382,0.0,0.21809375423384364
soft_vote_ensemble,281,0,141,0.0029755026307307186,0.0,0.10883424408014572
soft_vote_ensemble,282,0,141,0.0029755026307307186,0.0,0.10883424408014572
soft_vote_ensemble,283,0,142,0.0025669286513588132,0.0,0.13585557512532176
soft_vote_ensemble,284,0,142,0.0025669286513588132,0.0,0.13585557512532176
soft_vote_ensemble,285,0,143,0.0011207017535978827,0.0,0.22382446198475342
soft_vote_ensemble,286,0,143,0.0011207017535978827,0.0,0.22382446198475342
soft_vote_ensemble,287,0,144,0.0007196680140593691,0.0,0.25619834710743805
soft_vote_ensemble,288,0,144,0.0007196680140593691,0.0,0.25619834710743805
soft_vote_ensemble,289,0,145,0.000793193565960674,0.0,0.24483471074380164
soft_vote_ensemble,290,0,145,0.000793193565960674,0.0,0.24483471074380164
soft_vote_ensemble,291,0,146,0.0016563165746151082,0.0,0.21147878297240774
soft_vote_ensemble,292,0,146,0.0016563165746151082,0.0,0.21147878297240774
soft_vote_ensemble,293,0,147,0.0028256252821024378,0.0,0.14462809917355374
soft_vote_ensemble,294,0,147,0.0028256252821024378,0.0,0.14462809917355374
soft_vote_ensemble,295,0,148,0.0031324860502452284,0.0,0.146396626194606
soft_vote_ensemble,296,0,149,0.0007364100039508068,0.0,0.27691256830601096
soft_vote_ensemble,297,0,149,0.0007364100039508068,0.0,0.27691256830601096
soft_vote_ensemble,298,0,150,0.0005711895314340801,0.0,0.2921352120308901
soft_vote_ensemble,299,0,148,0.0031324860502452284,0.0,0.146396626194606
soft_vote_ensemble,300,0,150,0.0005711895314340801,0.0,0.2921352120308901
soft_vote_ensemble,301,0,151,0.000607231175282843,0.0,0.2894994265668218
soft_vote_ensemble,302,0,151,0.000607231175282843,0.0,0.2894994265668218
soft_vote_ensemble,303,0,152,0.0009469394990773395,0.0,0.24583333333333335
soft_vote_ensemble,304,0,152,0.0009469394990773395,0.0,0.24583333333333335
soft_vote_ensemble,305,0,153,0.0006625625239040291,0.0,0.26969696969696966
soft_vote_ensemble,306,0,153,0.0006625625239040291,0.0,0.26969696969696966
soft_vote_ensemble,307,0,154,0.0007005419797869847,0.0,0.30043354559002844
soft_vote_ensemble,308,0,154,0.0007005419797869847,0.0,0.30043354559002844
soft_vote_ensemble,309,0,155,0.0014733860530724327,0.0,0.19746646795827122
soft_vote_ensemble,310,0,156,0.00234989365088505,0.0,0.13168947297114214
soft_vote_ensemble,311,0,156,0.00234989365088505,0.0,0.13168947297114214
soft_vote_ensemble,312,0,155,0.0014733860530724327,0.0,0.19746646795827122
soft_vote_ensemble,313,0,157,0.0019964860526002705,0.0,0.15702479338842976
soft_vote_ensemble,314,0,157,0.0019964860526002705,0.0,0.15702479338842976
soft_vote_ensemble,315,0,158,0.0012046441468563248,0.0,0.2247389722137197
soft_vote_ensemble,316,0,158,0.0012046441468563248,0.0,0.2247389722137197
soft_vote_ensemble,317,0,159,0.0014599955808115778,0.0,0.21487603305785125
soft_vote_ensemble,318,0,159,0.0014599955808115778,0.0,0.21487603305785125
soft_vote_ensemble,319,0,160,0.0003170916163004671,0.0,0.32786885245901637
soft_vote_ensemble,320,0,160,0.0003170916163004671,0.0,0.32786885245901637
soft_vote_ensemble,321,0,161,0.003235335041314556,0.0,0.12345888091044574
soft_vote_ensemble,322,0,161,0.003235335041314556,0.0,0.12345888091044574
soft_vote_ensemble,323,0,162,0.0038232683011027195,0.0,0.11704783107333198
soft_vote_ensemble,324,0,162,0.0038232683011027195,0.0,0.11704783107333198
soft_vote_ensemble,325,0,163,0.0014314537716788077,0.0,0.20166644086167185
soft_vote_ensemble,326,0,163,0.0014314537716788077,0.0,0.20166644086167185
soft_vote_ensemble,327,0,164,0.0012929735111811623,0.0,0.2098292914239263
soft_vote_ensemble,328,0,164,0.0012929735111811623,0.0,0.2098292914239263
soft_vote_ensemble,329,0,165,0.0006425879955016363,0.0,0.27977238856523506
soft_vote_ensemble,330,0,165,0.0006425879955016363,0.0,0.27977238856523506
soft_vote_ensemble,331,0,166,0.0010684070679597814,0.0,0.23553719008264462
soft_vote_ensemble,332,0,166,0.0010684070679597814,0.0,0.23553719008264462
soft_vote_ensemble,333,0,167,0.0010929870893601776,0.0,0.2494983505084515
soft_vote_ensemble,334,0,167,0.0010929870893601776,0.0,0.2494983505084515
soft_vote_ensemble,335,0,168,0.0020638529741952177,0.0,0.14104683195592288
soft_vote_ensemble,336,0,168,0.0020638529741952177,0.0,0.14104683195592288
soft_vote_ensemble,337,0,169,0.0007164732590718336,0.0,0.26594225079073563
soft_vote_ensemble,338,0,169,0.0007164732590718336,0.0,0.26594225079073563
soft_vote_ensemble,339,0,170,0.0014110575328919687,0.0,0.19753420945671318
soft_vote_ensemble,340,0,170,0.0014110575328919687,0.0,0.19753420945671318
soft_vote_ensemble,341,0,171,0.0013943741277673714,0.0,0.2123762881338639
soft_vote_ensemble,342,0,171,0.0013943741277673714,0.0,0.2123762881338639
soft_vote_ensemble,343,0,172,0.0015649320114907758,0.0,0.17695473251028807
soft_vote_ensemble,344,0,172,0.0015649320114907758,0.0,0.17695473251028807
soft_vote_ensemble,345,0,173,0.0007583580705943881,0.0,0.24795081967213115
soft_vote_ensemble,346,0,173,0.0007583580705943881,0.0,0.24795081967213115
soft_vote_ensemble,347,0,174,0.0023032324391843995,0.0,0.16454409971548573
soft_vote_ensemble,348,0,174,0.0023032324391843995,0.0,0.16454409971548573
soft_vote_ensemble,349,0,175,0.002654864184738366,0.0,0.14405229643679718
soft_vote_ensemble,350,0,175,0.002654864184738366,0.0,0.14405229643679718
soft_vote_ensemble,351,0,176,0.0006689274136333511,0.0,0.2946280991735537
soft_vote_ensemble,352,0,176,0.0006689274136333511,0.0,0.2946280991735537
soft_vote_ensemble,353,0,177,0.0013108164527272624,0.0,0.21666666666666667
soft_vote_ensemble,354,0,177,0.0013108164527272624,0.0,0.21666666666666667
soft_vote_ensemble,355,0,178,0.0018049592472918266,0.0,0.16047960980896897
soft_vote_ensemble,356,0,178,0.0018049592472918266,0.0,0.16047960980896897
soft_vote_ensemble,357,0,179,0.0022964708374173986,0.0,0.14521349862258953
soft_vote_ensemble,358,0,179,0.0022964708374173986,0.0,0.14521349862258953
soft_vote_ensemble,359,0,180,0.001566012335723959,0.0,0.18763391490664216
soft_vote_ensemble,360,0,180,0.001566012335723959,0.0,0.18763391490664216
soft_vote_ensemble,361,0,181,0.0005343274877923232,0.0,0.2892561983471074
soft_vote_ensemble,362,0,181,0.0005343274877923232,0.0,0.2892561983471074
soft_vote_ensemble,363,0,182,0.001857946767756069,0.0,0.18144407033295923
soft_vote_ensemble,364,0,182,0.001857946767756069,0.0,0.18144407033295923
soft_vote_ensemble,365,0,183,0.0008665765996795421,0.0,0.27984013006367703
soft_vote_ensemble,366,0,183,0.0008665765996795421,0.0,0.27984013006367703
soft_vote_ensemble,367,0,184,0.0028529022253963032,0.0,0.10699769678905297
soft_vote_ensemble,368,0,184,0.0028529022253963032,0.0,0.10699769678905297
soft_vote_ensemble,369,0,185,0.0011535189565752726,0.0,0.2065573770491803
soft_vote_ensemble,370,0,185,0.0011535189565752726,0.0,0.2065573770491803
soft_vote_ensemble,371,0,186,0.0014468897836962175,0.0,0.1885245901639344
soft_vote_ensemble,372,0,186,0.0014468897836962175,0.0,0.1885245901639344
soft_vote_ensemble,373,0,187,0.0009509776344851473,0.0,0.2666666666666667
soft_vote_ensemble,374,0,187,0.0009509776344851473,0.0,0.2666666666666667
soft_vote_ensemble,375,0,188,2.9309823895568177e-07,0.0,0.8471074380165289
soft_vote_ensemble,376,0,188,2.9309823895568177e-07,0.0,0.8471074380165289
soft_vote_ensemble,377,0,189,5.170271629477878e-06,0.0,0.7975206611570248
soft_vote_ensemble,378,0,189,5.170271629477878e-06,0.0,0.7975206611570248
soft_vote_ensemble,379,0,190,1.5848064953066942e-07,0.0,0.8724766291830375
soft_vote_ensemble,380,0,190,1.5848064953066942e-07,0.0,0.8724766291830375
soft_vote_ensemble,381,0,191,7.4034651345831105e-06,0.0,0.7686475409836065
soft_vote_ensemble,382,0,191,7.4034651345831105e-06,0.0,0.7686475409836065
soft_vote_ensemble,383,0,192,7.20397547053215e-06,0.0,0.8391660714893039
soft_vote_ensemble,384,0,192,7.20397547053215e-06,0.0,0.8391660714893039
soft_vote_ensemble,385,0,193,8.818717908480167e-06,0.0,0.6619222528313438
soft_vote_ensemble,386,0,193,8.818717908480167e-06,0.0,0.6619222528313438
soft_vote_ensemble,387,0,194,1.100746770879325e-05,0.0,0.6705730930768189
soft_vote_ensemble,388,0,194,1.100746770879325e-05,0.0,0.6705730930768189
soft_vote_ensemble,389,0,195,6.150855287272837e-05,0.0,0.37348484848484853
soft_vote_ensemble,390,0,195,6.150855287272837e-05,0.0,0.37348484848484853
soft_vote_ensemble,391,0,196,8.974722586898016e-05,0.0,0.4185797367615549
soft_vote_ensemble,392,0,196,8.974722586898016e-05,0.0,0.4185797367615549
soft_vote_ensemble,393,0,197,4.873413538147827e-06,0.0,0.7644125683060109
soft_vote_ensemble,394,0,197,4.873413538147827e-06,0.0,0.7644125683060109
soft_vote_ensemble,395,0,198,1.2937630835433919e-05,0.0,0.6255144032921811
soft_vote_ensemble,396,0,199,1.5123290178519611e-05,0.0,0.7360983573104785
soft_vote_ensemble,397,0,199,1.5123290178519611e-05,0.0,0.7360983573104785
soft_vote_ensemble,398,0,198,1.2937630835433919e-05,0.0,0.6255144032921811
soft_vote_ensemble,399,0,200,2.4247930196417905e-05,0.0,0.48560493158108653
soft_vote_ensemble,400,0,200,2.4247930196417905e-05,0.0,0.48560493158108653
soft_vote_ensemble,401,0,201,6.480983900064055e-06,0.0,0.8506887052341598
soft_vote_ensemble,402,0,202,8.916678502107987e-06,0.0,0.8589531680440772
soft_vote_ensemble,403,0,201,6.480983900064055e-06,0.0,0.8506887052341598
soft_vote_ensemble,404,0,202,8.916678502107987e-06,0.0,0.8589531680440772
soft_vote_ensemble,405,0,203,3.175794669443331e-06,0.0,0.8672176308539945
soft_vote_ensemble,406,0,204,2.3688707345837554e-06,0.0,0.8435848800975477
soft_vote_ensemble,407,0,204,2.3688707345837554e-06,0.0,0.8435848800975477
soft_vote_ensemble,408,0,205,2.473114334509649e-06,0.0,0.9253443526170799
soft_vote_ensemble,409,0,205,2.473114334509649e-06,0.0,0.9253443526170799
soft_vote_ensemble,410,0,203,3.175794669443331e-06,0.0,0.8672176308539945
soft_vote_ensemble,411,0,206,5.661006834645488e-05,0.0,0.437293395399042
soft_vote_ensemble,412,0,206,5.661006834645488e-05,0.0,0.437293395399042
soft_vote_ensemble,413,0,207,0.00036885307697418943,0.0,0.2989660918953848
soft_vote_ensemble,414,0,207,0.00036885307697418943,0.0,0.2989660918953848
soft_vote_ensemble,415,0,208,1.507264836995781e-05,0.0,0.7206537138231127
soft_vote_ensemble,416,0,209,0.00032956902315121363,0.0,0.340203380607421
soft_vote_ensemble,417,0,209,0.00032956902315121363,0.0,0.340203380607421
soft_vote_ensemble,418,0,208,1.507264836995781e-05,0.0,0.7206537138231127
soft_vote_ensemble,419,0,210,2.109955999235894e-05,0.0,0.5721108250914511
soft_vote_ensemble,420,0,210,2.109955999235894e-05,0.0,0.5721108250914511
soft_vote_ensemble,421,0,211,1.6984125401869023e-05,0.0,0.6248342005917764
soft_vote_ensemble,422,0,212,4.136082992889065e-06,0.0,0.8672520661157025
soft_vote_ensemble,423,0,212,4.136082992889065e-06,0.0,0.8672520661157025
soft_vote_ensemble,424,0,211,1.6984125401869023e-05,0.0,0.6248342005917764
soft_vote_ensemble,425,0,213,4.623875454563256e-06,0.0,0.8920798898071625
soft_vote_ensemble,426,0,213,4.623875454563256e-06,0.0,0.8920798898071625
soft_vote_ensemble,427,0,214,0.0002017018254463752,0.0,0.34843383328231814
soft_vote_ensemble,428,0,215,2.92218229416381e-07,0.0,0.8506687242798354
soft_vote_ensemble,429,0,215,2.92218229416381e-07,0.0,0.8506687242798354
soft_vote_ensemble,430,0,214,0.0002017018254463752,0.0,0.34843383328231814
soft_vote_ensemble,431,0,216,3.099852012871921e-06,0.0,0.8360655737704918
soft_vote_ensemble,432,0,216,3.099852012871921e-06,0.0,0.8360655737704918
soft_vote_ensemble,433,0,217,0.0002566045881710984,0.0,0.2892561983471074
soft_vote_ensemble,434,0,217,0.0002566045881710984,0.0,0.2892561983471074
soft_vote_ensemble,435,0,218,1.6589225452624247e-07,0.0,0.8925619834710744
soft_vote_ensemble,436,0,218,1.6589225452624247e-07,0.0,0.8925619834710744
soft_vote_ensemble,437,0,219,1.4066545137704875e-05,0.0,0.5752644287997823
soft_vote_ensemble,438,0,219,1.4066545137704875e-05,0.0,0.5752644287997823
soft_vote_ensemble,439,0,220,1.9588953552962926e-07,0.0,0.8439418471294611
soft_vote_ensemble,440,0,220,1.9588953552962926e-07,0.0,0.8439418471294611
soft_vote_ensemble,441,0,221,9.608689429766005e-06,0.0,0.75
soft_vote_ensemble,442,0,221,9.608689429766005e-06,0.0,0.75
soft_vote_ensemble,443,0,222,2.3555887420444333e-07,0.0,0.8518493429074652
soft_vote_ensemble,444,0,222,2.3555887420444333e-07,0.0,0.8518493429074652
soft_vote_ensemble,445,0,223,1.1184648400618272e-07,0.0,0.9834710743801653
soft_vote_ensemble,446,0,223,1.1184648400618272e-07,0.0,0.9834710743801653
soft_vote_ensemble,447,0,224,7.292367434615563e-06,0.0,0.8024996612925077
soft_vote_ensemble,448,0,224,7.292367434615563e-06,0.0,0.8024996612925077
soft_vote_ensemble,449,0,225,2.821732936997369e-05,0.0,0.4815065709253489
soft_vote_ensemble,450,0,225,2.821732936997369e-05,0.0,0.4815065709253489
soft_vote_ensemble,451,0,226,5.036525706472883e-06,0.0,0.810376492194674
soft_vote_ensemble,452,0,226,5.036525706472883e-06,0.0,0.810376492194674
soft_vote_ensemble,453,0,227,1.1907133376758703e-05,0.0,0.8677685950413223
soft_vote_ensemble,454,0,227,1.1907133376758703e-05,0.0,0.8677685950413223
soft_vote_ensemble,455,0,228,2.539019087430271e-06,0.0,0.8333333333333333
soft_vote_ensemble,456,0,228,2.539019087430271e-06,0.0,0.8333333333333333
soft_vote_ensemble,457,0,229,0.00032377994195271174,0.0,0.30000000000000004
soft_vote_ensemble,458,0,229,0.00032377994195271174,0.0,0.30000000000000004
soft_vote_ensemble,459,0,230,4.3759569356742036e-05,0.0,0.4823045267489712
soft_vote_ensemble,460,0,230,4.3759569356742036e-05,0.0,0.4823045267489712
soft_vote_ensemble,461,0,231,7.295548571365336e-06,0.0,0.8718579234972678
soft_vote_ensemble,462,0,231,7.295548571365336e-06,0.0,0.8718579234972678
soft_vote_ensemble,463,0,232,2.6242463101325764e-05,0.0,0.481267217630854
soft_vote_ensemble,464,0,232,2.6242463101325764e-05,0.0,0.481267217630854
soft_vote_ensemble,465,0,233,1.12341784535865e-05,0.0,0.839622002438694
soft_vote_ensemble,466,0,234,0.00010411757556609102,0.0,0.39958847736625513
soft_vote_ensemble,467,0,233,1.12341784535865e-05,0.0,0.839622002438694
soft_vote_ensemble,468,0,234,0.00010411757556609102,0.0,0.39958847736625513
soft_vote_ensemble,469,0,235,4.078868892619849e-05,0.0,0.4680304730809781
soft_vote_ensemble,470,0,235,4.078868892619849e-05,0.0,0.4680304730809781
soft_vote_ensemble,471,0,236,2.0612974372841965e-06,0.0,0.8442622950819672
soft_vote_ensemble,472,0,236,2.0612974372841965e-06,0.0,0.8442622950819672
soft_vote_ensemble,473,0,237,2.591574188210109e-05,0.0,0.5390529738517816
soft_vote_ensemble,474,0,237,2.591574188210109e-05,0.0,0.5390529738517816
soft_vote_ensemble,475,0,238,3.089857129950529e-06,0.0,0.7676652892561984
soft_vote_ensemble,476,0,238,3.089857129950529e-06,0.0,0.7676652892561984
soft_vote_ensemble,477,0,239,2.966178059232995e-07,0.0,0.8016528925619835
soft_vote_ensemble,478,0,239,2.966178059232995e-07,0.0,0.8016528925619835
soft_vote_ensemble,479,0,240,2.0314634432663368e-07,0.0,0.8672176308539945
soft_vote_ensemble,480,0,240,2.0314634432663368e-07,0.0,0.8672176308539945
soft_vote_ensemble,481,0,241,2.12985529433942e-07,0.0,0.8385288065843621
soft_vote_ensemble,482,0,241,2.12985529433942e-07,0.0,0.8385288065843621
soft_vote_ensemble,483,0,242,1.3853878939528802e-05,0.0,0.6239669421487604
soft_vote_ensemble,484,0,242,1.3853878939528802e-05,0.0,0.6239669421487604
soft_vote_ensemble,485,0,243,2.9318247903460637e-06,0.0,0.8091597796143251
soft_vote_ensemble,486,0,243,2.9318247903460637e-06,0.0,0.8091597796143251
soft_vote_ensemble,487,0,244,1.0254360755731102e-05,0.0,0.7119970193740686
soft_vote_ensemble,488,0,244,1.0254360755731102e-05,0.0,0.7119970193740686
soft_vote_ensemble,489,0,245,0.00027377505699602674,0.0,0.32650273224043713
soft_vote_ensemble,490,0,245,0.00027377505699602674,0.0,0.32650273224043713
soft_vote_ensemble,491,0,246,0.0002199159257223533,0.0,0.3525660646872768
soft_vote_ensemble,492,0,246,0.0002199159257223533,0.0,0.3525660646872768
soft_vote_ensemble,493,0,247,0.00031285601455610917,0.0,0.307213549637792
soft_vote_ensemble,494,0,247,0.00031285601455610917,0.0,0.307213549637792
soft_vote_ensemble,495,0,248,6.805483399458634e-06,0.0,0.8093621399176955
soft_vote_ensemble,496,0,248,6.805483399458634e-06,0.0,0.8093621399176955
soft_vote_ensemble,497,0,249,0.00023568322733404302,0.0,0.3401639344262295
soft_vote_ensemble,498,0,249,0.00023568322733404302,0.0,0.3401639344262295
soft_vote_ensemble,499,0,250,2.0452475682309657e-07,0.0,0.9016393442622951
soft_vote_ensemble,500,0,250,2.0452475682309657e-07,0.0,0.9016393442622951
soft_vote_ensemble,501,0,251,1.4889930974197922e-05,0.0,0.6500474190489094
soft_vote_ensemble,502,0,251,1.4889930974197922e-05,0.0,0.6500474190489094
soft_vote_ensemble,503,0,252,2.853636829218851e-06,0.0,0.8519170844059071
soft_vote_ensemble,504,0,252,2.853636829218851e-06,0.0,0.8519170844059071
soft_vote_ensemble,505,0,253,3.0001631735381677e-06,0.0,0.7860046064218941
soft_vote_ensemble,506,0,253,3.0001631735381677e-06,0.0,0.7860046064218941
soft_vote_ensemble,507,0,254,4.483242075758515e-07,0.0,0.757201646090535
soft_vote_ensemble,508,0,254,4.483242075758515e-07,0.0,0.757201646090535
soft_vote_ensemble,509,0,255,8.66409846444132e-06,0.0,0.7732884399551067
soft_vote_ensemble,510,0,255,8.66409846444132e-06,0.0,0.7732884399551067
soft_vote_ensemble,511,0,256,1.9460714903888673e-07,0.0,0.8512295081967213
soft_vote_ensemble,512,0,256,1.9460714903888673e-07,0.0,0.8512295081967213
soft_vote_ensemble,513,0,257,1.2729560879810224e-05,0.0,0.625
soft_vote_ensemble,514,0,257,1.2729560879810224e-05,0.0,0.625
soft_vote_ensemble,515,0,258,1.9910350013887147e-05,0.0,0.8558460913155399
soft_vote_ensemble,516,0,258,1.9910350013887147e-05,0.0,0.8558460913155399
soft_vote_ensemble,517,0,259,9.751038432914862e-06,0.0,0.7208333333333333
soft_vote_ensemble,518,0,259,9.751038432914862e-06,0.0,0.7208333333333333
soft_vote_ensemble,519,0,260,2.8550443717859137e-05,0.0,0.49692208278066863
soft_vote_ensemble,520,0,260,2.8550443717859137e-05,0.0,0.49692208278066863
soft_vote_ensemble,521,0,261,2.975105279697475e-06,0.0,0.9098360655737705
soft_vote_ensemble,522,0,261,2.975105279697475e-06,0.0,0.9098360655737705
soft_vote_ensemble,523,0,262,4.484418527623916e-06,0.0,0.8306010928961749
soft_vote_ensemble,524,0,262,4.484418527623916e-06,0.0,0.8306010928961749
soft_vote_ensemble,525,0,263,1.4664534069566836e-05,0.0,0.5810058692572354
soft_vote_ensemble,526,0,263,1.4664534069566836e-05,0.0,0.5810058692572354
soft_vote_ensemble,527,0,264,1.2603494922047356e-05,0.0,0.7446484216230863
soft_vote_ensemble,528,0,264,1.2603494922047356e-05,0.0,0.7446484216230863
soft_vote_ensemble,529,0,265,1.2167419099299934e-07,0.0,0.9668724279835391
soft_vote_ensemble,530,0,265,1.2167419099299934e-07,0.0,0.9668724279835391
soft_vote_ensemble,531,0,266,4.4894658117740015e-06,0.0,0.8636363636363636
soft_vote_ensemble,532,0,266,4.4894658117740015e-06,0.0,0.8636363636363636
soft_vote_ensemble,533,0,267,1.1091268479808604e-05,0.0,0.7495614922755178
soft_vote_ensemble,534,0,267,1.1091268479808604e-05,0.0,0.7495614922755178
soft_vote_ensemble,535,0,268,5.7095082068050934e-06,0.0,0.8514947454341394
soft_vote_ensemble,536,0,268,5.7095082068050934e-06,0.0,0.8514947454341394
soft_vote_ensemble,537,0,269,1.0667192100094062e-06,0.0,0.8848055818994716
soft_vote_ensemble,538,0,269,1.0667192100094062e-06,0.0,0.8848055818994716
soft_vote_ensemble,539,0,270,1.778368029596593e-07,0.0,0.8683105270288578
soft_vote_ensemble,540,0,270,1.778368029596593e-07,0.0,0.8683105270288578
soft_vote_ensemble,541,0,271,4.4708951008923774e-06,0.0,0.8176954732510289
soft_vote_ensemble,542,0,271,4.4708951008923774e-06,0.0,0.8176954732510289
soft_vote_ensemble,543,0,272,2.107592573600448e-06,0.0,0.8091253443526171
soft_vote_ensemble,544,0,272,2.107592573600448e-06,0.0,0.8091253443526171
soft_vote_ensemble,545,0,273,1.9470065796019256e-05,0.0,0.5318424070700938
soft_vote_ensemble,546,0,273,1.9470065796019256e-05,0.0,0.5318424070700938
soft_vote_ensemble,547,0,274,7.822822985264399e-06,0.0,0.7396694214876034
soft_vote_ensemble,548,0,274,7.822822985264399e-06,0.0,0.7396694214876034
soft_vote_ensemble,549,0,275,7.278324527631593e-07,0.0,0.76080672040268
soft_vote_ensemble,550,0,275,7.278324527631593e-07,0.0,0.76080672040268
soft_vote_ensemble,551,0,276,2.522227717638422e-06,0.0,0.8107302533532041
soft_vote_ensemble,552,0,276,2.522227717638422e-06,0.0,0.8107302533532041
soft_vote_ensemble,553,0,277,7.797652333559173e-06,0.0,0.7942386831275721
soft_vote_ensemble,554,0,277,7.797652333559173e-06,0.0,0.7942386831275721
soft_vote_ensemble,555,0,278,1.1472182863534803e-05,0.0,0.8305785123966942
soft_vote_ensemble,556,0,278,1.1472182863534803e-05,0.0,0.8305785123966942
soft_vote_ensemble,557,0,279,1.540050213172884e-05,0.0,0.6859504132231404
soft_vote_ensemble,558,0,279,1.540050213172884e-05,0.0,0.6859504132231404
soft_vote_ensemble,559,0,280,4.7612723729342305e-06,0.0,0.8388429752066116
soft_vote_ensemble,560,0,280,4.7612723729342305e-06,0.0,0.8388429752066116
soft_vote_ensemble,561,0,281,8.445421946474786e-06,0.0,0.7617722458341767
soft_vote_ensemble,562,0,281,8.445421946474786e-06,0.0,0.7617722458341767
soft_vote_ensemble,563,0,282,3.1311948402430807e-07,0.0,0.7757231404958678
soft_vote_ensemble,564,0,282,3.1311948402430807e-07,0.0,0.7757231404958678
soft_vote_ensemble,565,0,283,7.120806986003068e-06,0.0,0.7407407407407407
soft_vote_ensemble,566,0,283,7.120806986003068e-06,0.0,0.7407407407407407
soft_vote_ensemble,567,0,284,4.505608534437908e-06,0.0,0.7685109289617487
soft_vote_ensemble,568,0,284,4.505608534437908e-06,0.0,0.7685109289617487
soft_vote_ensemble,569,0,285,1.1870224187163196e-05,0.0,0.8233657154422183
soft_vote_ensemble,570,0,285,1.1870224187163196e-05,0.0,0.8233657154422183
soft_vote_ensemble,571,0,286,2.668561037700688e-06,0.0,0.8721729075264428
soft_vote_ensemble,572,0,286,2.668561037700688e-06,0.0,0.8721729075264428
soft_vote_ensemble,573,0,287,8.790464598573045e-06,0.0,0.7066115702479339
soft_vote_ensemble,574,0,287,8.790464598573045e-06,0.0,0.7066115702479339
soft_vote_ensemble,575,0,288,1.0925663273592481e-06,0.0,0.8721218923239126
soft_vote_ensemble,576,0,288,1.0925663273592481e-06,0.0,0.8721218923239126
soft_vote_ensemble,577,0,289,2.3555457517206901e-07,0.0,0.8226881610719995
soft_vote_ensemble,578,0,289,2.3555457517206901e-07,0.0,0.8226881610719995
soft_vote_ensemble,579,0,290,3.019284291829624e-06,0.0,0.8425619834710745
soft_vote_ensemble,580,0,290,3.019284291829624e-06,0.0,0.8425619834710745
soft_vote_ensemble,581,0,291,8.626835809779409e-06,0.0,0.5926364991193604
soft_vote_ensemble,582,0,291,8.626835809779409e-06,0.0,0.5926364991193604
soft_vote_ensemble,583,0,292,1.5094155698653626e-07,0.0,0.9421487603305785
soft_vote_ensemble,584,0,292,1.5094155698653626e-07,0.0,0.9421487603305785
soft_vote_ensemble,585,0,293,9.84309827932671e-06,0.0,0.6763085399449036
soft_vote_ensemble,586,0,293,9.84309827932671e-06,0.0,0.6763085399449036
soft_vote_ensemble,587,0,294,1.7305486097346028e-05,0.0,0.8442622950819672
soft_vote_ensemble,588,0,294,1.7305486097346028e-05,0.0,0.8442622950819672
soft_vote_ensemble,589,0,295,2.6059641239925775e-05,0.0,0.5454545454545454
soft_vote_ensemble,590,0,295,2.6059641239925775e-05,0.0,0.5454545454545454
soft_vote_ensemble,591,0,296,7.393038658347628e-06,0.0,0.7818930041152263
soft_vote_ensemble,592,0,296,7.393038658347628e-06,0.0,0.7818930041152263
soft_vote_ensemble,593,0,297,3.0874525561743303e-06,0.0,0.7882920110192837
soft_vote_ensemble,594,0,297,3.0874525561743303e-06,0.0,0.7882920110192837
soft_vote_ensemble,595,0,298,4.852847500526012e-06,0.0,0.8848055818994716
soft_vote_ensemble,596,0,298,4.852847500526012e-06,0.0,0.8848055818994716
soft_vote_ensemble,597,0,299,1.4036482334172527e-07,0.0,0.9300569028586912
soft_vote_ensemble,598,0,299,1.4036482334172527e-07,0.0,0.9300569028586912
soft_vote_ensemble,599,0,300,4.65319977494507e-06,0.0,0.6099517906336087
soft_vote_ensemble,600,0,300,4.65319977494507e-06,0.0,0.6099517906336087
soft_vote_ensemble,601,0,301,1.1358902197509016e-05,0.0,0.6837684679214734
soft_vote_ensemble,602,0,301,1.1358902197509016e-05,0.0,0.6837684679214734
soft_vote_ensemble,603,0,302,1.526591884955676e-06,0.0,0.6625000000000001
soft_vote_ensemble,604,0,302,1.526591884955676e-06,0.0,0.6625000000000001
soft_vote_ensemble,605,0,303,4.943182822890245e-06,0.0,0.7613467009890258
soft_vote_ensemble,606,0,303,4.943182822890245e-06,0.0,0.7613467009890258
soft_vote_ensemble,607,0,304,2.2273848230454185e-06,0.0,0.8801652892561984
soft_vote_ensemble,608,0,304,2.2273848230454185e-06,0.0,0.8801652892561984
soft_vote_ensemble,609,0,305,2.947357751800513e-06,0.0,0.8672520661157025
soft_vote_ensemble,610,0,305,2.947357751800513e-06,0.0,0.8672520661157025
soft_vote_ensemble,611,0,306,1.2894736430904387e-05,0.0,0.8353909465020577
soft_vote_ensemble,612,0,306,1.2894736430904387e-05,0.0,0.8353909465020577
soft_vote_ensemble,613,0,307,2.2422247803956465e-05,0.0,0.7066115702479339
soft_vote_ensemble,614,0,307,2.2422247803956465e-05,0.0,0.7066115702479339
soft_vote_ensemble,615,0,308,5.303009473930966e-06,0.0,0.772119341563786
soft_vote_ensemble,616,0,308,5.303009473930966e-06,0.0,0.772119341563786
soft_vote_ensemble,617,0,309,1.1351936040067336e-05,0.0,0.6090638124915323
soft_vote_ensemble,618,0,309,1.1351936040067336e-05,0.0,0.6090638124915323
soft_vote_ensemble,619,0,310,7.740338776292679e-06,0.0,0.5720092128437881
soft_vote_ensemble,620,0,310,7.740338776292679e-06,0.0,0.5720092128437881
soft_vote_ensemble,621,0,311,3.150054952245276e-05,0.0,0.5493852459016393
soft_vote_ensemble,622,0,311,3.150054952245276e-05,0.0,0.5493852459016393
soft_vote_ensemble,623,0,312,2.723338361008823e-06,0.0,0.7769808743169399
soft_vote_ensemble,624,0,312,2.723338361008823e-06,0.0,0.7769808743169399
soft_vote_ensemble,625,0,313,1.2249692029940921e-05,0.0,0.5826446280991735
soft_vote_ensemble,626,0,313,1.2249692029940921e-05,0.0,0.5826446280991735
soft_vote_ensemble,627,0,314,8.994947823586046e-05,0.0,0.38398097551103016
soft_vote_ensemble,628,0,314,8.994947823586046e-05,0.0,0.38398097551103016
soft_vote_ensemble,629,0,315,1.9257710931734152e-05,0.0,0.6275720164609053
soft_vote_ensemble,630,0,315,1.9257710931734152e-05,0.0,0.6275720164609053
soft_vote_ensemble,631,0,316,1.7398088944057786e-07,0.0,0.8923497267759564
soft_vote_ensemble,632,0,316,1.7398088944057786e-07,0.0,0.8923497267759564
soft_vote_ensemble,633,0,317,2.799843556758475e-06,0.0,0.7531499796775505
soft_vote_ensemble,634,0,317,2.799843556758475e-06,0.0,0.7531499796775505
soft_vote_ensemble,635,0,318,1.316891041007976e-05,0.0,0.6983606557377049
soft_vote_ensemble,636,0,318,1.316891041007976e-05,0.0,0.6983606557377049
soft_vote_ensemble,637,0,319,2.797612018437739e-07,0.0,0.8020610141822263
soft_vote_ensemble,638,0,319,2.797612018437739e-07,0.0,0.8020610141822263
soft_vote_ensemble,639,0,320,5.166091762688176e-06,0.0,0.773709524454681
soft_vote_ensemble,640,0,320,5.166091762688176e-06,0.0,0.773709524454681
soft_vote_ensemble,641,0,321,1.7286911436953167e-06,0.0,0.6879005599406328
soft_vote_ensemble,642,0,321,1.7286911436953167e-06,0.0,0.6879005599406328
soft_vote_ensemble,643,0,322,1.1652622223980191e-05,0.0,0.6097449908925319
soft_vote_ensemble,644,0,322,1.1652622223980191e-05,0.0,0.6097449908925319
soft_vote_ensemble,645,0,323,3.4667504446541273e-07,0.0,0.7975206611570248
soft_vote_ensemble,646,0,323,3.4667504446541273e-07,0.0,0.7975206611570248
soft_vote_ensemble,647,0,324,6.441940232878988e-05,0.0,0.39378634833180287
soft_vote_ensemble,648,0,324,6.441940232878988e-05,0.0,0.39378634833180287
soft_vote_ensemble,649,0,325,9.77731336352306e-05,0.0,0.4115296030348191
soft_vote_ensemble,650,0,325,9.77731336352306e-05,0.0,0.4115296030348191
soft_vote_ensemble,651,0,326,1.8844891130871776e-05,0.0,0.7024793388429752
soft_vote_ensemble,652,0,326,1.8844891130871776e-05,0.0,0.7024793388429752
soft_vote_ensemble,653,0,327,3.593154940347247e-06,0.0,0.8065302804498036
soft_vote_ensemble,654,0,327,3.593154940347247e-06,0.0,0.8065302804498036
soft_vote_ensemble,655,0,328,1.0391101286448398e-05,0.0,0.8189300411522634
soft_vote_ensemble,656,0,328,1.0391101286448398e-05,0.0,0.8189300411522634
soft_vote_ensemble,657,0,329,2.0804421924972316e-05,0.0,0.7177685950413223
soft_vote_ensemble,658,0,329,2.0804421924972316e-05,0.0,0.7177685950413223
soft_vote_ensemble,659,0,330,4.909951802396701e-07,0.0,0.784263085399449
soft_vote_ensemble,660,0,330,4.909951802396701e-07,0.0,0.784263085399449
soft_vote_ensemble,661,0,331,7.251476741276184e-06,0.0,0.5959085807570657
soft_vote_ensemble,662,0,331,7.251476741276184e-06,0.0,0.5959085807570657
soft_vote_ensemble,663,0,332,6.719220816416274e-06,0.0,0.644672131147541
soft_vote_ensemble,664,0,332,6.719220816416274e-06,0.0,0.644672131147541
soft_vote_ensemble,665,0,333,2.8697833437682925e-05,0.0,0.5629187497874366
soft_vote_ensemble,666,0,333,2.8697833437682925e-05,0.0,0.5629187497874366
soft_vote_ensemble,667,0,334,2.9842298294183702e-05,0.0,0.5578512396694215
soft_vote_ensemble,668,0,334,2.9842298294183702e-05,0.0,0.5578512396694215
soft_vote_ensemble,669,0,335,7.754924086373178e-06,0.0,0.7613168724279835
soft_vote_ensemble,670,0,335,7.754924086373178e-06,0.0,0.7613168724279835
soft_vote_ensemble,671,0,336,1.9584999958127024e-05,0.0,0.6046267443435849
soft_vote_ensemble,672,0,336,1.9584999958127024e-05,0.0,0.6046267443435849
soft_vote_ensemble,673,0,337,3.482728129427927e-06,0.0,0.7884641873278238
soft_vote_ensemble,674,0,337,3.482728129427927e-06,0.0,0.7884641873278238
soft_vote_ensemble,675,0,338,5.6597591113938844e-05,0.0,0.43688271604938267
soft_vote_ensemble,676,0,338,5.6597591113938844e-05,0.0,0.43688271604938267
soft_vote_ensemble,677,0,339,4.009513762707738e-06,0.0,0.757201646090535
soft_vote_ensemble,678,0,339,4.009513762707738e-06,0.0,0.757201646090535
soft_vote_ensemble,679,0,340,7.854832390522674e-06,0.0,0.6297588402655467
soft_vote_ensemble,680,0,340,7.854832390522674e-06,0.0,0.6297588402655467
soft_vote_ensemble,681,0,341,3.1057854169882073e-05,0.0,0.4708333333333333
soft_vote_ensemble,682,0,341,3.1057854169882073e-05,0.0,0.4708333333333333
soft_vote_ensemble,683,0,342,5.9408265158704954e-06,0.0,0.6180429062942725
soft_vote_ensemble,684,0,342,5.9408265158704954e-06,0.0,0.6180429062942725
soft_vote_ensemble,685,0,343,1.2792670127002451e-05,0.0,0.697141873278237
soft_vote_ensemble,686,0,343,1.2792670127002451e-05,0.0,0.697141873278237
soft_vote_ensemble,687,0,344,0.00012684314533709915,0.0,0.3688524590163934
soft_vote_ensemble,688,0,344,0.00012684314533709915,0.0,0.3688524590163934
soft_vote_ensemble,689,0,345,5.276383829053309e-05,0.0,0.4190426997245179
soft_vote_ensemble,690,0,345,5.276383829053309e-05,0.0,0.4190426997245179
soft_vote_ensemble,691,0,346,2.2746532653263785e-06,0.0,0.7786885245901639
soft_vote_ensemble,692,0,346,2.2746532653263785e-06,0.0,0.7786885245901639
soft_vote_ensemble,693,0,347,3.987485315440184e-06,0.0,0.7567255042002516
soft_vote_ensemble,694,0,347,3.987485315440184e-06,0.0,0.7567255042002516
soft_vote_ensemble,695,0,348,8.284434110059212e-06,0.0,0.7728825136612021
soft_vote_ensemble,696,0,348,8.284434110059212e-06,0.0,0.7728825136612021
soft_vote_ensemble,697,0,349,2.4022723194720043e-05,0.0,0.5330578512396694
soft_vote_ensemble,698,0,349,2.4022723194720043e-05,0.0,0.5330578512396694
soft_vote_ensemble,699,0,350,3.416045996335656e-06,0.0,0.6936213991769546
soft_vote_ensemble,700,0,350,3.416045996335656e-06,0.0,0.6936213991769546
soft_vote_ensemble,701,0,351,1.0367917211658842e-05,0.0,0.7272727272727273
soft_vote_ensemble,702,0,351,1.0367917211658842e-05,0.0,0.7272727272727273
soft_vote_ensemble,703,0,352,8.089698657234572e-05,0.0,0.3979355848042717
soft_vote_ensemble,704,0,352,8.089698657234572e-05,0.0,0.3979355848042717
soft_vote_ensemble,705,0,353,2.181655831676073e-06,0.0,0.776912568306011
soft_vote_ensemble,706,0,353,2.181655831676073e-06,0.0,0.776912568306011
soft_vote_ensemble,707,0,354,3.587781226931286e-05,0.0,0.5454545454545454
soft_vote_ensemble,708,0,354,3.587781226931286e-05,0.0,0.5454545454545454
soft_vote_ensemble,709,0,355,4.48335638769772e-05,0.0,0.524793388429752
soft_vote_ensemble,710,0,355,4.48335638769772e-05,0.0,0.524793388429752
soft_vote_ensemble,711,0,356,4.119845586506402e-07,0.0,0.9506147540983607
soft_vote_ensemble,712,0,356,4.119845586506402e-07,0.0,0.9506147540983607
soft_vote_ensemble,713,0,357,1.3193722812814326e-05,0.0,0.731404958677686
soft_vote_ensemble,714,0,357,1.3193722812814326e-05,0.0,0.731404958677686
soft_vote_ensemble,715,0,358,6.850170473544635e-05,0.0,0.39672131147540984
soft_vote_ensemble,716,0,358,6.850170473544635e-05,0.0,0.39672131147540984
soft_vote_ensemble,717,0,359,3.353822235805871e-05,0.0,0.49173553719008267
soft_vote_ensemble,718,0,359,3.353822235805871e-05,0.0,0.49173553719008267
soft_vote_ensemble,719,0,360,4.975883410070774e-05,0.0,0.4521349862258953
soft_vote_ensemble,720,0,360,4.975883410070774e-05,0.0,0.4521349862258953
soft_vote_ensemble,721,0,361,4.397476942719478e-05,0.0,0.518595041322314
soft_vote_ensemble,722,0,362,8.042919000632651e-05,0.0,0.3703766427313372
soft_vote_ensemble,723,0,362,8.042919000632651e-05,0.0,0.3703766427313372
soft_vote_ensemble,724,0,361,4.397476942719478e-05,0.0,0.518595041322314
soft_vote_ensemble,725,0,363,0.00011974722439044144,0.0,0.3705761316872428
soft_vote_ensemble,726,0,363,0.00011974722439044144,0.0,0.3705761316872428
soft_vote_ensemble,727,0,364,0.0005615459588974492,0.0,0.30578512396694213
soft_vote_ensemble,728,0,364,0.0005615459588974492,0.0,0.30578512396694213
soft_vote_ensemble,729,0,365,0.00034000160140307994,0.0,0.32370846512260654
soft_vote_ensemble,730,0,365,0.00034000160140307994,0.0,0.32370846512260654
soft_vote_ensemble,731,0,366,7.959455167542877e-05,0.0,0.4256198347107438
soft_vote_ensemble,732,0,366,7.959455167542877e-05,0.0,0.4256198347107438
soft_vote_ensemble,733,0,367,4.5674636915989586e-07,0.0,0.7801308539944903
soft_vote_ensemble,734,0,368,2.69916951284493e-05,0.0,0.5340271400877461
soft_vote_ensemble,735,0,368,2.69916951284493e-05,0.0,0.5340271400877461
soft_vote_ensemble,736,0,367,4.5674636915989586e-07,0.0,0.7801308539944903
soft_vote_ensemble,737,0,369,2.2485087589007166e-05,0.0,0.49376721763085396
soft_vote_ensemble,738,0,369,2.2485087589007166e-05,0.0,0.49376721763085396
soft_vote_ensemble,739,0,370,2.1769802788740026e-05,0.0,0.5537190082644627
soft_vote_ensemble,740,0,371,1.4803494477432774e-05,0.0,0.5040300546448088
soft_vote_ensemble,741,0,371,1.4803494477432774e-05,0.0,0.5040300546448088
soft_vote_ensemble,742,0,370,2.1769802788740026e-05,0.0,0.5537190082644627
soft_vote_ensemble,743,0,372,5.4515962784645144e-06,0.0,0.6859289617486339
soft_vote_ensemble,744,0,372,5.4515962784645144e-06,0.0,0.6859289617486339
soft_vote_ensemble,745,0,373,3.84402199512391e-07,0.0,0.7360643471754583
soft_vote_ensemble,746,0,373,3.84402199512391e-07,0.0,0.7360643471754583
soft_vote_ensemble,747,0,374,3.285659724481657e-05,0.0,0.4833333333333333
soft_vote_ensemble,748,0,375,5.901279688455046e-05,0.0,0.46043388429752063
soft_vote_ensemble,749,0,375,5.901279688455046e-05,0.0,0.46043388429752063
soft_vote_ensemble,750,0,374,3.285659724481657e-05,0.0,0.4833333333333333
soft_vote_ensemble,751,0,376,0.00010290218239040706,0.0,0.378858024691358
soft_vote_ensemble,752,0,376,0.00010290218239040706,0.0,0.378858024691358
soft_vote_ensemble,753,0,377,8.468240147231193e-06,0.0,0.8422865013774106
soft_vote_ensemble,754,0,377,8.468240147231193e-06,0.0,0.8422865013774106
soft_vote_ensemble,755,0,378,6.816036184972345e-06,0.0,0.6887396694214876
soft_vote_ensemble,756,0,378,6.816036184972345e-06,0.0,0.6887396694214876
soft_vote_ensemble,757,0,379,9.713549599804362e-06,0.0,0.5867768595041323
soft_vote_ensemble,758,0,380,0.00016884062187188858,0.0,0.36213991769547327
soft_vote_ensemble,759,0,379,9.713549599804362e-06,0.0,0.5867768595041323
soft_vote_ensemble,760,0,380,0.00016884062187188858,0.0,0.36213991769547327
soft_vote_ensemble,761,0,381,5.574864308503897e-05,0.0,0.41735537190082644
soft_vote_ensemble,762,0,381,5.574864308503897e-05,0.0,0.41735537190082644
soft_vote_ensemble,763,0,382,1.7885746831069808e-05,0.0,0.518628912071535
soft_vote_ensemble,764,0,382,1.7885746831069808e-05,0.0,0.518628912071535
soft_vote_ensemble,765,0,383,7.363624399238173e-05,0.0,0.45678092399403875
soft_vote_ensemble,766,0,384,2.9554245809064603e-06,0.0,0.7248532685691156
soft_vote_ensemble,767,0,384,2.9554245809064603e-06,0.0,0.7248532685691156
soft_vote_ensemble,768,0,383,7.363624399238173e-05,0.0,0.45678092399403875
soft_vote_ensemble,769,0,385,7.32943131514884e-05,0.0,0.4132231404958678
soft_vote_ensemble,770,0,385,7.32943131514884e-05,0.0,0.4132231404958678
soft_vote_ensemble,771,0,386,1.698804407108762e-05,0.0,0.5578512396694215
soft_vote_ensemble,772,0,386,1.698804407108762e-05,0.0,0.5578512396694215
soft_vote_ensemble,773,0,387,8.234306678759142e-05,0.0,0.4444444444444444
soft_vote_ensemble,774,0,388,1.5558899514585717e-05,0.0,0.5793456450022106
soft_vote_ensemble,775,0,388,1.5558899514585717e-05,0.0,0.5793456450022106
soft_vote_ensemble,776,0,389,2.746200306903752e-07,0.0,0.8548868312757201
soft_vote_ensemble,777,0,387,8.234306678759142e-05,0.0,0.4444444444444444
soft_vote_ensemble,778,0,389,2.746200306903752e-07,0.0,0.8548868312757201
soft_vote_ensemble,779,0,390,2.4084277472049723e-05,0.0,0.5103650137741047
soft_vote_ensemble,780,0,390,2.4084277472049723e-05,0.0,0.5103650137741047
soft_vote_ensemble,781,0,391,3.560312460942188e-06,0.0,0.8105947703563203
soft_vote_ensemble,782,0,392,2.9776034714331377e-07,0.0,0.8676440329218107
soft_vote_ensemble,783,0,391,3.560312460942188e-06,0.0,0.8105947703563203
soft_vote_ensemble,784,0,392,2.9776034714331377e-07,0.0,0.8676440329218107
soft_vote_ensemble,785,0,393,1.8494793904032805e-05,0.0,0.5375000000000001
soft_vote_ensemble,786,0,393,1.8494793904032805e-05,0.0,0.5375000000000001
soft_vote_ensemble,787,0,394,3.867295128090951e-06,0.0,0.7727272727272727
soft_vote_ensemble,788,0,394,3.867295128090951e-06,0.0,0.7727272727272727
soft_vote_ensemble,789,0,395,5.458058729004823e-06,0.0,0.7525422575927627
soft_vote_ensemble,790,0,395,5.458058729004823e-06,0.0,0.7525422575927627
soft_vote_ensemble,791,0,396,1.9387470869125764e-05,0.0,0.6322314049586777
soft_vote_ensemble,792,0,396,1.9387470869125764e-05,0.0,0.6322314049586777
soft_vote_ensemble,793,0,397,1.7541550323029726e-07,0.0,0.934121392765208
soft_vote_ensemble,794,0,397,1.7541550323029726e-07,0.0,0.934121392765208
soft_vote_ensemble,795,0,398,1.2007669348649744e-07,0.0,0.9791666666666666
soft_vote_ensemble,796,0,398,1.2007669348649744e-07,0.0,0.9791666666666666
soft_vote_ensemble,797,0,399,4.2469920497067e-06,0.0,0.950241046831956
soft_vote_ensemble,798,0,399,4.2469920497067e-06,0.0,0.950241046831956
soft_vote_ensemble,799,0,400,1.5407918055417314e-07,0.0,0.9336776859504132
soft_vote_ensemble,800,0,401,2.8406948852223683e-06,0.0,0.9466369830668555
soft_vote_ensemble,801,0,400,1.5407918055417314e-07,0.0,0.9336776859504132
soft_vote_ensemble,802,0,401,2.8406948852223683e-06,0.0,0.9466369830668555
soft_vote_ensemble,803,0,402,1.7839297883000467e-07,0.0,0.9091530054644809
soft_vote_ensemble,804,0,403,2.689000689985541e-06,0.0,0.8589187327823691
soft_vote_ensemble,805,0,402,1.7839297883000467e-07,0.0,0.9091530054644809
soft_vote_ensemble,806,0,403,2.689000689985541e-06,0.0,0.8589187327823691
soft_vote_ensemble,807,0,404,1.0945422447743814e-07,0.0,0.966993163962861
soft_vote_ensemble,808,0,405,2.3162893814835695e-06,0.0,0.8059426229508196
soft_vote_ensemble,809,0,405,2.3162893814835695e-06,0.0,0.8059426229508196
soft_vote_ensemble,810,0,404,1.0945422447743814e-07,0.0,0.966993163962861
soft_vote_ensemble,811,0,406,3.2818772138634074e-05,0.0,0.7119847534237334
soft_vote_ensemble,812,0,406,3.2818772138634074e-05,0.0,0.7119847534237334
soft_vote_ensemble,813,0,407,2.0734005890011235e-05,0.0,0.5289256198347108
soft_vote_ensemble,814,0,407,2.0734005890011235e-05,0.0,0.5289256198347108
soft_vote_ensemble,815,0,408,6.737150595769049e-05,0.0,0.41852872155902454
soft_vote_ensemble,816,0,408,6.737150595769049e-05,0.0,0.41852872155902454
soft_vote_ensemble,817,0,409,1.6791981360480687e-05,0.0,0.5527777777777778
soft_vote_ensemble,818,0,409,1.6791981360480687e-05,0.0,0.5527777777777778
soft_vote_ensemble,819,0,410,2.90692646937314e-06,0.0,0.6501829020457932
soft_vote_ensemble,820,0,410,2.90692646937314e-06,0.0,0.6501829020457932
soft_vote_ensemble,821,0,411,1.5100333089368855e-07,0.0,0.930327868852459
soft_vote_ensemble,822,0,411,1.5100333089368855e-07,0.0,0.930327868852459
soft_vote_ensemble,823,0,412,2.6171112669772625e-06,0.0,0.725
soft_vote_ensemble,824,0,412,2.6171112669772625e-06,0.0,0.725
soft_vote_ensemble,825,0,413,1.6172513259289162e-05,0.0,0.8601138057173825
soft_vote_ensemble,826,0,413,1.6172513259289162e-05,0.0,0.8601138057173825
soft_vote_ensemble,827,0,414,1.1046325721840486e-05,0.0,0.740041999729034
soft_vote_ensemble,828,0,414,1.1046325721840486e-05,0.0,0.740041999729034
soft_vote_ensemble,829,0,415,1.3099774819590449e-07,0.0,0.9545454545454546
soft_vote_ensemble,830,0,415,1.3099774819590449e-07,0.0,0.9545454545454546
soft_vote_ensemble,831,0,416,2.9310341686153837e-06,0.0,0.9166666666666667
soft_vote_ensemble,832,0,416,2.9310341686153837e-06,0.0,0.9166666666666667
soft_vote_ensemble,833,0,417,2.2283839625642054e-05,0.0,0.5123966942148761
soft_vote_ensemble,834,0,417,2.2283839625642054e-05,0.0,0.5123966942148761
soft_vote_ensemble,835,0,418,2.6172855458748235e-05,0.0,0.4949234298050327
soft_vote_ensemble,836,0,418,2.6172855458748235e-05,0.0,0.4949234298050327
soft_vote_ensemble,837,0,419,4.049809607021997e-06,0.0,0.6541666666666667
soft_vote_ensemble,838,0,419,4.049809607021997e-06,0.0,0.6541666666666667
soft_vote_ensemble,839,0,420,5.184623711636351e-07,0.0,0.8025674027909497
soft_vote_ensemble,840,0,420,5.184623711636351e-07,0.0,0.8025674027909497
soft_vote_ensemble,841,0,421,1.312125888051049e-06,0.0,0.6989592898683807
soft_vote_ensemble,842,0,421,1.312125888051049e-06,0.0,0.6989592898683807
soft_vote_ensemble,843,0,422,0.00011200094230080684,0.0,0.38142366425194707
soft_vote_ensemble,844,0,422,0.00011200094230080684,0.0,0.38142366425194707
soft_vote_ensemble,845,0,423,4.0568727110801505e-07,0.0,0.8884297520661157
soft_vote_ensemble,846,0,423,4.0568727110801505e-07,0.0,0.8884297520661157
soft_vote_ensemble,847,0,424,1.2985378768373703e-05,0.0,0.7463114754098361
soft_vote_ensemble,848,0,424,1.2985378768373703e-05,0.0,0.7463114754098361
soft_vote_ensemble,849,0,425,2.86093127500449e-05,0.0,0.5194958847736625
soft_vote_ensemble,850,0,425,2.86093127500449e-05,0.0,0.5194958847736625
soft_vote_ensemble,851,0,426,4.2992595469815286e-05,0.0,0.4649776453055141
soft_vote_ensemble,852,0,426,4.2992595469815286e-05,0.0,0.4649776453055141
soft_vote_ensemble,853,0,427,4.82250238651906e-07,0.0,0.776775956284153
soft_vote_ensemble,854,0,427,4.82250238651906e-07,0.0,0.776775956284153
soft_vote_ensemble,855,0,428,4.6602236915187394e-06,0.0,0.6288644015916743
soft_vote_ensemble,856,0,428,4.6602236915187394e-06,0.0,0.6288644015916743
soft_vote_ensemble,857,0,429,7.78576537082258e-06,0.0,0.640495867768595
soft_vote_ensemble,858,0,429,7.78576537082258e-06,0.0,0.640495867768595
soft_vote_ensemble,859,0,430,3.140921166624403e-07,0.0,0.7727459016393443
soft_vote_ensemble,860,0,431,2.703388668458993e-06,0.0,0.8636363636363636
soft_vote_ensemble,861,0,430,3.140921166624403e-07,0.0,0.7727459016393443
soft_vote_ensemble,862,0,431,2.703388668458993e-06,0.0,0.8636363636363636
soft_vote_ensemble,863,0,432,0.00011602557300704458,0.0,0.378858024691358
soft_vote_ensemble,864,0,432,0.00011602557300704458,0.0,0.378858024691358
soft_vote_ensemble,865,0,433,1.5569843321555094e-07,0.0,0.946484216230863
soft_vote_ensemble,866,0,433,1.5569843321555094e-07,0.0,0.946484216230863
soft_vote_ensemble,867,0,434,6.685584306403842e-07,0.0,0.7442947998503554
soft_vote_ensemble,868,0,434,6.685584306403842e-07,0.0,0.7442947998503554
soft_vote_ensemble,869,0,435,2.6991940483188985e-06,0.0,0.7855660986974118
soft_vote_ensemble,870,0,435,2.6991940483188985e-06,0.0,0.7855660986974118
soft_vote_ensemble,871,0,436,1.7448226562002838e-07,0.0,0.9463114754098361
soft_vote_ensemble,872,0,436,1.7448226562002838e-07,0.0,0.9463114754098361
soft_vote_ensemble,873,0,437,2.9377824058998464e-06,0.0,0.708426094582743
soft_vote_ensemble,874,0,437,2.9377824058998464e-06,0.0,0.708426094582743
soft_vote_ensemble,875,0,438,6.710390317914358e-07,0.0,0.7406516732150115
soft_vote_ensemble,876,0,438,6.710390317914358e-07,0.0,0.7406516732150115
soft_vote_ensemble,877,0,439,8.934304787235051e-06,0.0,0.620616943849267
soft_vote_ensemble,878,0,439,8.934304787235051e-06,0.0,0.620616943849267
soft_vote_ensemble,879,0,440,2.91423916742148e-07,0.0,0.8596994535519126
soft_vote_ensemble,880,0,440,2.91423916742148e-07,0.0,0.8596994535519126
soft_vote_ensemble,881,0,441,5.202526210708776e-05,0.0,0.4020848212767405
soft_vote_ensemble,882,0,441,5.202526210708776e-05,0.0,0.4020848212767405
soft_vote_ensemble,883,0,442,1.8108989539595714e-05,0.0,0.48550275482093663
soft_vote_ensemble,884,0,442,1.8108989539595714e-05,0.0,0.48550275482093663
soft_vote_ensemble,885,0,443,1.937120533994154e-06,0.0,0.9793715846994535
soft_vote_ensemble,886,0,443,1.937120533994154e-06,0.0,0.9793715846994535
soft_vote_ensemble,887,0,444,1.1376532425910051e-07,0.0,0.9544753086419753
soft_vote_ensemble,888,0,444,1.1376532425910051e-07,0.0,0.9544753086419753
soft_vote_ensemble,889,0,445,5.262872936703482e-06,0.0,0.7402135836479271
soft_vote_ensemble,890,0,445,5.262872936703482e-06,0.0,0.7402135836479271
soft_vote_ensemble,891,0,446,2.968917822297342e-05,0.0,0.5349794238683128
soft_vote_ensemble,892,0,446,2.968917822297342e-05,0.0,0.5349794238683128
soft_vote_ensemble,893,0,447,2.5384770079998697e-05,0.0,0.5537568306010929
soft_vote_ensemble,894,0,447,2.5384770079998697e-05,0.0,0.5537568306010929
soft_vote_ensemble,895,0,448,3.2047288655664427e-06,0.0,0.675
soft_vote_ensemble,896,0,448,3.2047288655664427e-06,0.0,0.675
soft_vote_ensemble,897,0,449,7.689747295809186e-07,0.0,0.7303719008264462
soft_vote_ensemble,898,0,449,7.689747295809186e-07,0.0,0.7303719008264462
soft_vote_ensemble,899,0,450,1.4475082901006819e-05,0.0,0.5950413223140496
soft_vote_ensemble,900,0,450,1.4475082901006819e-05,0.0,0.5950413223140496
soft_vote_ensemble,901,0,451,1.3343340078510011e-05,0.0,0.6226239669421487
soft_vote_ensemble,902,0,451,1.3343340078510011e-05,0.0,0.6226239669421487
soft_vote_ensemble,903,0,452,1.864275788312936e-05,0.0,0.6546877116921825
soft_vote_ensemble,904,0,452,1.864275788312936e-05,0.0,0.6546877116921825
soft_vote_ensemble,905,0,453,1.1248729911904245e-05,0.0,0.9587627112879638
soft_vote_ensemble,906,0,453,1.1248729911904245e-05,0.0,0.9587627112879638
soft_vote_ensemble,907,0,454,1.804094898531865e-05,0.0,0.7486625514403291
soft_vote_ensemble,908,0,454,1.804094898531865e-05,0.0,0.7486625514403291
soft_vote_ensemble,909,0,455,2.3459179539712058e-07,0.0,0.9420267489711934
soft_vote_ensemble,910,0,455,2.3459179539712058e-07,0.0,0.9420267489711934
soft_vote_ensemble,911,0,456,2.597475768528726e-05,0.0,0.5228650137741047
soft_vote_ensemble,912,0,456,2.597475768528726e-05,0.0,0.5228650137741047
soft_vote_ensemble,913,0,457,1.8132187429438877e-05,0.0,0.5413223140495869
soft_vote_ensemble,914,0,457,1.8132187429438877e-05,0.0,0.5413223140495869
soft_vote_ensemble,915,0,458,3.010318105143457e-05,0.0,0.5350223546944859
soft_vote_ensemble,916,0,458,3.010318105143457e-05,0.0,0.5350223546944859
soft_vote_ensemble,917,0,459,3.9379712121716305e-06,0.0,0.6618542325613033
soft_vote_ensemble,918,0,459,3.9379712121716305e-06,0.0,0.6618542325613033
soft_vote_ensemble,919,0,460,2.6357503098886243e-06,0.0,0.6618882426963235
soft_vote_ensemble,920,0,460,2.6357503098886243e-06,0.0,0.6618882426963235
soft_vote_ensemble,921,0,461,0.0002140110392163923,0.0,0.3374542744885517
soft_vote_ensemble,922,0,461,0.0002140110392163923,0.0,0.3374542744885517
soft_vote_ensemble,923,0,462,1.2259156708077588e-05,0.0,0.6941939890710382
soft_vote_ensemble,924,0,463,1.6257678976007312e-05,0.0,0.7385330578512397
soft_vote_ensemble,925,0,462,1.2259156708077588e-05,0.0,0.6941939890710382
soft_vote_ensemble,926,0,463,1.6257678976007312e-05,0.0,0.7385330578512397
soft_vote_ensemble,927,0,464,1.0472202133181487e-05,0.0,0.6818181818181819
soft_vote_ensemble,928,0,464,1.0472202133181487e-05,0.0,0.6818181818181819
soft_vote_ensemble,929,0,465,1.271807815021942e-07,0.0,0.9628415300546448
soft_vote_ensemble,930,0,465,1.271807815021942e-07,0.0,0.9628415300546448
soft_vote_ensemble,931,0,466,1.697136420618258e-05,0.0,0.5854423868312757
soft_vote_ensemble,932,0,466,1.697136420618258e-05,0.0,0.5854423868312757
soft_vote_ensemble,933,0,467,9.286481901673392e-06,0.0,0.6536067748188961
soft_vote_ensemble,934,0,467,9.286481901673392e-06,0.0,0.6536067748188961
soft_vote_ensemble,935,0,468,8.626036162572468e-05,0.0,0.35265151515151516
soft_vote_ensemble,936,0,468,8.626036162572468e-05,0.0,0.35265151515151516
soft_vote_ensemble,937,0,469,5.597832767594582e-06,0.0,0.6057851239669421
soft_vote_ensemble,938,0,469,5.597832767594582e-06,0.0,0.6057851239669421
soft_vote_ensemble,939,0,470,2.0862231524583682e-05,0.0,0.5201131687242798
soft_vote_ensemble,940,0,470,2.0862231524583682e-05,0.0,0.5201131687242798
soft_vote_ensemble,941,0,471,3.82914082711235e-06,0.0,0.676954732510288
soft_vote_ensemble,942,0,471,3.82914082711235e-06,0.0,0.676954732510288
soft_vote_ensemble,943,0,472,0.00019264709083685033,0.0,0.3305785123966942
soft_vote_ensemble,944,0,472,0.00019264709083685033,0.0,0.3305785123966942
soft_vote_ensemble,945,0,473,7.019970499617182e-06,0.0,0.95
soft_vote_ensemble,946,0,473,7.019970499617182e-06,0.0,0.95
soft_vote_ensemble,947,0,474,7.903507674603748e-06,0.0,0.7663934426229508
soft_vote_ensemble,948,0,474,7.903507674603748e-06,0.0,0.7663934426229508
soft_vote_ensemble,949,0,475,6.528178196099089e-06,0.0,0.8760928961748633
soft_vote_ensemble,950,0,475,6.528178196099089e-06,0.0,0.8760928961748633
soft_vote_ensemble,951,0,476,2.8005024402937062e-05,0.0,0.5619834710743802
soft_vote_ensemble,952,0,476,2.8005024402937062e-05,0.0,0.5619834710743802
soft_vote_ensemble,953,0,477,3.509116052920739e-05,0.0,0.44031973987264594
soft_vote_ensemble,954,0,477,3.509116052920739e-05,0.0,0.44031973987264594
soft_vote_ensemble,955,0,478,0.00016278071920370563,0.0,0.3593739458948931
soft_vote_ensemble,956,0,478,0.00016278071920370563,0.0,0.3593739458948931
soft_vote_ensemble,957,0,479,3.756740586121704e-05,0.0,0.46203535046886596
soft_vote_ensemble,958,0,479,3.756740586121704e-05,0.0,0.46203535046886596
soft_vote_ensemble,959,0,480,1.7180069842062894e-06,0.0,0.7066256830601093
soft_vote_ensemble,960,0,480,1.7180069842062894e-06,0.0,0.7066256830601093
soft_vote_ensemble,961,0,481,5.2599485818925035e-06,0.0,0.731404958677686
soft_vote_ensemble,962,0,481,5.2599485818925035e-06,0.0,0.731404958677686
soft_vote_ensemble,963,0,482,2.917431399373738e-06,0.0,0.9004476584022039
soft_vote_ensemble,964,0,482,2.917431399373738e-06,0.0,0.9004476584022039
soft_vote_ensemble,965,0,483,1.3458343184381698e-06,0.0,0.6846418732782369
soft_vote_ensemble,966,0,483,1.3458343184381698e-06,0.0,0.6846418732782369
soft_vote_ensemble,967,0,484,2.2292905254250856e-05,0.0,0.5464068292351121
soft_vote_ensemble,968,0,484,2.2292905254250856e-05,0.0,0.5464068292351121
soft_vote_ensemble,969,0,485,4.945669534170924e-05,0.0,0.8059426229508196
soft_vote_ensemble,970,0,485,4.945669534170924e-05,0.0,0.8059426229508196
soft_vote_ensemble,971,0,486,1.078376932142292e-05,0.0,0.5327868852459017
soft_vote_ensemble,972,0,486,1.078376932142292e-05,0.0,0.5327868852459017
soft_vote_ensemble,973,0,487,7.647334393121491e-06,0.0,0.5933539944903581
soft_vote_ensemble,974,0,487,7.647334393121491e-06,0.0,0.5933539944903581
soft_vote_ensemble,975,0,488,1.4702363365165091e-05,0.0,0.5808539944903581
soft_vote_ensemble,976,0,488,1.4702363365165091e-05,0.0,0.5808539944903581
soft_vote_ensemble,977,0,489,7.49344968769846e-06,0.0,0.6166666666666667
soft_vote_ensemble,978,0,489,7.49344968769846e-06,0.0,0.6166666666666667
soft_vote_ensemble,979,0,490,4.52752574328738e-06,0.0,0.8921143250688706
soft_vote_ensemble,980,0,490,4.52752574328738e-06,0.0,0.8921143250688706
soft_vote_ensemble,981,0,491,2.2241910169847143e-05,0.0,0.5236288200769075
soft_vote_ensemble,982,0,491,2.2241910169847143e-05,0.0,0.5236288200769075
soft_vote_ensemble,983,0,492,2.880111674286121e-06,0.0,0.8685320110638872
soft_vote_ensemble,984,0,492,2.880111674286121e-06,0.0,0.8685320110638872
soft_vote_ensemble,985,0,493,2.9506219477419893e-06,0.0,0.7509641873278237
soft_vote_ensemble,986,0,493,2.9506219477419893e-06,0.0,0.7509641873278237
soft_vote_ensemble,987,0,494,5.447471867948361e-06,0.0,0.6975823045267491
soft_vote_ensemble,988,0,494,5.447471867948361e-06,0.0,0.6975823045267491
soft_vote_ensemble,989,0,495,2.564891650109997e-05,0.0,0.5038251366120219
soft_vote_ensemble,990,0,495,2.564891650109997e-05,0.0,0.5038251366120219
soft_vote_ensemble,991,0,496,6.635271076587454e-07,0.0,0.6912681208508332
soft_vote_ensemble,992,0,496,6.635271076587454e-07,0.0,0.6912681208508332
soft_vote_ensemble,993,0,497,1.2291208143737022e-06,0.0,0.698224043715847
soft_vote_ensemble,994,0,497,1.2291208143737022e-06,0.0,0.698224043715847
soft_vote_ensemble,995,0,498,9.256423799791317e-06,0.0,0.5950413223140496
soft_vote_ensemble,996,0,498,9.256423799791317e-06,0.0,0.5950413223140496
soft_vote_ensemble,997,0,499,1.0859208812645649e-05,0.0,0.64121008060402
soft_vote_ensemble,998,0,499,1.0859208812645649e-05,0.0,0.64121008060402
soft_vote_ensemble,999,0,500,8.102890985798554e-07,0.0,0.6762295081967213
soft_vote_ensemble,1000,0,500,8.102890985798554e-07,0.0,0.6762295081967213
soft_vote_ensemble,1001,0,501,2.567164987002694e-07,0.0,0.872189912593953
soft_vote_ensemble,1002,0,501,2.567164987002694e-07,0.0,0.872189912593953
soft_vote_ensemble,1003,0,502,1.3740030125060374e-06,0.0,0.6694214876033058
soft_vote_ensemble,1004,0,502,1.3740030125060374e-06,0.0,0.6694214876033058
soft_vote_ensemble,1005,0,503,0.00019065312042326033,0.0,0.4045402415165621
soft_vote_ensemble,1006,0,503,0.00019065312042326033,0.0,0.4045402415165621
soft_vote_ensemble,1007,0,504,5.531634370817015e-07,0.0,0.7768595041322315
soft_vote_ensemble,1008,0,504,5.531634370817015e-07,0.0,0.7768595041322315
soft_vote_ensemble,1009,0,505,0.00017080953035264793,0.0,0.36098484848484846
soft_vote_ensemble,1010,0,505,0.00017080953035264793,0.0,0.36098484848484846
soft_vote_ensemble,1011,0,506,3.889127675297256e-06,0.0,0.6123694861068598
soft_vote_ensemble,1012,0,506,3.889127675297256e-06,0.0,0.6123694861068598
soft_vote_ensemble,1013,0,507,2.354114722733772e-06,0.0,0.6487704918032787
soft_vote_ensemble,1014,0,507,2.354114722733772e-06,0.0,0.6487704918032787
soft_vote_ensemble,1015,0,508,1.2903676735212917e-05,0.0,0.5891528925619834
soft_vote_ensemble,1016,0,508,1.2903676735212917e-05,0.0,0.5891528925619834
soft_vote_ensemble,1017,0,509,1.282256259977665e-07,0.0,0.9135957187372985
soft_vote_ensemble,1018,0,509,1.282256259977665e-07,0.0,0.9135957187372985
soft_vote_ensemble,1019,0,510,1.6830425227957768e-05,0.0,0.584643002303211
soft_vote_ensemble,1020,0,510,1.6830425227957768e-05,0.0,0.584643002303211
soft_vote_ensemble,1021,0,511,2.6862764546883737e-05,0.0,0.5
soft_vote_ensemble,1022,0,511,2.6862764546883737e-05,0.0,0.5
soft_vote_ensemble,1023,0,512,3.9263349597357824e-05,0.0,0.448559670781893
soft_vote_ensemble,1024,0,512,3.9263349597357824e-05,0.0,0.448559670781893
soft_vote_ensemble,1025,0,513,1.3733964924195507e-05,0.0,0.5693930041152263
soft_vote_ensemble,1026,0,513,1.3733964924195507e-05,0.0,0.5693930041152263
soft_vote_ensemble,1027,0,514,9.152919227231688e-05,0.0,0.36640946502057614
soft_vote_ensemble,1028,0,514,9.152919227231688e-05,0.0,0.36640946502057614
soft_vote_ensemble,1029,0,515,3.8267665267488536e-05,0.0,0.5125
soft_vote_ensemble,1030,0,516,9.532379522599233e-07,0.0,0.6816256830601093
soft_vote_ensemble,1031,0,516,9.532379522599233e-07,0.0,0.6816256830601093
soft_vote_ensemble,1032,0,515,3.8267665267488536e-05,0.0,0.5125
soft_vote_ensemble,1033,0,517,0.0001839213167760773,0.0,0.32499999999999996
soft_vote_ensemble,1034,0,517,0.0001839213167760773,0.0,0.32499999999999996
soft_vote_ensemble,1035,0,518,6.084637112775881e-06,0.0,0.7523224043715847
soft_vote_ensemble,1036,0,518,6.084637112775881e-06,0.0,0.7523224043715847
soft_vote_ensemble,1037,0,519,1.5074883687268781e-05,0.0,0.7695434223005013
soft_vote_ensemble,1038,0,519,1.5074883687268781e-05,0.0,0.7695434223005013
soft_vote_ensemble,1039,0,520,1.9231162746736307e-05,0.0,0.6049315810865736
soft_vote_ensemble,1040,0,520,1.9231162746736307e-05,0.0,0.6049315810865736
soft_vote_ensemble,1041,0,521,5.294584362394336e-06,0.0,0.6639344262295082
soft_vote_ensemble,1042,0,521,5.294584362394336e-06,0.0,0.6639344262295082
soft_vote_ensemble,1043,0,522,0.0001239769730818272,0.0,0.38802873912163527
soft_vote_ensemble,1044,0,522,0.0001239769730818272,0.0,0.38802873912163527
soft_vote_ensemble,1045,0,523,0.0001511016955292943,0.0,0.3703766427313372
soft_vote_ensemble,1046,0,523,0.0001511016955292943,0.0,0.3703766427313372
soft_vote_ensemble,1047,0,524,6.962567743374565e-05,0.0,0.4173497267759563
soft_vote_ensemble,1048,0,524,6.962567743374565e-05,0.0,0.4173497267759563
soft_vote_ensemble,1049,0,525,0.00039418562114400604,0.0,0.3168608589622003
soft_vote_ensemble,1050,0,525,0.00039418562114400604,0.0,0.3168608589622003
soft_vote_ensemble,1051,0,526,4.2509182707678464e-05,0.0,0.4380165289256198
soft_vote_ensemble,1052,0,526,4.2509182707678464e-05,0.0,0.4380165289256198
soft_vote_ensemble,1053,0,527,9.937768356965703e-07,0.0,0.7355371900826446
soft_vote_ensemble,1054,0,527,9.937768356965703e-07,0.0,0.7355371900826446
soft_vote_ensemble,1055,0,528,1.8843839374933077e-05,0.0,0.5352961432506886
soft_vote_ensemble,1056,0,528,1.8843839374933077e-05,0.0,0.5352961432506886
soft_vote_ensemble,1057,0,529,1.3916278787999724e-05,0.0,0.5770087026917627
soft_vote_ensemble,1058,0,529,1.3916278787999724e-05,0.0,0.5770087026917627
soft_vote_ensemble,1059,0,530,9.701987724222388e-06,0.0,0.5942622950819672
soft_vote_ensemble,1060,0,530,9.701987724222388e-06,0.0,0.5942622950819672
soft_vote_ensemble,1061,0,531,3.751845292735405e-05,0.0,0.5554802872239534
soft_vote_ensemble,1062,0,531,3.751845292735405e-05,0.0,0.5554802872239534
soft_vote_ensemble,1063,0,532,1.3912051868127854e-06,0.0,0.6756223436551305
soft_vote_ensemble,1064,0,532,1.3912051868127854e-06,0.0,0.6756223436551305
soft_vote_ensemble,1065,0,533,0.00045007440240611956,0.0,0.27386363636363636
soft_vote_ensemble,1066,0,533,0.00045007440240611956,0.0,0.27386363636363636
soft_vote_ensemble,1067,0,534,2.1315791710575423e-05,0.0,0.5330578512396694
soft_vote_ensemble,1068,0,534,2.1315791710575423e-05,0.0,0.5330578512396694
soft_vote_ensemble,1069,0,535,0.0005773864659045543,0.0,0.34979423868312753
soft_vote_ensemble,1070,0,535,0.0005773864659045543,0.0,0.34979423868312753
soft_vote_ensemble,1071,0,536,2.7646117877122173e-06,0.0,0.6265495867768596
soft_vote_ensemble,1072,0,536,2.7646117877122173e-06,0.0,0.6265495867768596
soft_vote_ensemble,1073,0,537,1.3099711359522399e-05,0.0,0.5859567901234568
soft_vote_ensemble,1074,0,537,1.3099711359522399e-05,0.0,0.5859567901234568
soft_vote_ensemble,1075,0,538,4.3522565083084176e-07,0.0,0.8256198347107438
soft_vote_ensemble,1076,0,538,4.3522565083084176e-07,0.0,0.8256198347107438
soft_vote_ensemble,1077,0,539,5.819336208672435e-06,0.0,0.6742509267761794
soft_vote_ensemble,1078,0,539,5.819336208672435e-06,0.0,0.6742509267761794
soft_vote_ensemble,1079,0,540,4.109822693689765e-07,0.0,0.9094296165831188
soft_vote_ensemble,1080,0,540,4.109822693689765e-07,0.0,0.9094296165831188
soft_vote_ensemble,1081,0,541,6.508437461824673e-07,0.0,0.7448855168676332
soft_vote_ensemble,1082,0,541,6.508437461824673e-07,0.0,0.7448855168676332
soft_vote_ensemble,1083,0,542,1.4910454840431198e-05,0.0,0.5514157973174366
soft_vote_ensemble,1084,0,542,1.4910454840431198e-05,0.0,0.5514157973174366
soft_vote_ensemble,1085,0,543,1.4234827801214914e-05,0.0,0.5454545454545454
soft_vote_ensemble,1086,0,543,1.4234827801214914e-05,0.0,0.5454545454545454
soft_vote_ensemble,1087,0,544,0.0005861521552901905,0.0,0.26871584699453555
soft_vote_ensemble,1088,0,544,0.0005861521552901905,0.0,0.26871584699453555
soft_vote_ensemble,1089,0,545,7.162483079437528e-06,0.0,0.5967078189300411
soft_vote_ensemble,1090,0,545,7.162483079437528e-06,0.0,0.5967078189300411
soft_vote_ensemble,1091,0,546,9.478732113078899e-06,0.0,0.5867768595041323
soft_vote_ensemble,1092,0,546,9.478732113078899e-06,0.0,0.5867768595041323
soft_vote_ensemble,1093,0,547,2.3386066363757564e-05,0.0,0.5092677617930144
soft_vote_ensemble,1094,0,547,2.3386066363757564e-05,0.0,0.5092677617930144
soft_vote_ensemble,1095,0,548,1.753935052131638e-05,0.0,0.5392906336088155
soft_vote_ensemble,1096,0,548,1.753935052131638e-05,0.0,0.5392906336088155
soft_vote_ensemble,1097,0,549,9.875850460776753e-06,0.0,0.7731694044825358
soft_vote_ensemble,1098,0,549,9.875850460776753e-06,0.0,0.7731694044825358
soft_vote_ensemble,1099,0,550,2.02208372375154e-05,0.0,0.5175322246029317
soft_vote_ensemble,1100,0,550,2.02208372375154e-05,0.0,0.5175322246029317
soft_vote_ensemble,1101,0,551,1.0666895938306355e-05,0.0,0.5760398320010839
soft_vote_ensemble,1102,0,551,1.0666895938306355e-05,0.0,0.5760398320010839
soft_vote_ensemble,1103,0,552,6.925323211896033e-05,0.0,0.4297520661157025
soft_vote_ensemble,1104,0,552,6.925323211896033e-05,0.0,0.4297520661157025
soft_vote_ensemble,1105,0,553,1.3398272862273874e-05,0.0,0.6082712648369214
soft_vote_ensemble,1106,0,553,1.3398272862273874e-05,0.0,0.6082712648369214
soft_vote_ensemble,1107,0,554,0.0004961811171587849,0.0,0.3223360655737705
soft_vote_ensemble,1108,0,554,0.0004961811171587849,0.0,0.3223360655737705
soft_vote_ensemble,1109,0,555,1.0331300380459257e-05,0.0,0.6099173553719008
soft_vote_ensemble,1110,0,555,1.0331300380459257e-05,0.0,0.6099173553719008
soft_vote_ensemble,1111,0,556,1.5186044763164394e-05,0.0,0.6074380165289256
soft_vote_ensemble,1112,0,556,1.5186044763164394e-05,0.0,0.6074380165289256
soft_vote_ensemble,1113,0,557,1.1580122517925888e-05,0.0,0.5809228650137741
soft_vote_ensemble,1114,0,557,1.1580122517925888e-05,0.0,0.5809228650137741
soft_vote_ensemble,1115,0,558,2.5897091029428413e-05,0.0,0.49586776859504134
soft_vote_ensemble,1116,0,558,2.5897091029428413e-05,0.0,0.49586776859504134
soft_vote_ensemble,1117,0,559,9.29880217587846e-06,0.0,0.5655737704918034
soft_vote_ensemble,1118,0,559,9.29880217587846e-06,0.0,0.5655737704918034
soft_vote_ensemble,1119,0,560,1.758328082764264e-05,0.0,0.5430158515106354
soft_vote_ensemble,1120,0,560,1.758328082764264e-05,0.0,0.5430158515106354
soft_vote_ensemble,1121,0,561,4.9984623225317825e-06,0.0,0.7314207650273223
soft_vote_ensemble,1122,0,561,4.9984623225317825e-06,0.0,0.7314207650273223
soft_vote_ensemble,1123,0,562,7.012915716789112e-06,0.0,0.5885042677144019
soft_vote_ensemble,1124,0,562,7.012915716789112e-06,0.0,0.5885042677144019
soft_vote_ensemble,1125,0,563,1.1312242259467415e-05,0.0,0.5523848073939148
soft_vote_ensemble,1126,0,563,1.1312242259467415e-05,0.0,0.5523848073939148
soft_vote_ensemble,1127,0,564,7.778981990267625e-05,0.0,0.3677685950413223
soft_vote_ensemble,1128,0,564,7.778981990267625e-05,0.0,0.3677685950413223
soft_vote_ensemble,1129,0,565,0.0003934415734364085,0.0,0.2945936639118457
soft_vote_ensemble,1130,0,565,0.0003934415734364085,0.0,0.2945936639118457
soft_vote_ensemble,1131,0,566,1.0884221100234643e-06,0.0,0.6929407713498623
soft_vote_ensemble,1132,0,566,1.0884221100234643e-06,0.0,0.6929407713498623
soft_vote_ensemble,1133,0,567,6.944191133676356e-05,0.0,0.39669421487603307
soft_vote_ensemble,1134,0,567,6.944191133676356e-05,0.0,0.39669421487603307
soft_vote_ensemble,1135,0,568,0.00016836845788414316,0.0,0.36363636363636365
soft_vote_ensemble,1136,0,568,0.00016836845788414316,0.0,0.36363636363636365
soft_vote_ensemble,1137,0,569,7.311567657977018e-05,0.0,0.3909023167592467
soft_vote_ensemble,1138,0,569,7.311567657977018e-05,0.0,0.3909023167592467
soft_vote_ensemble,1139,0,570,6.1873671014237784e-06,0.0,0.6680327868852458
soft_vote_ensemble,1140,0,570,6.1873671014237784e-06,0.0,0.6680327868852458
soft_vote_ensemble,1141,0,571,2.2698760259721438e-05,0.0,0.5975550964187328
soft_vote_ensemble,1142,0,571,2.2698760259721438e-05,0.0,0.5975550964187328
soft_vote_ensemble,1143,0,572,5.558957409115666e-06,0.0,0.7448516461184121
soft_vote_ensemble,1144,0,572,5.558957409115666e-06,0.0,0.7448516461184121
soft_vote_ensemble,1145,0,573,5.589378636420847e-06,0.0,0.6996341959084135
soft_vote_ensemble,1146,0,573,5.589378636420847e-06,0.0,0.6996341959084135
soft_vote_ensemble,1147,0,574,1.5358681100994944e-05,0.0,0.5628677345849062
soft_vote_ensemble,1148,0,574,1.5358681100994944e-05,0.0,0.5628677345849062
soft_vote_ensemble,1149,0,575,2.0553732963902548e-07,0.0,0.8629820936639119
soft_vote_ensemble,1150,0,575,2.0553732963902548e-07,0.0,0.8629820936639119
soft_vote_ensemble,1151,0,576,2.980107326138879e-05,0.0,0.45344650205761317
soft_vote_ensemble,1152,0,576,2.980107326138879e-05,0.0,0.45344650205761317
soft_vote_ensemble,1153,0,577,3.265604927005823e-06,0.0,0.6833333333333333
soft_vote_ensemble,1154,0,577,3.265604927005823e-06,0.0,0.6833333333333333
soft_vote_ensemble,1155,0,578,1.6816139675108535e-06,0.0,0.6831275720164609
soft_vote_ensemble,1156,0,578,1.6816139675108535e-06,0.0,0.6831275720164609
soft_vote_ensemble,1157,0,579,2.5670660190979338e-05,0.0,0.5166666666666666
soft_vote_ensemble,1158,0,579,2.5670660190979338e-05,0.0,0.5166666666666666
soft_vote_ensemble,1159,0,580,1.2481415913604915e-05,0.0,0.7219696969696969
soft_vote_ensemble,1160,0,580,1.2481415913604915e-05,0.0,0.7219696969696969
soft_vote_ensemble,1161,0,581,3.1884002826721187e-06,0.0,0.7855490936299017
soft_vote_ensemble,1162,0,581,3.1884002826721187e-06,0.0,0.7855490936299017
soft_vote_ensemble,1163,0,582,0.0001609223717500482,0.0,0.4650115160547351
soft_vote_ensemble,1164,0,582,0.0001609223717500482,0.0,0.4650115160547351
soft_vote_ensemble,1165,0,583,1.000195882696959e-05,0.0,0.5725895316804408
soft_vote_ensemble,1166,0,583,1.000195882696959e-05,0.0,0.5725895316804408
soft_vote_ensemble,1167,0,584,3.593212664124974e-05,0.0,0.49586776859504134
soft_vote_ensemble,1168,0,584,3.593212664124974e-05,0.0,0.49586776859504134
soft_vote_ensemble,1169,0,585,7.795511011856117e-06,0.0,0.6363636363636364
soft_vote_ensemble,1170,0,585,7.795511011856117e-06,0.0,0.6363636363636364
soft_vote_ensemble,1171,0,586,1.118631397734359e-05,0.0,0.5809573002754821
soft_vote_ensemble,1172,0,586,1.118631397734359e-05,0.0,0.5809573002754821
soft_vote_ensemble,1173,0,587,6.560492711165733e-05,0.0,0.40075136612021856
soft_vote_ensemble,1174,0,587,6.560492711165733e-05,0.0,0.40075136612021856
soft_vote_ensemble,1175,0,588,6.174130526005984e-06,0.0,0.6501829020457932
soft_vote_ensemble,1176,0,588,6.174130526005984e-06,0.0,0.6501829020457932
soft_vote_ensemble,1177,0,589,1.4255801910030905e-05,0.0,0.7857191443050029
soft_vote_ensemble,1178,0,589,1.4255801910030905e-05,0.0,0.7857191443050029
soft_vote_ensemble,1179,0,590,1.055057129420204e-05,0.0,0.8683443977780788
soft_vote_ensemble,1180,0,590,1.055057129420204e-05,0.0,0.8683443977780788
soft_vote_ensemble,1181,0,591,1.42117674098758e-07,0.0,0.9294421487603306
soft_vote_ensemble,1182,0,591,1.42117674098758e-07,0.0,0.9294421487603306
soft_vote_ensemble,1183,0,592,1.1537460858867878e-05,0.0,0.5702479338842975
soft_vote_ensemble,1184,0,592,1.1537460858867878e-05,0.0,0.5702479338842975
soft_vote_ensemble,1185,0,593,4.104057871449185e-05,0.0,0.4639322518110397
soft_vote_ensemble,1186,0,593,4.104057871449185e-05,0.0,0.4639322518110397
soft_vote_ensemble,1187,0,594,2.5504921801990884e-05,0.0,0.5021005509641874
soft_vote_ensemble,1188,0,594,2.5504921801990884e-05,0.0,0.5021005509641874
soft_vote_ensemble,1189,0,595,5.4616387097330935e-05,0.0,0.5041666666666667
soft_vote_ensemble,1190,0,596,8.347175678809304e-06,0.0,0.5926026283701396
soft_vote_ensemble,1191,0,595,5.4616387097330935e-05,0.0,0.5041666666666667
soft_vote_ensemble,1192,0,596,8.347175678809304e-06,0.0,0.5926026283701396
soft_vote_ensemble,1193,0,597,9.086426213968304e-06,0.0,0.6900826446280992
soft_vote_ensemble,1194,0,597,9.086426213968304e-06,0.0,0.6900826446280992
soft_vote_ensemble,1195,0,598,1.1580908178706611e-05,0.0,0.6262902246508804
soft_vote_ensemble,1196,0,598,1.1580908178706611e-05,0.0,0.6262902246508804
soft_vote_ensemble,1197,0,599,6.683166285710994e-06,0.0,0.7316939890710383
soft_vote_ensemble,1198,0,599,6.683166285710994e-06,0.0,0.7316939890710383
soft_vote_ensemble,1199,0,600,5.0555277784241415e-06,0.0,0.7238036935006632
soft_vote_ensemble,1200,0,600,5.0555277784241415e-06,0.0,0.7238036935006632
soft_vote_ensemble,1201,0,601,9.201555332239695e-05,0.0,0.42677617930143186
soft_vote_ensemble,1202,0,601,9.201555332239695e-05,0.0,0.42677617930143186
soft_vote_ensemble,1203,0,602,6.826022559216292e-05,0.0,0.3983126721763085
soft_vote_ensemble,1204,0,602,6.826022559216292e-05,0.0,0.3983126721763085
soft_vote_ensemble,1205,0,603,0.00039341833025454754,0.0,0.2977467449234298
soft_vote_ensemble,1206,0,603,0.00039341833025454754,0.0,0.2977467449234298
soft_vote_ensemble,1207,0,604,0.05104046885041267,0.0,0.27083333333333337
soft_vote_ensemble,1208,0,604,0.05104046885041267,0.0,0.27083333333333337
soft_vote_ensemble,1209,0,605,0.0762833678742606,0.3,0.1598360655737705
soft_vote_ensemble,1210,0,605,0.0762833678742606,0.3,0.1598360655737705
